            0.000055            0.051870            0.000000            1.570796            4.742095            0.000000            1.570796          143.020000
            0.000110            0.051870            0.000000            1.570796            0.059412            0.000000            0.000000          143.020000
            0.000164            0.051870            0.000000            1.570796            4.801508            6.283185            1.570796          143.020000
            0.000219            0.051870            0.000000            1.570796            3.260417            6.283185            3.141593          143.020000
            0.000274            0.051870            0.000000            1.570796            4.860920            6.283185            1.570796          143.020000
            0.000329            0.051870            0.000000            1.570796            4.890626            6.283185            1.570796          143.020000
            0.000383            0.051870            0.000000            1.570796            3.349536            6.283185            3.141593          143.020000
            0.000438            0.051870            0.000000            1.570796            3.379242            6.283185            3.141593          143.020000
            0.000493            0.051870            0.000000            1.570796            3.408948            6.283185            3.141593          143.020000
            0.000548            0.051870            0.000000            1.570796            3.438655            6.283185            3.141593          143.020000
            0.000602            0.051870            0.000000            1.570796            3.468361            6.283185            3.141593          143.020000
            0.000657            0.051870            0.000000            1.570796            3.498067            0.000000            3.141593          143.020000
            0.000712            0.051870            0.000000            1.570796            3.527773            0.000000            3.141593          143.020000
            0.000767            0.051870            0.000000            1.570796            3.557479            6.283185            3.141593          143.020000
            0.000821            0.051870            0.000000            1.570796            3.587186            0.000000            3.141593          143.020000
            0.000876            0.051870            0.000000            1.570796            0.475299            0.000000            0.000000          143.020000
            0.000931            0.051870            0.000000            1.570796            0.505005            0.000000            0.000000          143.020000
            0.000986            0.051870            0.000000            1.570796            5.247101            0.000000            1.570796          143.020000
            0.001040            0.051870            0.000000            1.570796            5.276807            0.000000            1.570796          143.020000
            0.001095            0.051870            0.000000            1.570796            5.306513            6.283185            1.570796          143.020000
            0.001150            0.051870            0.000000            1.570796            3.765423            6.283185            3.141593          143.020000
            0.001205            0.051870            0.000000            1.570796            5.365925            6.283185            1.570796          143.020000
            0.001259            0.051870            0.000000            1.570796            3.824835            6.283185            3.141593          143.020000
            0.001314            0.051870            0.000000            1.570796            3.854542            6.283185            3.141593          143.020000
            0.001369            0.051870            0.000000            1.570796            3.884248            6.283185            3.141593          143.020000
            0.001424            0.051870            0.000000            1.570796            5.484750            6.283185            1.570796          143.020000
            0.001478            0.051870            0.000000            1.570796            5.514456            6.283185            1.570796          143.020000
            0.001533            0.051870            0.000000            1.570796            3.973366            6.283185            3.141593          143.020000
            0.001588            0.051870            0.000000            1.570796            4.003073            6.283185            3.141593          143.020000
            0.001643            0.051870            0.000000            1.570796            4.032779            6.283185            3.141593          143.020000
            0.001697            0.051870            0.000000            1.570796            4.062485            6.283185            3.141593          143.020000
            0.001752            0.051870            0.000000            1.570796            4.092191            6.283185            3.141593          143.020000
            0.001807            0.051870            0.000000            1.570796            5.692694            6.283185            1.570796          143.020000
            0.001862            0.051870            0.000000            1.570796            4.151604            6.283185            3.141593          143.020000
            0.001916            0.051870            0.000000            1.570796            1.039717            6.283185            0.000000          143.020000
            0.001971            0.051870            0.000000            1.570796            1.069423            6.283185            0.000000          143.020000
            0.002026            0.051870            0.000000            1.570796            1.099129            6.283185            0.000000          143.020000
            0.002081            0.051870            0.000000            1.570796            1.128836            6.283185            0.000000          143.020000
            0.002136            0.051870            0.000000            1.570796            5.870931            6.283185            1.570796          143.020000
            0.002190            0.051870            0.000000            1.570796            5.900637            6.283185            1.570796          143.020000
            0.002245            0.051870            0.000000            1.570796            5.930343            6.283185            1.570796          143.020000
            0.002300            0.051870            0.000000            1.570796            5.960050            6.283185            1.570796          143.020000
            0.002355            0.051870            0.000000            1.570796            5.989756            6.283185            1.570796          143.020000
            0.002409            0.051870            0.000000            1.570796            1.307073            6.283185            0.000000          143.020000
            0.002464            0.051870            0.000000            1.570796            6.049168            6.283185            1.570796          143.020000
            0.002519            0.051870            0.000000            1.570796            6.078874            6.283185            1.570796          143.020000
            0.002574            0.051870            0.000000            1.570796            6.108580            6.283185            1.570796          143.020000
            0.002628            0.051870            0.000000            1.570796            4.567490            6.283185            3.141593          143.020000
            0.002683            0.051870            0.000000            1.570796            1.455604            6.283185            0.000000          143.020000
            0.002738            0.051870            0.000000            1.570796            6.197699            6.283185            1.570796          143.020000
            0.002793            0.051870            0.000000            1.570796            1.515016            6.283185            0.000000          143.020000
            0.002847            0.051870            0.000000            1.570796            1.544723            6.283185            0.000000          143.020000
            0.002902            0.051870            0.000000            1.570796            0.003632            6.283185            1.570796          143.020000
            0.002957            0.051870            0.000000            1.570796            0.033339            6.283185            1.570796          143.020000
            0.003012            0.051870            0.000000            1.570796            1.633841            6.283185            0.000000          143.020000
            0.003066            0.051870            0.000000            1.570796            1.663547            6.283185            0.000000          143.020000
            0.003121            0.051870            0.000000            1.570796            0.122457            6.283185            1.570796          143.020000
            0.003176            0.051870            0.000000            1.570796            1.722960            6.283185            0.000000          143.020000
            0.003231            0.051870            0.000000            1.570796            1.752666            6.283185            0.000000          143.020000
            0.003285            0.051870            0.000000            1.570796            1.782372            6.283185            0.000000          143.020000
            0.003340            0.051870            0.000000            1.570796            1.812078            6.283185            0.000000          143.020000
            0.003395            0.051870            0.000000            1.570796            1.841785            6.283185            0.000000          143.020000
            0.003450            0.051870            0.000000            1.570796            1.871491            6.283185            0.000000          143.020000
            0.003504            0.051870            0.000000            1.570796            1.901197            6.283185            0.000000          143.020000
            0.003559            0.051870            0.000000            1.570796            1.930903            6.283185            0.000000          143.020000
            0.003614            0.051870            0.000000            1.570796            1.960609            6.283185            0.000000          143.020000
            0.003669            0.051870            0.000000            1.570796            1.990316            6.283185            0.000000          143.020000
            0.003723            0.051870            0.000000            1.570796            0.449226            6.283185            1.570796          143.020000
            0.003778            0.051870            0.000000            1.570796            0.478932            6.283185            1.570796          143.020000
            0.003833            0.051870            0.000000            1.570796            0.508638            6.283185            1.570796          143.020000
            0.003888            0.051870            0.000000            1.570796            2.109140            6.283185            0.000000          143.020000
            0.003943            0.051870            0.000000            1.570796            2.138847            6.283185            0.000000          143.020000
            0.003997            0.051870            0.000000            1.570796            2.168553            6.283185            0.000000          143.020000
            0.004052            0.051870            0.000000            1.570796            2.198259            6.283185            0.000000          143.020000
            0.004107            0.051870            0.000000            1.570796            0.657169            6.283185            1.570796          143.020000
            0.004162            0.051870            0.000000            1.570796            2.257671            6.283185            0.000000          143.020000
            0.004216            0.051870            0.000000            1.570796            2.287378            6.283185            0.000000          143.020000
            0.004271            0.051870            0.000000            1.570796            2.317084            6.283185            0.000000          143.020000
            0.004326            0.051870            0.000000            1.570796            0.775994            6.283185            1.570796          143.020000
            0.004381            0.051870            0.000000            1.570796            2.376496            6.283185            0.000000          143.020000
            0.004435            0.051870            0.000000            1.570796            0.835406            6.283185            1.570796          143.020000
            0.004490            0.051870            0.000000            1.570796            2.435909            6.283185            0.000000          143.020000
            0.004545            0.051870            0.000000            1.570796            2.465615            6.283185            0.000000          143.020000
            0.004600            0.051870            0.000000            1.570796            2.495321            6.283185            0.000000          143.020000
            0.004654            0.051870            0.000000            1.570796            2.525027            6.283185            0.000000          143.020000
            0.004709            0.051870            0.000000            1.570796            0.983937            6.283185            1.570796          143.020000
            0.004764            0.051870            0.000000            1.570796            2.584440            6.283185            0.000000          143.020000
            0.004819            0.051870            0.000000            1.570796            1.043349            6.283185            1.570796          143.020000
            0.004873            0.051870            0.000000            1.570796            1.073056            6.283185            1.570796          143.020000
            0.004928            0.051870            0.000000            1.570796            2.673558            6.283185            0.000000          143.020000
            0.004983            0.051870            0.000000            1.570796            2.703264            6.283185            0.000000          143.020000
            0.005038            0.051870            0.000000            1.570796            5.874563            6.283185            3.141593          143.020000
            0.005092            0.051870            0.000000            1.570796            5.904269            6.283185            3.141593          143.020000
            0.005147            0.051870            0.000000            1.570796            5.933976            6.283185            3.141593          143.020000
            0.005202            0.051870            0.000000            1.570796            5.963682            6.283185            3.141593          143.020000
            0.005257            0.051870            0.000000            1.570796            1.280999            6.283185            1.570796          143.020000
            0.005311            0.051870            0.000000            1.570796            6.023094            6.283185            3.141593          143.020000
            0.005366            0.051870            0.000000            1.570796            6.052800            6.283185            3.141593          143.020000
            0.005421            0.051870            0.000000            1.570796            6.082507            6.283185            3.141593          143.020000
            0.005476            0.051870            0.000000            1.570796            6.112213            6.283185            3.141593          143.020000
            0.005530            0.051870            0.000000            1.570796            6.141919            6.283185            3.141593          143.020000
            0.005585            0.051870            0.000000            1.570796            6.171625            6.283185            3.141593          143.020000
            0.005640            0.051870            0.000000            1.570796            1.488942            6.283185            1.570796          143.020000
            0.005695            0.051870            0.000000            1.570796            6.231038            6.283185            3.141593          143.020000
            0.005749            0.051870            0.000000            1.570796            6.260744            6.283185            3.141593          143.020000
            0.005804            0.051870            0.000000            1.570796            0.007265            6.283185            3.141593          143.020000
            0.005859            0.051870            0.000000            1.570796            1.607767            6.283185            1.570796          143.020000
            0.005914            0.051870            0.000000            1.570796            0.066677            6.283185            3.141593          143.020000
            0.005969            0.051870            0.000000            1.570796            0.096383            6.283185            3.141593          143.020000
            0.006023            0.051870            0.000000            1.570796            0.126090            6.283185            3.141593          143.020000
            0.006078            0.051870            0.000000            1.570796            0.155796            6.283185            3.141593          143.020000
            0.006133            0.051870            0.000000            1.570796            0.185502            6.283185            3.141593          143.020000
            0.006188            0.051870            0.000000            1.570796            1.786004            6.283185            1.570796          143.020000
            0.006242            0.051870            0.000000            1.570796            1.815711            6.283185            1.570796          143.020000
            0.006297            0.051870            0.000000            1.570796            0.274621            6.283185            3.141593          143.020000
            0.006352            0.051870            0.000000            1.570796            1.875123            6.283185            1.570796          143.020000
            0.006407            0.051870            0.000000            1.570796            1.904829            6.283185            1.570796          143.020000
            0.006461            0.051870            0.000000            1.570796            1.934535            6.283185            1.570796          143.020000
            0.006516            0.051870            0.000000            1.570796            0.393445            6.283185            3.141593          143.020000
            0.006571            0.051870            0.000000            1.570796            0.423152            6.283185            3.141593          143.020000
            0.006626            0.051870            0.000000            1.570796            0.452858            6.283185            3.141593          143.020000
            0.006680            0.051870            0.000000            1.570796            0.482564            6.283185            3.141593          143.020000
            0.006735            0.051870            0.000000            1.570796            0.512270            6.283185            3.141593          143.020000
            0.006790            0.051870            0.000000            1.570796            0.541976            6.283185            3.141593          143.020000
            0.006845            0.051870            0.000000            1.570796            2.142479            6.283185            1.570797          143.020000
            0.006899            0.051870            0.000000            1.570796            2.172185            6.283185            1.570797          143.020000
            0.006954            0.051870            0.000000            1.570796            0.631095            6.283185            3.141593          143.020000
            0.007009            0.051870            0.000000            1.570796            0.660801            6.283185            3.141593          143.020000
            0.007064            0.051870            0.000000            1.570796            2.261303            6.283185            1.570797          143.020000
            0.007118            0.051870            0.000000            1.570796            0.720214            6.283185            3.141593          143.020000
            0.007173            0.051870            0.000000            1.570796            0.749920            6.283185            3.141593          143.020000
            0.007228            0.051870            0.000000            1.570796            0.779626            6.283185            3.141593          143.020000
            0.007283            0.051870            0.000000            1.570796            2.380128            6.283185            1.570797          143.020000
            0.007337            0.051870            0.000000            1.570796            0.839038            6.283185            3.141593          143.020000
            0.007392            0.051870            0.000000            1.570796            0.868745            6.283185            3.141593          143.020000
            0.007447            0.051870            0.000000            1.570796            0.898451            6.283185            3.141593          143.020000
            0.007502            0.051870            0.000000            1.570796            0.928157            6.283185            3.141593          143.020000
            0.007556            0.051870            0.000000            1.570796            0.957863            6.283185            3.141593          143.020000
            0.007611            0.051870            0.000000            1.570796            0.987569            6.283185            3.141593          143.020000
            0.007666            0.051870            0.000000            1.570796            1.017276            6.283185            3.141593          143.020000
            0.007721            0.051870            0.000000            1.570796            1.046982            6.283185            3.141593          143.020000
            0.007775            0.051870            0.000000            1.570796            2.647484            6.283185            1.570796          143.020000
            0.007830            0.051870            0.000000            1.570796            1.106394            6.283185            3.141593          143.020000
            0.007885            0.051870            0.000000            1.570796            1.136100            6.283185            3.141593          143.020000
            0.007940            0.051870            0.000000            1.570796            1.165807            6.283185            3.141593          143.020000
            0.007995            0.051870            0.000000            1.570796            1.195513            6.283185            3.141593          143.020000
            0.008049            0.051870            0.000000            1.570796            1.225219            6.283185            3.141593          143.020000
            0.008104            0.051870            0.000000            1.570796            2.825721            6.283185            1.570796          143.020000
            0.008159            0.051870            0.000000            1.570796            1.284631            6.283185            3.141593          143.020000
            0.008214            0.051870            0.000000            1.570796            2.885134            6.283185            1.570796          143.020000
            0.008268            0.051870            0.000000            1.570796            1.344044            6.283185            3.141593          143.020000
            0.008323            0.051870            0.000000            1.570796            2.944546            6.283185            1.570796          143.020000
            0.008378            0.051870            0.000000            1.570796            1.403456            6.283185            3.141593          143.020000
            0.008433            0.051870            0.000000            1.570796            1.433162            6.283185            3.141593          143.020000
            0.008487            0.051870            0.000000            1.570796            4.604461            6.283185            0.000000          143.020000
            0.008542            0.051870            0.000000            1.570796            4.634168            6.283185            0.000000          143.020000
            0.008597            0.051870            0.000000            1.570796            3.093077            6.283185            1.570796          143.020000
            0.008652            0.051870            0.000000            1.570796            1.551987            6.283185            3.141593          143.020000
            0.008706            0.051870            0.000000            1.570796            1.581693            6.283185            3.141593          143.020000
            0.008761            0.051870            0.000000            1.570796            3.182196            6.283185            1.570796          143.020000
            0.008816            0.051870            0.000000            1.570796            3.211902            6.283185            1.570796          143.020000
            0.008871            0.051870            0.000000            1.570796            3.241608            6.283185            1.570796          143.020000
            0.008925            0.051870            0.000000            1.570796            4.842111            6.283185            0.000000          143.020000
            0.008980            0.051870            0.000000            1.570796            4.871817            6.283185            0.000000          143.020000
            0.009035            0.051870            0.000000            1.570796            3.330727            6.283185            1.570796          143.020000
            0.009090            0.051870            0.000000            1.570796            3.360433            6.283185            1.570796          143.020000
            0.009144            0.051870            0.000000            1.570796            1.819343            6.283185            3.141593          143.020000
            0.009199            0.051870            0.000000            1.570796            1.849049            6.283185            3.141593          143.020000
            0.009254            0.051870            0.000000            1.570796            1.878756            6.283185            3.141593          143.020000
            0.009309            0.051870            0.000000            1.570796            1.908462            6.283185            3.141593          143.020000
            0.009363            0.051870            0.000000            1.570796            1.938168            6.283185            3.141593          143.020000
            0.009418            0.051870            0.000000            1.570796            1.967874            6.283185            3.141593          143.020000
            0.009473            0.051870            0.000000            1.570796            1.997580            6.283185            3.141593          143.020000
            0.009528            0.051870            0.000000            1.570796            3.598083            6.283185            1.570796          143.020000
            0.009582            0.051870            0.000000            1.570796            3.627789            6.283185            1.570796          143.020000
            0.009637            0.051870            0.000000            1.570796            3.657495            6.283185            1.570796          143.020000
            0.009692            0.051870            0.000000            1.570796            5.257998            6.283185            0.000000          143.020000
            0.009747            0.051870            0.000000            1.570796            5.287704            6.283185            0.000000          143.020000
            0.009802            0.051870            0.000000            1.570796            5.317410            6.283185            0.000000          143.020000
            0.009856            0.051870            0.000000            1.570796            5.347116            6.283185            0.000000          143.020000
            0.009911            0.051870            0.000000            1.570796            5.376823            6.283185            0.000000          143.020000
            0.009966            0.051870            0.000000            1.570796            5.406529            6.283185            0.000000          143.020000
            0.010021            0.051870            0.000000            1.570796            5.436235            6.283185            0.000000          143.020000
            0.010103            0.051870            0.000000            1.570796            5.480794            6.283185            0.000000          143.020000
            0.010157            0.051870            0.000000            1.570796            5.510500            6.283185            0.000000          143.020000
            0.010212            0.051870            0.000000            1.570796            3.969410            6.283185            1.570796          143.020000
            0.010267            0.051870            0.000000            1.570796            5.569913            6.283185            0.000000          143.020000
            0.010322            0.051870            0.000000            1.570796            5.599619            6.283185            0.000000          143.020000
            0.010376            0.051870            0.000000            1.570796            5.629325            6.283185            0.000000          143.020000
            0.010431            0.051870            0.000000            1.570796            4.088235            6.283185            1.570796          143.020000
            0.010486            0.051870            0.000000            1.570796            5.688738            6.283185            0.000000          143.020000
            0.010541            0.051870            0.000000            1.570796            5.718444            6.283185            0.000000          143.020000
            0.010595            0.051870            0.000000            1.570796            4.177354            6.283185            1.570796          143.020000
            0.010650            0.051870            0.000000            1.570796            4.207060            6.283185            1.570796          143.020000
            0.010705            0.051870            0.000000            1.570796            5.807563            6.283185            0.000000          143.020000
            0.010760            0.051870            0.000000            1.570796            5.837269            6.283185            0.000000          143.020000
            0.010815            0.051870            0.000000            1.570796            4.296179            6.283185            1.570796          143.020000
            0.010869            0.051870            0.000000            1.570796            4.325885            6.283185            1.570796          143.020000
            0.010924            0.051870            0.000000            1.570796            4.355591            6.283185            1.570796          143.020000
            0.010979            0.051870            0.000000            1.570796            5.956094            6.283185            0.000000          143.020000
            0.011034            0.051870            0.000000            1.570796            5.985800            6.283185            0.000000          143.020000
            0.011088            0.051870            0.000000            1.570796            4.444710            6.283185            1.570796          143.020000
            0.011143            0.051870            0.000000            1.570796            6.045212            6.283185            0.000000          143.020000
            0.011198            0.051870            0.000000            1.570796            6.074918            6.283185            0.000000          143.020000
            0.011253            0.051870            0.000000            1.570796            6.104625            6.283185            0.000000          143.020000
            0.011307            0.051870            0.000000            1.570796            6.134331            6.283185            0.000000          143.020000
            0.011362            0.051870            0.000000            1.570796            6.164037            6.283185            0.000000          143.020000
            0.011417            0.051870            0.000000            1.570796            6.193743            6.283185            0.000000          143.020000
            0.011472            0.051870            0.000000            1.570796            6.223449            6.283185            0.000000          143.020000
            0.011526            0.051870            0.000000            1.570796            4.682359            6.283185            1.570796          143.020000
            0.011581            0.051870            0.000000            1.570796            6.282862            6.283185            0.000000          143.020000
            0.011636            0.051870            0.000000            1.570796            0.029383            6.283185            0.000000          143.020000
            0.011691            0.051870            0.000000            1.570796            0.059089            6.283185            0.000000          143.020000
            0.011745            0.051870            0.000000            1.570796            0.088795            6.283185            0.000000          143.020000
            0.011800            0.051870            0.000000            1.570796            0.118501            6.283185            0.000000          143.020000
            0.011855            0.051870            0.000000            1.570796            4.860597            6.283185            1.570796          143.020000
            0.011910            0.051870            0.000000            1.570796            0.177914            6.283185            0.000000          143.020000
            0.011964            0.051870            0.000000            1.570796            0.207620            6.283185            0.000000          143.020000
            0.012019            0.051870            0.000000            1.570796            0.237326            6.283185            0.000000          143.020000
            0.012074            0.051870            0.000000            1.570796            0.267032            6.283185            0.000000          143.020000
            0.012129            0.051870            0.000000            1.570796            5.009128            6.283185            1.570796          143.020000
            0.012183            0.051870            0.000000            1.570796            5.038834            6.283185            1.570796          143.020000
            0.012238            0.051870            0.000000            1.570796            5.068540            6.283185            1.570796          143.020000
            0.012293            0.051870            0.000000            1.570796            0.385857            6.283185            0.000000          143.020000
            0.012348            0.051870            0.000000            1.570796            5.127952            6.283185            1.570796          143.020000
            0.012402            0.051870            0.000000            1.570796            0.445269            6.283185            0.000000          143.020000
            0.012457            0.051870            0.000000            1.570796            0.474976            6.283185            0.000000          143.020000
            0.012512            0.051870            0.000000            1.570796            0.504682            6.283185            0.000000          143.020000
            0.012567            0.051870            0.000000            1.570796            5.246777            6.283185            1.570796          143.020000
            0.012621            0.051870            0.000000            1.570796            0.564094            6.283185            0.000000          143.020000
            0.012676            0.051870            0.000000            1.570796            5.306190            6.283185            1.570796          143.020000
            0.012731            0.051870            0.000000            1.570796            0.623507            6.283185            0.000000          143.020000
            0.012786            0.051870            0.000000            1.570796            0.653213            6.283185            0.000000          143.020000
            0.012841            0.051870            0.000000            1.570796            0.682919            6.283185            0.000000          143.020000
            0.012895            0.051870            0.000000            1.570796            0.712625            6.283185            0.000000          143.020000
            0.012977            0.051870            0.000000            1.570796            0.757185            6.283185            0.000000          143.020000
            0.013032            0.051870            0.000000            1.570796            0.786891            6.283185            0.000000          143.020000
            0.013087            0.051870            0.000000            1.570796            0.816597            6.283185            0.000000          143.020000
            0.013142            0.051870            0.000000            1.570796            0.846303            6.283185            0.000000          143.020000
            0.013196            0.051870            0.000000            1.570796            0.876009            6.283185            0.000000          143.020000
            0.013251            0.051870            0.000000            1.570796            5.618105            6.283185            1.570796          143.020000
            0.013306            0.051870            0.000000            1.570796            5.647811            6.283185            1.570796          143.020000
            0.013361            0.051870            0.000000            1.570796            5.677517            6.283185            1.570796          143.020000
            0.013415            0.051870            0.000000            1.570796            0.994834            6.283185            0.000000          143.020000
            0.013470            0.051870            0.000000            1.570796            1.024540            6.283185            0.000000          143.020000
            0.013525            0.051870            0.000000            1.570796            1.054247            6.283185            0.000000          143.020000
            0.013580            0.051870            0.000000            1.570796            1.083953            6.283185            0.000000          143.020000
            0.013634            0.051870            0.000000            1.570796            5.826048            6.283185            1.570796          143.020000
            0.013689            0.051870            0.000000            1.570796            1.143365            6.283185            0.000000          143.020000
            0.013744            0.051870            0.000000            1.570796            1.173071            6.283185            0.000000          143.020000
            0.013799            0.051870            0.000000            1.570796            1.202778            6.283185            0.000000          143.020000
            0.013826            0.051870            0.000000            1.570796            1.217631            6.283185            0.000000          143.020000
            0.013881            0.051870            0.000000            1.570796            5.959726            6.283185            1.570796          143.020000
            0.013936            0.051870            0.000000            1.570796            1.277043            6.283185            0.000000          143.020000
            0.013990            0.051870            0.000000            1.570796            1.306749            6.283185            0.000000          143.020000
            0.014045            0.051870            0.000000            1.570796            1.336456            6.283185            0.000000          143.020000
            0.014100            0.051870            0.000000            1.570796            1.366162            6.283185            0.000000          143.020000
            0.014155            0.051870            0.000000            1.570796            1.395868            6.283185            0.000000          143.020000
            0.014209            0.051870            0.000000            1.570796            6.137963            6.283185            1.570796          143.020000
            0.014264            0.051870            0.000000            1.570796            1.455280            6.283185            0.000000          143.020000
            0.014319            0.051870            0.000000            1.570796            1.484987            6.283185            0.000000          143.020000
            0.014374            0.051870            0.000000            1.570796            6.227082            6.283185            1.570796          143.020000
            0.014428            0.051870            0.000000            1.570796            1.544399            6.283185            0.000000          143.020000
            0.014483            0.051870            0.000000            1.570796            1.574105            6.283185            0.000000          143.020000
            0.014538            0.051870            0.000000            1.570796            1.603811            6.283185            0.000000          143.020000
            0.014593            0.051870            0.000000            1.570796            1.633518            6.283185            0.000000          143.020000
            0.014648            0.051870            0.000000            1.570796            1.663224            6.283185            0.000000          143.020000
            0.014702            0.051870            0.000000            1.570796            0.122134            6.283185            1.570796          143.020000
            0.014757            0.051870            0.000000            1.570796            0.151840            6.283185            1.570796          143.020000
            0.014812            0.051870            0.000000            1.570796            1.752342            6.283185            0.000000          143.020000
            0.014867            0.051870            0.000000            1.570796            1.782049            6.283185            0.000000          143.020000
            0.014921            0.051870            0.000000            1.570796            1.811755            6.283185            0.000000          143.020000
            0.014976            0.051870            0.000000            1.570796            1.841461            6.283185            0.000000          143.020000
            0.015031            0.051870            0.000000            1.570796            1.871167            6.283185            0.000000          143.020000
            0.015086            0.051870            0.000000            1.570796            1.900873            6.283185            0.000000          143.020000
            0.015140            0.051870            0.000000            1.570796            0.359783            6.283185            1.570796          143.020000
            0.015195            0.051870            0.000000            1.570796            1.960286            6.283185            0.000000          143.020000
            0.015250            0.051870            0.000000            1.570796            5.131585            6.283185            3.141593          143.020000
            0.015305            0.051870            0.000000            1.570796            2.019698            6.283185            0.000000          143.020000
            0.015359            0.051870            0.000000            1.570796            5.190997            6.283185            3.141593          143.020000
            0.015414            0.051870            0.000000            1.570796            5.220703            6.283185            3.141593          143.020000
            0.015469            0.051870            0.000000            1.570796            5.250409            6.283185            3.141593          143.020000
            0.015524            0.051870            0.000000            1.570796            5.280116            6.283185            3.141593          143.020000
            0.015578            0.051870            0.000000            1.570796            0.597433            6.283185            1.570796          143.020000
            0.015661            0.051870            0.000000            1.570796            0.641992            6.283185            1.570796          143.020000
            0.015715            0.051870            0.000000            1.570796            0.671698            6.283185            1.570796          143.020000
            0.015770            0.051870            0.000000            1.570796            5.413794            6.283185            3.141593          143.020000
            0.015825            0.051870            0.000000            1.570796            5.443500            6.283185            3.141593          143.020000
            0.015880            0.051870            0.000000            1.570796            5.473206            6.283185            3.141593          143.020000
            0.015934            0.051870            0.000000            1.570796            5.502912            6.283185            3.141593          143.020000
            0.015989            0.051870            0.000000            1.570796            5.532618            6.283185            3.141593          143.020000
            0.016044            0.051870            0.000000            1.570796            5.562325            6.283185            3.141593          143.020000
            0.016099            0.051870            0.000000            1.570796            5.592031            6.283185            3.141593          143.020000
            0.016153            0.051870            0.000000            1.570796            0.909348            6.283185            1.570796          143.020000
            0.016208            0.051870            0.000000            1.570796            0.939054            6.283185            1.570796          143.020000
            0.016263            0.051870            0.000000            1.570796            0.968760            6.283185            1.570796          143.020000
            0.016318            0.051870            0.000000            1.570796            5.710856            6.283185            3.141593          143.020000
            0.016372            0.051870            0.000000            1.570796            5.740562            6.283185            3.141593          143.020000
            0.016427            0.051870            0.000000            1.570796            5.770268            6.283185            3.141593          143.020000
            0.016482            0.051870            0.000000            1.570796            5.799974            6.283185            3.141593          143.020000
            0.016537            0.051870            0.000000            1.570796            1.117291            6.283185            1.570796          143.020000
            0.016591            0.051870            0.000000            1.570796            5.859387            6.283185            3.141593          143.020000
            0.016646            0.051870            0.000000            1.570796            1.176704            6.283185            1.570796          143.020000
            0.016701            0.051870            0.000000            1.570796            5.918799            6.283185            3.141593          143.020000
            0.016728            0.051870            0.000000            1.570796            5.933652            6.283185            3.141593          143.020000
            0.016783            0.051870            0.000000            1.570796            5.963358            6.283185            3.141593          143.020000
            0.016838            0.051870            0.000000            1.570796            5.993064            6.283185            3.141593          143.020000
            0.016893            0.051870            0.000000            1.570796            1.310382            6.283185            1.570796          143.020000
            0.016947            0.051870            0.000000            1.570796            6.052477            6.283185            3.141593          143.020000
            0.017002            0.051870            0.000000            1.570796            1.369794            6.283185            1.570796          143.020000
            0.017057            0.051870            0.000000            1.570796            1.399500            6.283185            1.570796          143.020000
            0.017112            0.051870            0.000000            1.570796            1.429206            6.283185            1.570796          143.020000
            0.017166            0.051870            0.000000            1.570796            6.171302            6.283185            3.141593          143.020000
            0.017221            0.051870            0.000000            1.570796            1.488619            6.283185            1.570796          143.020000
            0.017276            0.051870            0.000000            1.570796            6.230714            6.283185            3.141593          143.020000
            0.017331            0.051870            0.000000            1.570796            6.260420            6.283185            3.141593          143.020000
            0.017385            0.051870            0.000000            1.570796            1.577737            6.283185            1.570797          143.020000
            0.017440            0.051870            0.000000            1.570796            0.036647            6.283185            3.141593          143.020000
            0.017495            0.051870            0.000000            1.570796            0.066354            6.283185            3.141593          143.020000
            0.017550            0.051870            0.000000            1.570796            0.096060            6.283185            3.141593          143.020000
            0.017604            0.051870            0.000000            1.570796            0.125766            6.283185            3.141593          143.020000
            0.017659            0.051870            0.000000            1.570796            1.726268            6.283185            1.570796          143.020000
            0.017714            0.051870            0.000000            1.570796            0.185178            6.283185            3.141593          143.020000
            0.017769            0.051870            0.000000            1.570796            0.214885            6.283185            3.141593          143.020000
            0.017823            0.051870            0.000000            1.570796            1.815387            6.283185            1.570797          143.020000
            0.017878            0.051870            0.000000            1.570796            0.274297            6.283185            3.141593          143.020000
            0.017933            0.051870            0.000000            1.570796            0.304003            6.283185            3.141593          143.020000
            0.017988            0.051870            0.000000            1.570796            0.333709            6.283185            3.141593          143.020000
            0.018042            0.051870            0.000000            1.570796            1.934212            6.283185            1.570797          143.020000
            0.018097            0.051870            0.000000            1.570796            0.393122            6.283185            3.141593          143.020000
            0.018152            0.051870            0.000000            1.570796            1.993624            6.283185            1.570796          143.020000
            0.018207            0.051870            0.000000            1.570796            0.452534            6.283185            3.141593          143.020000
            0.018261            0.051870            0.000000            1.570796            0.482240            6.283185            3.141593          143.020000
            0.018316            0.051870            0.000000            1.570796            0.511947            6.283185            3.141593          143.020000
            0.018371            0.051870            0.000000            1.570796            2.112449            6.283185            1.570797          143.020000
            0.018426            0.051870            0.000000            1.570796            2.142155            6.283185            1.570797          143.020000
            0.018480            0.051870            0.000000            1.570796            2.171861            6.283185            1.570797          143.020000
            0.018535            0.051870            0.000000            1.570796            0.630771            6.283185            3.141593          143.020000
            0.018590            0.051870            0.000000            1.570796            0.660478            6.283185            3.141593          143.020000
            0.018645            0.051870            0.000000            1.570796            0.690184            6.283185            3.141593          143.020000
            0.018700            0.051870            0.000000            1.570796            0.719890            6.283185            3.141593          143.020000
            0.018754            0.051870            0.000000            1.570796            0.749596            6.283185            3.141593          143.020000
            0.018809            0.051870            0.000000            1.570796            2.350099            6.283185            1.570797          143.020000
            0.018864            0.051870            0.000000            1.570796            2.379805            6.283185            1.570797          143.020000
            0.018919            0.051870            0.000000            1.570796            0.838715            6.283185            3.141593          143.020000
            0.018973            0.051870            0.000000            1.570796            0.868421            6.283185            3.141593          143.020000
            0.019028            0.051870            0.000000            1.570796            0.898127            6.283185            3.141593          143.020000
            0.019083            0.051870            0.000000            1.570796            2.498630            6.283185            1.570797          143.020000
            0.019138            0.051870            0.000000            1.570796            0.957540            6.283185            3.141593          143.020000
            0.019192            0.051870            0.000000            1.570796            0.987246            6.283185            3.141593          143.020000
            0.019247            0.051870            0.000000            1.570796            2.587748            6.283185            1.570797          143.020000
            0.019302            0.051870            0.000000            1.570796            1.046658            6.283185            3.141593          143.020000
            0.019357            0.051870            0.000000            1.570796            1.076364            6.283185            3.141593          143.020000
            0.019411            0.051870            0.000000            1.570796            1.106071            6.283185            3.141593          143.020000
            0.019466            0.051870            0.000000            1.570796            1.135777            6.283185            3.141593          143.020000
            0.019521            0.051870            0.000000            1.570796            2.736279            6.283185            1.570796          143.020000
            0.019576            0.051870            0.000000            1.570796            2.765985            6.283185            1.570797          143.020000
            0.019630            0.051870            0.000000            1.570796            1.224895            6.283185            3.141593          143.020000
            0.019685            0.051870            0.000000            1.570796            1.254602            6.283185            3.141593          143.020000
            0.019740            0.051870            0.000000            1.570796            1.284308            6.283185            3.141593          143.020000
            0.019795            0.051870            0.000000            1.570796            2.884810            6.283185            1.570797          143.020000
            0.019849            0.051870            0.000000            1.570796            2.914516            6.283185            1.570797          143.020000
            0.019904            0.051870            0.000000            1.570796            2.944223            6.283185            1.570796          143.020000
            0.019959            0.051870            0.000000            1.570796            1.403133            6.283185            3.141593          143.020000
            0.020014            0.051870            0.000000            1.570796            1.432839            6.283185            3.141593          143.020000
            0.020068            0.051870            0.000000            1.570796            1.462545            6.283185            3.141593          143.020000
            0.020123            0.051870            0.000000            1.570796            1.492251            6.283185            3.141593          143.020000
            0.020178            0.051870            0.000000            1.570796            3.092754            6.283185            1.570796          143.020000
            0.020233            0.051870            0.000000            1.570796            1.551664            6.283185            3.141593          143.020000
            0.020287            0.051870            0.000000            1.570796            1.581370            6.283185            3.141593          143.020000
            0.020342            0.051870            0.000000            1.570796            3.181872            6.283185            1.570797          143.020000
            0.020397            0.051870            0.000000            1.570796            1.640782            6.283185            3.141593          143.020000
            0.020452            0.051870            0.000000            1.570796            1.670489            6.283185            3.141593          143.020000
            0.020507            0.051870            0.000000            1.570796            1.700195            6.283185            3.141593          143.020000
            0.020561            0.051870            0.000000            1.570796            1.729901            6.283185            3.141593          143.020000
            0.020616            0.051870            0.000000            1.570796            3.330403            6.283185            1.570796          143.020000
            0.020671            0.051870            0.000000            1.570796            1.789313            6.283185            3.141593          143.020000
            0.020726            0.051870            0.000000            1.570796            3.389816            6.283185            1.570796          143.020000
            0.020780            0.051870            0.000000            1.570796            1.848726            6.283185            3.141593          143.020000
            0.020835            0.051870            0.000000            1.570796            1.878432            6.283185            3.141593          143.020000
            0.020890            0.051870            0.000000            1.570796            3.478934            6.283185            1.570796          143.020000
            0.020945            0.051870            0.000000            1.570796            1.937844            6.283185            3.141593          143.020000
            0.020999            0.051870            0.000000            1.570796            3.538347            6.283185            1.570796          143.020000
            0.021054            0.051870            0.000000            1.570796            1.997257            6.283185            3.141593          143.020000
            0.021109            0.051870            0.000000            1.570796            2.026963            6.283185            3.141593          143.020000
            0.021164            0.051870            0.000000            1.570796            2.056669            6.283185            3.141593          143.020000
            0.021218            0.051870            0.000000            1.570796            2.086375            6.283185            3.141593          143.020000
            0.021273            0.051870            0.000000            1.570796            2.116082            6.283185            3.141593          143.020000
            0.021355            0.051870            0.000000            1.570796            2.160641            6.283185            3.141593          143.020000
            0.021410            0.051870            0.000000            1.570796            2.190347            6.283185            3.141593          143.020000
            0.021465            0.051870            0.000000            1.570796            3.790850            6.283185            1.570796          143.020000
            0.021520            0.051870            0.000000            1.570796            2.249759            6.283185            3.141593          143.020000
            0.021574            0.051870            0.000000            1.570796            2.279466            6.283185            3.141593          143.020000
            0.021629            0.051870            0.000000            1.570796            2.309172            6.283185            3.141593          143.020000
            0.021684            0.051870            0.000000            1.570796            2.338878            6.283185            3.141593          143.020000
            0.021739            0.051870            0.000000            1.570796            3.939381            6.283185            1.570796          143.020000
            0.021793            0.051870            0.000000            1.570796            3.969087            6.283185            1.570796          143.020000
            0.021848            0.051870            0.000000            1.570796            3.998793            6.283185            1.570796          143.020000
            0.021903            0.051870            0.000000            1.570796            2.457703            6.283185            3.141593          143.020000
            0.021958            0.051870            0.000000            1.570796            5.629002            6.283185            0.000000          143.020000
            0.022012            0.051870            0.000000            1.570796            4.087912            6.283185            1.570796          143.020000
            0.022067            0.051870            0.000000            1.570796            5.688414            6.283185            0.000000          143.020000
            0.022122            0.051870            0.000000            1.570796            5.718120            6.283185            0.000000          143.020000
            0.022177            0.051870            0.000000            1.570796            5.747827            6.283185            0.000000          143.020000
            0.022231            0.051870            0.000000            1.570796            5.777533            6.283185            0.000000          143.020000
            0.022286            0.051870            0.000000            1.570796            4.236443            6.283185            1.570796          143.020000
            0.022341            0.051870            0.000000            1.570796            4.266149            6.283185            1.570796          143.020000
            0.022396            0.051870            0.000000            1.570796            4.295855            6.283185            1.570796          143.020000
            0.022450            0.051870            0.000000            1.570796            4.325561            6.283185            1.570796          143.020000
            0.022505            0.051870            0.000000            1.570796            4.355268            6.283185            1.570796          143.020000
            0.022533            0.051870            0.000000            1.570796            5.940917            6.283185            0.000000          143.020000
            0.022587            0.051870            0.000000            1.570796            5.970623            6.283185            0.000000          143.020000
            0.022642            0.051870            0.000000            1.570796            6.000329            6.283185            0.000000          143.020000
            0.022697            0.051870            0.000000            1.570796            6.030035            6.283185            0.000000          143.020000
            0.022752            0.051870            0.000000            1.570796            6.059742            6.283185            0.000000          143.020000
            0.022806            0.051870            0.000000            1.570796            6.089448            6.283185            0.000000          143.020000
            0.022861            0.051870            0.000000            1.570796            6.119154            6.283185            0.000000          143.020000
            0.022916            0.051870            0.000000            1.570796            6.148860            6.283185            0.000000          143.020000
            0.022971            0.051870            0.000000            1.570796            6.178566            6.283185            0.000000          143.020000
            0.023025            0.051870            0.000000            1.570796            6.208273            6.283185            0.000000          143.020000
            0.023080            0.051870            0.000000            1.570796            4.667183            6.283185            1.570796          143.020000
            0.023135            0.051870            0.000000            1.570796            6.267685            6.283185            0.000000          143.020000
            0.023190            0.051870            0.000000            1.570796            0.014206            6.283185            0.000000          143.020000
            0.023244            0.051870            0.000000            1.570796            0.043912            6.283185            0.000000          143.020000
            0.023299            0.051870            0.000000            1.570796            0.073618            6.283185            0.000000          143.020000
            0.023354            0.051870            0.000000            1.570796            0.103325            6.283185            0.000000          143.020000
            0.023409            0.051870            0.000000            1.570796            0.133031            6.283185            0.000000          143.020000
            0.023463            0.051870            0.000000            1.570796            4.875126            6.283185            1.570796          143.020000
            0.023518            0.051870            0.000000            1.570796            0.192443            6.283185            0.000000          143.020000
            0.023573            0.051870            0.000000            1.570796            0.222149            6.283185            0.000000          143.020000
            0.023628            0.051870            0.000000            1.570796            0.251856            6.283185            0.000000          143.020000
            0.023682            0.051870            0.000000            1.570796            4.993951            6.283185            1.570796          143.020000
            0.023737            0.051870            0.000000            1.570796            5.023657            6.283185            1.570796          143.020000
            0.023792            0.051870            0.000000            1.570796            0.340974            6.283185            0.000000          143.020000
            0.023847            0.051870            0.000000            1.570796            5.083070            6.283185            1.570796          143.020000
            0.023901            0.051870            0.000000            1.570796            5.112776            6.283185            1.570796          143.020000
            0.023956            0.051870            0.000000            1.570796            0.430093            6.283185            0.000000          143.020000
            0.024011            0.051870            0.000000            1.570796            0.459799            6.283185            0.000000          143.020000
            0.024066            0.051870            0.000000            1.570796            0.489505            6.283185            0.000000          143.020000
            0.024120            0.051870            0.000000            1.570796            5.231601            6.283185            1.570796          143.020000
            0.024175            0.051870            0.000000            1.570796            0.548918            6.283185            0.000000          143.020000
            0.024230            0.051870            0.000000            1.570796            5.291013            6.283185            1.570796          143.020000
            0.024285            0.051870            0.000000            1.570796            5.320719            6.283185            1.570796          143.020000
            0.024339            0.051870            0.000000            1.570796            5.350425            6.283185            1.570796          143.020000
            0.024394            0.051870            0.000000            1.570796            0.667742            6.283185            0.000000          143.020000
            0.024449            0.051870            0.000000            1.570796            0.697449            6.283185            0.000000          143.020000
            0.024504            0.051870            0.000000            1.570796            0.727155            6.283185            0.000000          143.020000
            0.024559            0.051870            0.000000            1.570796            0.756861            6.283185            0.000000          143.020000
            0.024613            0.051870            0.000000            1.570796            5.498956            6.283185            1.570796          143.020000
            0.024668            0.051870            0.000000            1.570796            0.816273            6.283185            0.000000          143.020000
            0.024723            0.051870            0.000000            1.570796            5.558369            6.283185            1.570796          143.020000
            0.024778            0.051870            0.000000            1.570796            5.588075            6.283185            1.570796          143.020000
            0.024832            0.051870            0.000000            1.570796            5.617781            6.283185            1.570796          143.020000
            0.024887            0.051870            0.000000            1.570796            0.935098            6.283185            0.000000          143.020000
            0.024942            0.051870            0.000000            1.570796            0.964804            6.283185            0.000000          143.020000
            0.024997            0.051870            0.000000            1.570796            5.706900            0.000000            1.570796          143.020000
            0.025051            0.051870            0.000000            1.570796            1.024217            6.283185            0.000000          143.020000
            0.025106            0.051870            0.000000            1.570796            1.053923            0.000000            0.000000          143.020000
            0.025161            0.051870            0.000000            1.570796            1.083629            0.000000            0.000000          143.020000
            0.025216            0.051870            0.000000            1.570796            1.113335            0.000000            0.000000          143.020000
            0.025270            0.051870            0.000000            1.570796            1.143042            0.000000            0.000000          143.020000
            0.025325            0.051870            0.000000            1.570796            1.172748            0.000000            0.000000          143.020000
            0.025380            0.051870            0.000000            1.570796            5.914843            0.000000            1.570796          143.020000
            0.025435            0.051870            0.000000            1.570796            5.944549            0.000000            1.570796          143.020000
            0.025489            0.051870            0.000000            1.570796            5.974256            0.000000            1.570796          143.020000
            0.025544            0.051870            0.000000            1.570796            1.291573            0.000000            0.000000          143.020000
            0.025599            0.051870            0.000000            1.570796            1.321279            0.000000            0.000000          143.020000
            0.025654            0.051870            0.000000            1.570796            1.350985            0.000000            0.000000          143.020000
            0.025708            0.051870            0.000000            1.570796            6.093081            0.000000            1.570796          143.020000
            0.025763            0.051870            0.000000            1.570796            1.410397            0.000000            0.000000          143.020000
            0.025818            0.051870            0.000000            1.570796            1.440104            0.000000            0.000000          143.020000
            0.025873            0.051870            0.000000            1.570796            1.469810            0.000000            0.000000          143.020000
            0.025927            0.051870            0.000000            1.570796            1.499516            0.000000            0.000000          143.020000
            0.025982            0.051870            0.000000            1.570796            6.241611            0.000000            1.570796          143.020000
            0.026037            0.051870            0.000000            1.570796            6.271318            0.000000            1.570796          143.020000
            0.026092            0.051870            0.000000            1.570796            1.588635            0.000000            0.000000          143.020000
            0.026146            0.051870            0.000000            1.570796            0.047545            0.000000            1.570796          143.020000
            0.026201            0.051870            0.000000            1.570796            1.648047            0.000000            0.000000          143.020000
            0.026256            0.051870            0.000000            1.570796            1.677753            0.000000            0.000000          143.020000
            0.026311            0.051870            0.000000            1.570796            1.707459            0.000000            0.000000          143.020000
            0.026366            0.051870            0.000000            1.570796            0.166370            0.000000            1.570796          143.020000
            0.026420            0.051870            0.000000            1.570796            0.196076            0.000000            1.570796          143.020000
            0.026475            0.051870            0.000000            1.570796            0.225782            0.000000            1.570796          143.020000
            0.026530            0.051870            0.000000            1.570796            1.826284            0.000000            0.000000          143.020000
            0.026585            0.051870            0.000000            1.570796            1.855991            0.000000            0.000000          143.020000
            0.026639            0.051870            0.000000            1.570796            1.885697            0.000000            0.000000          143.020000
            0.026694            0.051870            0.000000            1.570796            0.344607            0.000000            1.570796          143.020000
            0.026749            0.051870            0.000000            1.570796            1.945109            0.000000            0.000000          143.020000
            0.026804            0.051870            0.000000            1.570796            1.974815            0.000000            0.000000          143.020000
            0.026858            0.051870            0.000000            1.570796            2.004522            0.000000            0.000000          143.020000
            0.026913            0.051870            0.000000            1.570796            2.034228            0.000000            0.000000          143.020000
            0.026968            0.051870            0.000000            1.570796            2.063934            0.000000            0.000000          143.020000
            0.027023            0.051870            0.000000            1.570796            2.093640            0.000000            0.000000          143.020000
            0.027077            0.051870            0.000000            1.570796            2.123346            0.000000            0.000000          143.020000
            0.027132            0.051870            0.000000            1.570796            2.153053            0.000000            0.000000          143.020000
            0.027187            0.051870            0.000000            1.570796            2.182759            0.000000            0.000000          143.020000
            0.027242            0.051870            0.000000            1.570796            0.641669            0.000000            1.570796          143.020000
            0.027296            0.051870            0.000000            1.570796            2.242171            0.000000            0.000000          143.020000
            0.027351            0.051870            0.000000            1.570796            5.413470            0.000000            3.141593          143.020000
            0.027406            0.051870            0.000000            1.570796            5.443176            0.000000            3.141593          143.020000
            0.027461            0.051870            0.000000            1.570796            2.331290            0.000000            0.000000          143.020000
            0.027515            0.051870            0.000000            1.570796            5.502589            0.000000            3.141593          143.020000
            0.027570            0.051870            0.000000            1.570796            5.532295            0.000000            3.141593          143.020000
            0.027625            0.051870            0.000000            1.570796            5.562001            0.000000            3.141593          143.020000
            0.027680            0.051870            0.000000            1.570796            0.879318            0.000000            1.570796          143.020000
            0.027734            0.051870            0.000000            1.570796            0.909024            0.000000            1.570796          143.020000
            0.027789            0.051870            0.000000            1.570796            0.938731            0.000000            1.570796          143.020000
            0.027844            0.051870            0.000000            1.570796            5.680826            0.000000            3.141593          143.020000
            0.027899            0.051870            0.000000            1.570796            0.998143            0.000000            1.570796          143.020000
            0.027953            0.051870            0.000000            1.570796            1.027849            0.000000            1.570796          143.020000
            0.028008            0.051870            0.000000            1.570796            1.057555            0.000000            1.570796          143.020000
            0.028063            0.051870            0.000000            1.570796            5.799651            0.000000            3.141593          143.020000
            0.028118            0.051870            0.000000            1.570796            5.829357            0.000000            3.141593          143.020000
            0.028172            0.051870            0.000000            1.570796            1.146674            0.000000            1.570796          143.020000
            0.028227            0.051870            0.000000            1.570796            5.888769            0.000000            3.141593          143.020000
            0.028282            0.051870            0.000000            1.570796            5.918475            0.000000            3.141593          143.020000
            0.028337            0.051870            0.000000            1.570796            5.948182            0.000000            3.141593          143.020000
            0.028392            0.051870            0.000000            1.570796            1.265499            0.000000            1.570796          143.020000
            0.028446            0.051870            0.000000            1.570796            6.007594            0.000000            3.141593          143.020000
            0.028501            0.051870            0.000000            1.570796            6.037300            0.000000            3.141593          143.020000
            0.028556            0.051870            0.000000            1.570796            6.067006            0.000000            3.141593          143.020000
            0.028611            0.051870            0.000000            1.570796            1.384324            0.000000            1.570796          143.020000
            0.028665            0.051870            0.000000            1.570796            1.414030            0.000000            1.570796          143.020000
            0.028720            0.051870            0.000000            1.570796            1.443736            0.000000            1.570796          143.020000
            0.028775            0.051870            0.000000            1.570796            1.473442            0.000000            1.570796          143.020000
            0.028830            0.051870            0.000000            1.570796            6.215537            0.000000            3.141593          143.020000
            0.028884            0.051870            0.000000            1.570796            1.532855            0.000000            1.570796          143.020000
            0.028939            0.051870            0.000000            1.570796            6.274950            0.000000            3.141593          143.020000
            0.028994            0.051870            0.000000            1.570796            0.021471            0.000000            3.141593          143.020000
            0.029049            0.051870            0.000000            1.570796            1.621973            0.000000            1.570796          143.020000
            0.029103            0.051870            0.000000            1.570796            1.651679            0.000000            1.570796          143.020000
            0.029158            0.051870            0.000000            1.570796            0.110589            0.000000            3.141593          143.020000
            0.029213            0.051870            0.000000            1.570796            0.140296            0.000000            3.141593          143.020000
            0.029268            0.051870            0.000000            1.570796            0.170002            0.000000            3.141593          143.020000
            0.029322            0.051870            0.000000            1.570796            0.199708            0.000000            3.141593          143.020000
            0.029377            0.051870            0.000000            1.570796            1.800210            0.000000            1.570796          143.020000
            0.029432            0.051870            0.000000            1.570796            0.259120            0.000000            3.141593          143.020000
            0.029487            0.051870            0.000000            1.570796            1.859623            0.000000            1.570797          143.020000
            0.029541            0.051870            0.000000            1.570796            0.318533            0.000000            3.141593          143.020000
            0.029596            0.051870            0.000000            1.570796            0.348239            0.000000            3.141593          143.020000
            0.029651            0.051870            0.000000            1.570796            0.377945            0.000000            3.141593          143.020000
            0.029706            0.051870            0.000000            1.570796            0.407651            0.000000            3.141593          143.020000
            0.029760            0.051870            0.000000            1.570796            2.008154            0.000000            1.570797          143.020000
            0.029815            0.051870            0.000000            1.570796            2.037860            0.000000            1.570797          143.020000
            0.029870            0.051870            0.000000            1.570796            2.067566            0.000000            1.570797          143.020000
            0.029952            0.051870            0.000000            1.570796            2.112125            0.000000            1.570797          143.020000
            0.030007            0.051870            0.000000            1.570796            2.141832            0.000000            1.570796          143.020000
            0.030062            0.051870            0.000000            1.570796            0.600742            0.000000            3.141593          143.020000
            0.030116            0.051870            0.000000            1.570796            2.201244            0.000000            1.570796          143.020000
            0.030171            0.051870            0.000000            1.570796            0.660154            0.000000            3.141593          143.020000
            0.030226            0.051870            0.000000            1.570796            0.689860            0.000000            3.141593          143.020000
            0.030281            0.051870            0.000000            1.570796            2.290363            0.000000            1.570797          143.020000
            0.030335            0.051870            0.000000            1.570796            2.320069            0.000000            1.570796          143.020000
            0.030390            0.051870            0.000000            1.570796            2.349775            0.000000            1.570797          143.020000
            0.030445            0.051870            0.000000            1.570796            0.808685            0.000000            3.141593          143.020000
            0.030500            0.051870            0.000000            1.570796            0.838391            0.000000            3.141593          143.020000
            0.030554            0.051870            0.000000            1.570796            2.438894            0.000000            1.570796          143.020000
            0.030609            0.051870            0.000000            1.570796            0.897804            0.000000            3.141593          143.020000
            0.030664            0.051870            0.000000            1.570796            0.927510            0.000000            3.141593          143.020000
            0.030719            0.051870            0.000000            1.570796            0.957216            0.000000            3.141593          143.020000
            0.030773            0.051870            0.000000            1.570796            2.557718            0.000000            1.570796          143.020000
            0.030828            0.051870            0.000000            1.570796            2.587425            0.000000            1.570797          143.020000
            0.030883            0.051870            0.000000            1.570796            2.617131            0.000000            1.570797          143.020000
            0.030938            0.051870            0.000000            1.570796            2.646837            0.000000            1.570797          143.020000
            0.030992            0.051870            0.000000            1.570796            2.676543            0.000000            1.570797          143.020000
            0.031047            0.051870            0.000000            1.570796            1.135453            0.000000            3.141593          143.020000
            0.031102            0.051870            0.000000            1.570796            1.165160            0.000000            3.141593          143.020000
            0.031129            0.051870            0.000000            1.570796            2.750809            0.000000            1.570797          143.020000
            0.031184            0.051870            0.000000            1.570796            1.209719            0.000000            3.141593          143.020000
            0.031239            0.051870            0.000000            1.570796            1.239425            0.000000            3.141593          143.020000
            0.031294            0.051870            0.000000            1.570796            1.269131            0.000000            3.141593          143.020000
            0.031348            0.051870            0.000000            1.570796            1.298837            0.000000            3.141593          143.020000
            0.031403            0.051870            0.000000            1.570796            1.328544            0.000000            3.141593          143.020000
            0.031458            0.051870            0.000000            1.570796            1.358250            0.000000            3.141593          143.020000
            0.031513            0.051870            0.000000            1.570796            1.387956            0.000000            3.141593          143.020000
            0.031567            0.051870            0.000000            1.570796            1.417662            0.000000            3.141593          143.020000
            0.031622            0.051870            0.000000            1.570796            1.447368            0.000000            3.141593          143.020000
            0.031677            0.051870            0.000000            1.570796            3.047871            0.000000            1.570797          143.020000
            0.031732            0.051870            0.000000            1.570796            1.506781            0.000000            3.141593          143.020000
            0.031786            0.051870            0.000000            1.570796            3.107283            0.000000            1.570797          143.020000
            0.031841            0.051870            0.000000            1.570796            1.566193            0.000000            3.141593          143.020000
            0.031896            0.051870            0.000000            1.570796            3.166696            0.000000            1.570797          143.020000
            0.031951            0.051870            0.000000            1.570796            1.625606            0.000000            3.141593          143.020000
            0.032005            0.051870            0.000000            1.570796            1.655312            0.000000            3.141593          143.020000
            0.032060            0.051870            0.000000            1.570796            1.685018            0.000000            3.141593          143.020000
            0.032115            0.051870            0.000000            1.570796            3.285520            0.000000            1.570797          143.020000
            0.032170            0.051870            0.000000            1.570796            3.315227            0.000000            1.570797          143.020000
            0.032225            0.051870            0.000000            1.570796            3.344933            0.000000            1.570796          143.020000
            0.032279            0.051870            0.000000            1.570796            1.803843            0.000000            3.141593          143.020000
            0.032334            0.051870            0.000000            1.570796            1.833549            0.000000            3.141593          143.020000
            0.032389            0.051870            0.000000            1.570796            1.863255            0.000000            3.141593          143.020000
            0.032444            0.051870            0.000000            1.570796            1.892961            0.000000            3.141593          143.020000
            0.032498            0.051870            0.000000            1.570796            3.493464            0.000000            1.570797          143.020000
            0.032553            0.051870            0.000000            1.570796            3.523170            0.000000            1.570796          143.020000
            0.032608            0.051870            0.000000            1.570796            1.982080            0.000000            3.141593          143.020000
            0.032663            0.051870            0.000000            1.570796            2.011786            0.000000            3.141593          143.020000
            0.032717            0.051870            0.000000            1.570796            2.041492            0.000000            3.141593          143.020000
            0.032772            0.051870            0.000000            1.570796            2.071199            0.000000            3.141593          143.020000
            0.032827            0.051870            0.000000            1.570796            3.671701            0.000000            1.570797          143.020000
            0.032882            0.051870            0.000000            1.570796            2.130611            0.000000            3.141593          143.020000
            0.032936            0.051870            0.000000            1.570796            3.731113            0.000000            1.570796          143.020000
            0.032991            0.051870            0.000000            1.570796            3.760820            0.000000            1.570796          143.020000
            0.033046            0.051870            0.000000            1.570796            2.219730            0.000000            3.141593          143.020000
            0.033101            0.051870            0.000000            1.570796            2.249436            0.000000            3.141593          143.020000
            0.033183            0.051870            0.000000            1.570796            2.293995            0.000000            3.141593          143.020000
            0.033238            0.051870            0.000000            1.570796            3.894498            0.000000            1.570796          143.020000
            0.033292            0.051870            0.000000            1.570796            2.353408            0.000000            3.141593          143.020000
            0.033347            0.051870            0.000000            1.570796            2.383114            0.000000            3.141593          143.020000
            0.033402            0.051870            0.000000            1.570796            2.412820            0.000000            3.141593          143.020000
            0.033457            0.051870            0.000000            1.570796            2.442526            0.000000            3.141593          143.020000
            0.033511            0.051870            0.000000            1.570796            2.472232            0.000000            3.141593          143.020000
            0.033566            0.051870            0.000000            1.570796            4.072735            0.000000            1.570796          143.020000
            0.033621            0.051870            0.000000            1.570796            5.673237            0.000000            0.000000          143.020000
            0.033676            0.051870            0.000000            1.570796            5.702944            0.000000            0.000000          143.020000
            0.033730            0.051870            0.000000            1.570796            4.161854            0.000000            1.570796          143.020000
            0.033785            0.051870            0.000000            1.570796            4.191560            0.000000            1.570796          143.020000
            0.033840            0.051870            0.000000            1.570796            4.221266            0.000000            1.570796          143.020000
            0.033895            0.051870            0.000000            1.570796            5.821768            0.000000            0.000000          143.020000
            0.033949            0.051870            0.000000            1.570796            5.851475            0.000000            0.000000          143.020000
            0.034004            0.051870            0.000000            1.570796            5.881181            0.000000            0.000000          143.020000
            0.034059            0.051870            0.000000            1.570796            5.910887            0.000000            0.000000          143.020000
            0.034086            0.051870            0.000000            1.570796            5.925740            0.000000            0.000000          143.020000
            0.034141            0.051870            0.000000            1.570796            4.384650            0.000000            1.570796          143.020000
            0.034196            0.051870            0.000000            1.570796            5.985153            0.000000            0.000000          143.020000
            0.034251            0.051870            0.000000            1.570796            6.014859            0.000000            0.000000          143.020000
            0.034305            0.051870            0.000000            1.570796            6.044565            0.000000            0.000000          143.020000
            0.034360            0.051870            0.000000            1.570796            6.074271            0.000000            0.000000          143.020000
            0.034415            0.051870            0.000000            1.570796            6.103977            0.000000            0.000000          143.020000
            0.034470            0.051870            0.000000            1.570796            6.133684            0.000000            0.000000          143.020000
            0.034524            0.051870            0.000000            1.570796            6.163390            0.000000            0.000000          143.020000
            0.034579            0.051870            0.000000            1.570796            4.622300            0.000000            1.570796          143.020000
            0.034634            0.051870            0.000000            1.570796            6.222802            0.000000            0.000000          143.020000
            0.034689            0.051870            0.000000            1.570796            4.681712            0.000000            1.570796          143.020000
            0.034743            0.051870            0.000000            1.570796            4.711418            0.000000            1.570796          143.020000
            0.034798            0.051870            0.000000            1.570796            0.028736            0.000000            0.000000          143.020000
            0.034853            0.051870            0.000000            1.570796            4.770831            0.000000            1.570796          143.020000
            0.034908            0.051870            0.000000            1.570796            0.088148            0.000000            0.000000          143.020000
            0.034962            0.051870            0.000000            1.570796            0.117854            0.000000            0.000000          143.020000
            0.035017            0.051870            0.000000            1.570796            0.147560            0.000000            0.000000          143.020000
            0.035072            0.051870            0.000000            1.570796            0.177267            0.000000            0.000000          143.020000
            0.035127            0.051870            0.000000            1.570796            4.919362            0.000000            1.570796          143.020000
            0.035181            0.051870            0.000000            1.570796            0.236679            0.000000            0.000000          143.020000
            0.035236            0.051870            0.000000            1.570796            4.978774            0.000000            1.570796          143.020000
            0.035291            0.051870            0.000000            1.570796            0.296091            0.000000            0.000000          143.020000
            0.035346            0.051870            0.000000            1.570796            5.038187            0.000000            1.570796          143.020000
            0.035400            0.051870            0.000000            1.570796            0.355504            0.000000            0.000000          143.020000
            0.035455            0.051870            0.000000            1.570796            0.385210            0.000000            0.000000          143.020000
            0.035510            0.051870            0.000000            1.570796            5.127305            0.000000            1.570796          143.020000
            0.035565            0.051870            0.000000            1.570796            0.444622            0.000000            0.000000          143.020000
            0.035619            0.051870            0.000000            1.570796            5.186718            0.000000            1.570796          143.020000
            0.035674            0.051870            0.000000            1.570796            0.504035            0.000000            0.000000          143.020000
            0.035729            0.051870            0.000000            1.570796            5.246130            0.000000            1.570796          143.020000
            0.035784            0.051870            0.000000            1.570796            0.563447            0.000000            0.000000          143.020000
            0.035838            0.051870            0.000000            1.570796            5.305543            0.000000            1.570796          143.020000
            0.035893            0.051870            0.000000            1.570796            0.622860            0.000000            0.000000          143.020000
            0.035948            0.051870            0.000000            1.570796            5.364955            0.000000            1.570796          143.020000
            0.036003            0.051870            0.000000            1.570796            5.394661            0.000000            1.570796          143.020000
            0.036057            0.051870            0.000000            1.570796            5.424367            0.000000            1.570796          143.020000
            0.036112            0.051870            0.000000            1.570796            0.741684            0.000000            0.000000          143.020000
            0.036167            0.051870            0.000000            1.570796            5.483780            0.000000            1.570796          143.020000
            0.036222            0.051870            0.000000            1.570796            5.513486            0.000000            1.570796          143.020000
            0.036277            0.051870            0.000000            1.570796            5.543192            0.000000            1.570796          143.020000
            0.036331            0.051870            0.000000            1.570796            5.572898            0.000000            1.570796          143.020000
            0.036386            0.051870            0.000000            1.570796            0.890215            0.000000            0.000000          143.020000
            0.036441            0.051870            0.000000            1.570796            5.632311            0.000000            1.570796          143.020000
            0.036496            0.051870            0.000000            1.570796            5.662017            0.000000            1.570796          143.020000
            0.036550            0.051870            0.000000            1.570796            5.691723            0.000000            1.570796          143.020000
            0.036605            0.051870            0.000000            1.570796            5.721429            0.000000            1.570796          143.020000
            0.036660            0.051870            0.000000            1.570796            5.751136            0.000000            1.570796          143.020000
            0.036715            0.051870            0.000000            1.570796            5.780842            0.000000            1.570796          143.020000
            0.036769            0.051870            0.000000            1.570796            5.810548            0.000000            1.570796          143.020000
            0.036824            0.051870            0.000000            1.570796            5.840254            0.000000            1.570796          143.020000
            0.036879            0.051870            0.000000            1.570796            1.157571            0.000000            0.000000          143.020000
            0.036934            0.051870            0.000000            1.570796            1.187277            0.000000            0.000000          143.020000
            0.036988            0.051870            0.000000            1.570796            1.216984            0.000000            0.000000          143.020000
            0.037043            0.051870            0.000000            1.570796            1.246690            0.000000            0.000000          143.020000
            0.037098            0.051870            0.000000            1.570796            1.276396            0.000000            0.000000          143.020000
            0.037153            0.051870            0.000000            1.570796            6.018491            0.000000            1.570796          143.020000
            0.037207            0.051870            0.000000            1.570796            6.048198            0.000000            1.570796          143.020000
            0.037262            0.051870            0.000000            1.570796            6.077904            0.000000            1.570796          143.020000
            0.037317            0.051870            0.000000            1.570796            1.395221            0.000000            0.000000          143.020000
            0.037372            0.051870            0.000000            1.570796            6.137316            0.000000            1.570796          143.020000
            0.037426            0.051870            0.000000            1.570796            6.167022            0.000000            1.570796          143.020000
            0.037481            0.051870            0.000000            1.570796            6.196729            0.000000            1.570796          143.020000
            0.037536            0.051870            0.000000            1.570796            1.514046            0.000000            0.000000          143.020000
            0.037591            0.051870            0.000000            1.570796            6.256141            0.000000            1.570796          143.020000
            0.037645            0.051870            0.000000            1.570796            0.002662            0.000000            1.570796          143.020000
            0.037700            0.051870            0.000000            1.570796            1.603164            0.000000            0.000000          143.020000
            0.037755            0.051870            0.000000            1.570796            1.632870            0.000000            0.000000          143.020000
            0.037810            0.051870            0.000000            1.570796            1.662577            0.000000            0.000000          143.020000
            0.037864            0.051870            0.000000            1.570796            1.692283            0.000000            0.000000          143.020000
            0.037919            0.051870            0.000000            1.570796            0.151193            0.000000            1.570796          143.020000
            0.037974            0.051870            0.000000            1.570796            1.751695            0.000000            0.000000          143.020000
            0.038029            0.051870            0.000000            1.570796            0.210605            0.000000            1.570796          143.020000
            0.038084            0.051870            0.000000            1.570796            1.811108            0.000000            0.000000          143.020000
            0.038138            0.051870            0.000000            1.570796            1.840814            0.000000            0.000000          143.020000
            0.038193            0.051870            0.000000            1.570796            0.299724            0.000000            1.570796          143.020000
            0.038248            0.051870            0.000000            1.570796            0.329430            0.000000            1.570796          143.020000
            0.038303            0.051870            0.000000            1.570796            1.929932            0.000000            0.000000          143.020000
            0.038357            0.051870            0.000000            1.570796            0.388843            0.000000            1.570796          143.020000
            0.038412            0.051870            0.000000            1.570796            1.989345            0.000000            0.000000          143.020000
            0.038467            0.051870            0.000000            1.570796            2.019051            0.000000            0.000000          143.020000
            0.038522            0.051870            0.000000            1.570796            0.477961            0.000000            1.570796          143.020000
            0.038576            0.051870            0.000000            1.570796            2.078463            0.000000            0.000000          143.020000
            0.038631            0.051870            0.000000            1.570796            0.537374            0.000000            1.570796          143.020000
            0.038686            0.051870            0.000000            1.570796            2.137876            0.000000            0.000000          143.020000
            0.038741            0.051870            0.000000            1.570796            0.596786            0.000000            1.570796          143.020000
            0.038795            0.051870            0.000000            1.570796            2.197288            0.000000            0.000000          143.020000
            0.038850            0.051870            0.000000            1.570796            2.226994            0.000000            0.000000          143.020000
            0.038905            0.051870            0.000000            1.570796            2.256701            0.000000            0.000000          143.020000
            0.038960            0.051870            0.000000            1.570796            2.286407            0.000000            0.000000          143.020000
            0.039014            0.051870            0.000000            1.570796            0.745317            0.000000            1.570796          143.020000
            0.039069            0.051870            0.000000            1.570796            0.775023            0.000000            1.570796          143.020000
            0.039124            0.051870            0.000000            1.570796            2.375525            0.000000            0.000000          143.020000
            0.039179            0.051870            0.000000            1.570796            2.405232            0.000000            0.000000          143.020000
            0.039233            0.051870            0.000000            1.570796            2.434938            0.000000            0.000000          143.020000
            0.039288            0.051870            0.000000            1.570796            0.893848            0.000000            1.570796          143.020000
            0.039343            0.051870            0.000000            1.570796            2.494350            0.000000            0.000000          143.020000
            0.039398            0.051870            0.000000            1.570796            2.524056            0.000000            0.000000          143.020000
            0.039452            0.051870            0.000000            1.570796            0.982966            0.000000            1.570796          143.020000
            0.039507            0.051870            0.000000            1.570796            1.012673            0.000000            1.570796          143.020000
            0.039562            0.051870            0.000000            1.570796            2.613175            0.000000            0.000000          143.020000
            0.039617            0.051870            0.000000            1.570796            2.642881            0.000000            0.000000          143.020000
            0.039671            0.051870            0.000000            1.570796            1.101791            0.000000            1.570796          143.020000
            0.039726            0.051870            0.000000            1.570796            5.843886            0.000000            3.141593          143.020000
            0.039781            0.051870            0.000000            1.570796            5.873593            0.000000            3.141593          143.020000
            0.039836            0.051870            0.000000            1.570796            2.761706            0.000000            0.000000          143.020000
            0.039890            0.051870            0.000000            1.570796            1.220616            0.000000            1.570796          143.020000
            0.039945            0.051870            0.000000            1.570796            1.250322            0.000000            1.570796          143.020000
            0.040000            0.051870            0.000000            1.570796            5.992417            0.000000            3.141593          143.020000
            0.040055            0.051870            0.000000            1.570796            6.022124            0.000000            3.141593          143.020000
            0.040110            0.051870            0.000000            1.570796            6.051830            0.000000            3.141593          143.020000
            0.040164            0.051870            0.000000            1.570796            6.081536            0.000000            3.141593          143.020000
            0.040219            0.051870            0.000000            1.570796            6.111242            0.000000            3.141593          143.020000
            0.040274            0.051870            0.000000            1.570796            6.140948            0.000000            3.141593          143.020000
            0.040329            0.051870            0.000000            1.570796            6.170655            0.000000            3.141593          143.020000
            0.040383            0.051870            0.000000            1.570796            6.200361            0.000000            3.141593          143.020000
            0.040438            0.051870            0.000000            1.570796            1.517678            0.000000            1.570796          143.020000
            0.040493            0.051870            0.000000            1.570796            6.259773            0.000000            3.141593          143.020000
            0.040548            0.051870            0.000000            1.570796            1.577090            0.000000            1.570796          143.020000
            0.040602            0.051870            0.000000            1.570796            0.036000            0.000000            3.141593          143.020000
            0.040657            0.051870            0.000000            1.570796            1.636503            0.000000            1.570796          143.020000
            0.040712            0.051870            0.000000            1.570796            0.095413            0.000000            3.141593          143.020000
            0.040767            0.051870            0.000000            1.570796            0.125119            0.000000            3.141593          143.020000
            0.040821            0.051870            0.000000            1.570796            1.725621            0.000000            1.570796          143.020000
            0.040876            0.051870            0.000000            1.570796            0.184531            0.000000            3.141593          143.020000
            0.040931            0.051870            0.000000            1.570796            0.214237            0.000000            3.141593          143.020000
            0.040986            0.051870            0.000000            1.570796            1.814740            0.000000            1.570797          143.020000
            0.041040            0.051870            0.000000            1.570796            0.273650            0.000000            3.141593          143.020000
            0.041095            0.051870            0.000000            1.570796            0.303356            0.000000            3.141593          143.020000
            0.041150            0.051870            0.000000            1.570796            0.333062            0.000000            3.141593          143.020000
            0.041205            0.051870            0.000000            1.570796            0.362769            0.000000            3.141593          143.020000
            0.041259            0.051870            0.000000            1.570796            0.392475            0.000000            3.141593          143.020000
            0.041314            0.051870            0.000000            1.570796            0.422181            0.000000            3.141593          143.020000
            0.041369            0.051870            0.000000            1.570796            2.022683            0.000000            1.570796          143.020000
            0.041424            0.051870            0.000000            1.570796            2.052389            0.000000            1.570797          143.020000
            0.041478            0.051870            0.000000            1.570796            0.511300            0.000000            3.141593          143.020000
            0.041533            0.051870            0.000000            1.570796            0.541006            0.000000            3.141593          143.020000
            0.041615            0.051870            0.000000            1.570796            2.156361            0.000000            1.570797          143.020000
            0.041670            0.051870            0.000000            1.570796            2.186067            0.000000            1.570797          143.020000
            0.041725            0.051870            0.000000            1.570796            2.215773            0.000000            1.570797          143.020000
            0.041780            0.051870            0.000000            1.570796            2.245480            0.000000            1.570797          143.020000
            0.041834            0.051870            0.000000            1.570796            2.275186            0.000000            1.570797          143.020000
            0.041889            0.051870            0.000000            1.570796            2.304892            0.000000            1.570797          143.020000
            0.041944            0.051870            0.000000            1.570796            2.334598            0.000000            1.570797          143.020000
            0.041999            0.051870            0.000000            1.570796            2.364304            0.000000            1.570797          143.020000
            0.042053            0.051870            0.000000            1.570796            0.823215            0.000000            3.141593          143.020000
            0.042108            0.051870            0.000000            1.570796            2.423717            0.000000            1.570797          143.020000
            0.042163            0.051870            0.000000            1.570796            0.882627            0.000000            3.141593          143.020000
            0.042218            0.051870            0.000000            1.570796            0.912333            0.000000            3.141593          143.020000
            0.042272            0.051870            0.000000            1.570796            2.512836            0.000000            1.570797          143.020000
            0.042327            0.051870            0.000000            1.570796            2.542542            0.000000            1.570797          143.020000
            0.042382            0.051870            0.000000            1.570796            2.572248            0.000000            1.570797          143.020000
            0.042437            0.051870            0.000000            1.570796            1.031158            0.000000            3.141593          143.020000
            0.042491            0.051870            0.000000            1.570796            2.631660            0.000000            1.570797          143.020000
            0.042546            0.051870            0.000000            1.570796            2.661367            0.000000            1.570797          143.020000
            0.042601            0.051870            0.000000            1.570796            2.691073            0.000000            1.570797          143.020000
            0.042656            0.051870            0.000000            1.570796            1.149983            0.000000            3.141593          143.020000
            0.042710            0.051870            0.000000            1.570796            2.750485            0.000000            1.570797          143.020000
            0.042738            0.051870            0.000000            1.570796            2.765338            0.000000            1.570797          143.020000
            0.042793            0.051870            0.000000            1.570796            1.224248            0.000000            3.141593          143.020000
            0.042847            0.051870            0.000000            1.570796            1.253955            0.000000            3.141593          143.020000
            0.042902            0.051870            0.000000            1.570796            1.283661            0.000000            3.141593          143.020000
            0.042957            0.051870            0.000000            1.570796            1.313367            0.000000            3.141593          143.020000
            0.043012            0.051870            0.000000            1.570796            2.913869            0.000000            1.570797          143.020000
            0.043066            0.051870            0.000000            1.570796            2.943575            0.000000            1.570797          143.020000
            0.043121            0.051870            0.000000            1.570796            2.973282            0.000000            1.570797          143.020000
            0.043176            0.051870            0.000000            1.570796            1.432192            0.000000            3.141593          143.020000
            0.043231            0.051870            0.000000            1.570796            1.461898            0.000000            3.141593          143.020000
            0.043285            0.051870            0.000000            1.570796            1.491604            0.000000            3.141593          143.020000
            0.043340            0.051870            0.000000            1.570796            1.521310            0.000000            3.141593          143.020000
            0.043395            0.051870            0.000000            1.570796            3.121813            0.000000            1.570797          143.020000
            0.043450            0.051870            0.000000            1.570796            1.580723            0.000000            3.141593          143.020000
            0.043504            0.051870            0.000000            1.570796            1.610429            0.000000            3.141593          143.020000
            0.043559            0.051870            0.000000            1.570796            3.210931            0.000000            1.570797          143.020000
            0.043614            0.051870            0.000000            1.570796            1.669841            0.000000            3.141593          143.020000
            0.043669            0.051870            0.000000            1.570796            3.270344            0.000000            1.570797          143.020000
            0.043723            0.051870            0.000000            1.570796            3.300050            0.000000            1.570797          143.020000
            0.043778            0.051870            0.000000            1.570796            1.758960            0.000000            3.141593          143.020000
            0.043833            0.051870            0.000000            1.570796            1.788666            0.000000            3.141593          143.020000
            0.043888            0.051870            0.000000            1.570796            1.818372            0.000000            3.141593          143.020000
            0.043943            0.051870            0.000000            1.570796            3.418875            0.000000            1.570796          143.020000
            0.043997            0.051870            0.000000            1.570796            3.448581            0.000000            1.570796          143.020000
            0.044052            0.051870            0.000000            1.570796            1.907491            0.000000            3.141593          143.020000
            0.044107            0.051870            0.000000            1.570796            1.937197            0.000000            3.141593          143.020000
            0.044162            0.051870            0.000000            1.570796            3.537699            0.000000            1.570797          143.020000
            0.044244            0.051870            0.000000            1.570796            2.011463            0.000000            3.141593          143.020000
            0.044298            0.051870            0.000000            1.570796            2.041169            0.000000            3.141593          143.020000
            0.044353            0.051870            0.000000            1.570796            3.641671            0.000000            1.570797          143.020000
            0.044408            0.051870            0.000000            1.570796            3.671377            0.000000            1.570797          143.020000
            0.044463            0.051870            0.000000            1.570796            2.130288            0.000000            3.141593          143.020000
            0.044517            0.051870            0.000000            1.570796            3.730790            0.000000            1.570797          143.020000
            0.044572            0.051870            0.000000            1.570796            3.760496            0.000000            1.570797          143.020000
            0.044627            0.051870            0.000000            1.570796            3.790202            0.000000            1.570796          143.020000
            0.044682            0.051870            0.000000            1.570796            3.819908            0.000000            1.570796          143.020000
            0.044736            0.051870            0.000000            1.570796            3.849615            0.000000            1.570796          143.020000
            0.044791            0.051870            0.000000            1.570796            2.308525            0.000000            3.141593          143.020000
            0.044846            0.051870            0.000000            1.570796            2.338231            0.000000            3.141593          143.020000
            0.044901            0.051870            0.000000            1.570796            3.938733            0.000000            1.570796          143.020000
            0.044956            0.051870            0.000000            1.570796            3.968440            0.000000            1.570796          143.020000
            0.045010            0.051870            0.000000            1.570796            3.998146            0.000000            1.570796          143.020000
            0.045065            0.051870            0.000000            1.570796            4.027852            0.000000            1.570796          143.020000
            0.045120            0.051870            0.000000            1.570796            2.486762            0.000000            3.141593          143.020000
            0.045175            0.051870            0.000000            1.570796            4.087264            0.000000            1.570796          143.020000
            0.045229            0.051870            0.000000            1.570796            2.546174            0.000000            3.141593          143.020000
            0.045284            0.051870            0.000000            1.570796            4.146677            0.000000            1.570796          143.020000
            0.045339            0.051870            0.000000            1.570796            2.605587            0.000000            3.141593          143.020000
            0.045394            0.051870            0.000000            1.570796            4.206089            0.000000            1.570796          143.020000
            0.045448            0.051870            0.000000            1.570796            4.235795            0.000000            1.570796          143.020000
            0.045503            0.051870            0.000000            1.570796            2.694705            0.000000            3.141593          143.020000
            0.045558            0.051870            0.000000            1.570796            4.295208            0.000000            1.570796          143.020000
            0.045613            0.051870            0.000000            1.570796            5.895710            0.000000            0.000000          143.020000
            0.045640            0.051870            0.000000            1.570796            5.910564            0.000000            0.000000          143.020000
            0.045695            0.051870            0.000000            1.570796            5.940270            0.000000            0.000000          143.020000
            0.045749            0.051870            0.000000            1.570796            4.399180            0.000000            1.570796          143.020000
            0.045804            0.051870            0.000000            1.570796            5.999682            0.000000            0.000000          143.020000
            0.045859            0.051870            0.000000            1.570796            4.458592            0.000000            1.570796          143.020000
            0.045914            0.051870            0.000000            1.570796            6.059095            0.000000            0.000000          143.020000
            0.045969            0.051870            0.000000            1.570796            4.518005            0.000000            1.570796          143.020000
            0.046023            0.051870            0.000000            1.570796            6.118507            0.000000            0.000000          143.020000
            0.046078            0.051870            0.000000            1.570796            6.148213            0.000000            0.000000          143.020000
            0.046133            0.051870            0.000000            1.570796            4.607123            0.000000            1.570796          143.020000
            0.046188            0.051870            0.000000            1.570796            6.207626            0.000000            0.000000          143.020000
            0.046242            0.051870            0.000000            1.570796            6.237332            0.000000            0.000000          143.020000
            0.046297            0.051870            0.000000            1.570796            4.696242            0.000000            1.570796          143.020000
            0.046352            0.051870            0.000000            1.570796            0.013559            0.000000            0.000000          143.020000
            0.046407            0.051870            0.000000            1.570796            0.043265            0.000000            0.000000          143.020000
            0.046461            0.051870            0.000000            1.570796            0.072971            0.000000            0.000000          143.020000
            0.046516            0.051870            0.000000            1.570796            0.102677            0.000000            0.000000          143.020000
            0.046571            0.051870            0.000000            1.570796            0.132384            0.000000            0.000000          143.020000
            0.046626            0.051870            0.000000            1.570796            4.874479            0.000000            1.570796          143.020000
            0.046680            0.051870            0.000000            1.570796            4.904185            0.000000            1.570796          143.020000
            0.046735            0.051870            0.000000            1.570796            4.933891            0.000000            1.570796          143.020000
            0.046790            0.051870            0.000000            1.570796            0.251208            0.000000            0.000000          143.020000
            0.046845            0.051870            0.000000            1.570796            0.280915            0.000000            0.000000          143.020000
            0.046899            0.051870            0.000000            1.570796            5.023010            0.000000            1.570796          143.020000
            0.046954            0.051870            0.000000            1.570796            0.340327            0.000000            0.000000          143.020000
            0.047009            0.051870            0.000000            1.570796            5.082423            0.000000            1.570796          143.020000
            0.047064            0.051870            0.000000            1.570796            0.399739            0.000000            0.000000          143.020000
            0.047118            0.051870            0.000000            1.570796            0.429446            0.000000            0.000000          143.020000
            0.047173            0.051870            0.000000            1.570796            0.459152            0.000000            0.000000          143.020000
            0.047228            0.051870            0.000000            1.570796            0.488858            0.000000            0.000000          143.020000
            0.047283            0.051870            0.000000            1.570796            5.230954            0.000000            1.570796          143.020000
            0.047337            0.051870            0.000000            1.570796            5.260660            0.000000            1.570796          143.020000
            0.047392            0.051870            0.000000            1.570796            5.290366            0.000000            1.570796          143.020000
            0.047447            0.051870            0.000000            1.570796            5.320072            0.000000            1.570796          143.020000
            0.047502            0.051870            0.000000            1.570796            0.637389            0.000000            0.000000          143.020000
            0.047556            0.051870            0.000000            1.570796            5.379484            0.000000            1.570796          143.020000
            0.047611            0.051870            0.000000            1.570796            5.409191            0.000000            1.570796          143.020000
            0.047666            0.051870            0.000000            1.570796            0.726508            0.000000            0.000000          143.020000
            0.047721            0.051870            0.000000            1.570796            5.468603            0.000000            1.570796          143.020000
            0.047775            0.051870            0.000000            1.570796            5.498309            0.000000            1.570796          143.020000
            0.047830            0.051870            0.000000            1.570796            5.528016            0.000000            1.570796          143.020000
            0.047885            0.051870            0.000000            1.570796            5.557722            0.000000            1.570796          143.020000
            0.047940            0.051870            0.000000            1.570796            5.587428            0.000000            1.570796          143.020000
            0.047995            0.051870            0.000000            1.570796            5.617134            0.000000            1.570796          143.020000
            0.048049            0.051870            0.000000            1.570796            5.646840            0.000000            1.570796          143.020000
            0.048104            0.051870            0.000000            1.570796            5.676547            0.000000            1.570796          143.020000
            0.048159            0.051870            0.000000            1.570796            0.993864            0.000000            0.000000          143.020000
            0.048214            0.051870            0.000000            1.570796            1.023570            0.000000            0.000000          143.020000
            0.048268            0.051870            0.000000            1.570796            5.765665            0.000000            1.570796          143.020000
            0.048323            0.051870            0.000000            1.570796            1.082982            0.000000            0.000000          143.020000
            0.048378            0.051870            0.000000            1.570796            1.112688            0.000000            0.000000          143.020000
            0.048433            0.051870            0.000000            1.570796            1.142395            0.000000            0.000000          143.020000
            0.048487            0.051870            0.000000            1.570796            1.172101            0.000000            0.000000          143.020000
            0.048542            0.051870            0.000000            1.570796            1.201807            0.000000            0.000000          143.020000
            0.048597            0.051870            0.000000            1.570796            1.231513            0.000000            0.000000          143.020000
            0.048652            0.051870            0.000000            1.570796            1.261219            0.000000            0.000000          143.020000
            0.048706            0.051870            0.000000            1.570796            1.290926            0.000000            0.000000          143.020000
            0.048761            0.051870            0.000000            1.570796            6.033021            0.000000            1.570796          143.020000
            0.048816            0.051870            0.000000            1.570796            1.350338            0.000000            0.000000          143.020000
            0.048871            0.051870            0.000000            1.570796            1.380044            0.000000            0.000000          143.020000
            0.048925            0.051870            0.000000            1.570796            1.409750            0.000000            0.000000          143.020000
            0.048980            0.051870            0.000000            1.570796            1.439457            0.000000            0.000000          143.020000
            0.049035            0.051870            0.000000            1.570796            1.469163            0.000000            0.000000          143.020000
            0.049090            0.051870            0.000000            1.570796            1.498869            0.000000            0.000000          143.020000
            0.049144            0.051870            0.000000            1.570796            1.528575            0.000000            0.000000          143.020000
            0.049199            0.051870            0.000000            1.570796            6.270671            0.000000            1.570796          143.020000
            0.049254            0.051870            0.000000            1.570796            1.587988            0.000000            0.000000          143.020000
            0.049309            0.051870            0.000000            1.570796            0.046898            0.000000            1.570796          143.020000
            0.049363            0.051870            0.000000            1.570796            0.076604            0.000000            1.570796          143.020000
            0.049418            0.051870            0.000000            1.570796            0.106310            0.000000            1.570796          143.020000
            0.049473            0.051870            0.000000            1.570796            0.136016            0.000000            1.570796          143.020000
            0.049528            0.051870            0.000000            1.570796            0.165723            0.000000            1.570796          143.020000
            0.049582            0.051870            0.000000            1.570796            0.195429            0.000000            1.570796          143.020000
            0.049637            0.051870            0.000000            1.570796            1.795931            0.000000            0.000000          143.020000
            0.049692            0.051870            0.000000            1.570796            0.254841            0.000000            1.570796          143.020000
            0.049747            0.051870            0.000000            1.570796            1.855343            0.000000            0.000000          143.020000
            0.049802            0.051870            0.000000            1.570796            0.314253            0.000000            1.570796          143.020000
            0.049856            0.051870            0.000000            1.570796            1.914756            0.000000            0.000000          143.020000
            0.049911            0.051870            0.000000            1.570796            0.373666            0.000000            1.570796          143.020000
            0.049966            0.051870            0.000000            1.570796            0.403372            0.000000            1.570796          143.020000
            0.050021            0.051870            0.000000            1.570796            2.003874            0.000000            0.000000          143.020000
            0.050075            0.051870            0.000000            1.570796            2.033581            0.000000            0.000000          143.020000
            0.050130            0.051870            0.000000            1.570796            0.492491            0.000000            1.570796          143.020000
            0.050185            0.051870            0.000000            1.570796            0.522197            0.000000            1.570796          143.020000
            0.050240            0.051870            0.000000            1.570796            0.551903            0.000000            1.570796          143.020000
            0.050294            0.051870            0.000000            1.570796            0.581609            0.000000            1.570796          143.020000
            0.050349            0.051870            0.000000            1.570796            2.182112            0.000000            0.000000          143.020000
            0.050404            0.051870            0.000000            1.570796            0.641022            0.000000            1.570796          143.020000
            0.050459            0.051870            0.000000            1.570796            2.241524            0.000000            0.000000          143.020000
            0.050513            0.051870            0.000000            1.570796            2.271230            0.000000            0.000000          143.020000
            0.050568            0.051870            0.000000            1.570796            0.730140            0.000000            1.570796          143.020000
            0.050623            0.051870            0.000000            1.570796            0.759846            0.000000            1.570796          143.020000
            0.050705            0.051870            0.000000            1.570796            2.375202            0.000000            0.000000          143.020000
            0.050760            0.051870            0.000000            1.570796            2.404908            0.000000            0.000000          143.020000
            0.050815            0.051870            0.000000            1.570796            2.434614            0.000000            0.000000          143.020000
            0.050869            0.051870            0.000000            1.570796            2.464321            0.000000            0.000000          143.020000
            0.050924            0.051870            0.000000            1.570796            0.923230            0.000000            1.570796          143.020000
            0.050979            0.051870            0.000000            1.570796            0.952937            0.000000            1.570796          143.020000
            0.051034            0.051870            0.000000            1.570796            0.982643            0.000000            1.570796          143.020000
            0.051088            0.051870            0.000000            1.570796            1.012349            0.000000            1.570796          143.020000
            0.051143            0.051870            0.000000            1.570796            2.612852            0.000000            0.000000          143.020000
            0.051198            0.051870            0.000000            1.570796            1.071761            0.000000            1.570796          143.020000
            0.051253            0.051870            0.000000            1.570796            2.672264            0.000000            0.000000          143.020000
            0.051307            0.051870            0.000000            1.570796            1.131174            0.000000            1.570796          143.020000
            0.051362            0.051870            0.000000            1.570796            2.731676            0.000000            0.000000          143.020000
            0.051417            0.051870            0.000000            1.570796            1.190586            0.000000            1.570796          143.020000
            0.051472            0.051870            0.000000            1.570796            5.932681            0.000000            3.141593          143.020000
            0.051526            0.051870            0.000000            1.570796            1.249999            0.000000            1.570796          143.020000
            0.051554            0.051870            0.000000            1.570796            2.835648            0.000000            0.000000          143.020000
            0.051608            0.051870            0.000000            1.570796            1.294558            0.000000            1.570796          143.020000
            0.051663            0.051870            0.000000            1.570796            2.895060            0.000000            0.000000          143.020000
            0.051718            0.051870            0.000000            1.570796            1.353970            0.000000            1.570796          143.020000
            0.051773            0.051870            0.000000            1.570796            6.096066            0.000000            3.141593          143.020000
            0.051828            0.051870            0.000000            1.570796            1.413383            0.000000            1.570796          143.020000
            0.051882            0.051870            0.000000            1.570796            3.013885            0.000000            0.000000          143.020000
            0.051937            0.051870            0.000000            1.570796            1.472795            0.000000            1.570796          143.020000
            0.051992            0.051870            0.000000            1.570796            3.073298            0.000000            0.000000          143.020000
            0.052047            0.051870            0.000000            1.570796            3.103004            0.000000            0.000000          143.020000
            0.052101            0.051870            0.000000            1.570796            3.132710            0.000000            0.000000          143.020000
            0.052156            0.051870            0.000000            1.570796            3.162416            0.000000            0.000000          143.020000
            0.052211            0.051870            0.000000            1.570796            0.050530            0.000000            3.141593          143.020000
            0.052266            0.051870            0.000000            1.570796            0.080236            0.000000            3.141593          143.020000
            0.052320            0.051870            0.000000            1.570796            1.680738            0.000000            1.570796          143.020000
            0.052375            0.051870            0.000000            1.570796            1.710445            0.000000            1.570796          143.020000
            0.052430            0.051870            0.000000            1.570796            0.169355            0.000000            3.141593          143.020000
            0.052485            0.051870            0.000000            1.570796            1.769857            0.000000            1.570796          143.020000
            0.052539            0.051870            0.000000            1.570796            0.228767            0.000000            3.141593          143.020000
            0.052594            0.051870            0.000000            1.570796            1.829269            0.000000            1.570796          143.020000
            0.052649            0.051870            0.000000            1.570796            0.288179            0.000000            3.141593          143.020000
            0.052704            0.051870            0.000000            1.570796            0.317886            0.000000            3.141593          143.020000
            0.052758            0.051870            0.000000            1.570796            1.918388            0.000000            1.570796          143.020000
            0.052813            0.051870            0.000000            1.570796            1.948094            0.000000            1.570796          143.020000
            0.052868            0.051870            0.000000            1.570796            1.977800            0.000000            1.570797          143.020000
            0.052923            0.051870            0.000000            1.570796            0.436710            0.000000            3.141593          143.020000
            0.052977            0.051870            0.000000            1.570796            0.466417            0.000000            3.141593          143.020000
            0.053032            0.051870            0.000000            1.570796            0.496123            0.000000            3.141593          143.020000
            0.053087            0.051870            0.000000            1.570796            2.096625            0.000000            1.570797          143.020000
            0.053142            0.051870            0.000000            1.570796            2.126331            0.000000            1.570797          143.020000
            0.053196            0.051870            0.000000            1.570796            0.585241            0.000000            3.141593          143.020000
            0.053251            0.051870            0.000000            1.570796            0.614948            0.000000            3.141593          143.020000
            0.053306            0.051870            0.000000            1.570796            0.644654            0.000000            3.141593          143.020000
            0.053361            0.051870            0.000000            1.570796            0.674360            0.000000            3.141593          143.020000
            0.053415            0.051870            0.000000            1.570796            2.274862            0.000000            1.570797          143.020000
            0.053470            0.051870            0.000000            1.570796            0.733772            0.000000            3.141593          143.020000
            0.053525            0.051870            0.000000            1.570796            0.763479            0.000000            3.141593          143.020000
            0.053580            0.051870            0.000000            1.570796            0.793185            0.000000            3.141593          143.020000
            0.053634            0.051870            0.000000            1.570796            2.393687            0.000000            1.570797          143.020000
            0.053689            0.051870            0.000000            1.570796            0.852597            0.000000            3.141593          143.020000
            0.053744            0.051870            0.000000            1.570796            0.882303            0.000000            3.141593          143.020000
            0.053799            0.051870            0.000000            1.570796            2.482806            0.000000            1.570797          143.020000
            0.053854            0.051870            0.000000            1.570796            0.941716            0.000000            3.141593          143.020000
            0.053908            0.051870            0.000000            1.570796            2.542218            0.000000            1.570797          143.020000
            0.053963            0.051870            0.000000            1.570796            1.001128            0.000000            3.141593          143.020000
            0.054018            0.051870            0.000000            1.570796            1.030834            0.000000            3.141593          143.020000
            0.054073            0.051870            0.000000            1.570796            1.060541            0.000000            3.141593          143.020000
            0.054127            0.051870            0.000000            1.570796            1.090247            0.000000            3.141593          143.020000
            0.054182            0.051870            0.000000            1.570796            1.119953            0.000000            3.141593          143.020000
            0.054237            0.051870            0.000000            1.570796            1.149659            0.000000            3.141593          143.020000
            0.054292            0.051870            0.000000            1.570796            2.750161            0.000000            1.570797          143.020000
            0.054346            0.051870            0.000000            1.570796            1.209072            0.000000            3.141593          143.020000
            0.054401            0.051870            0.000000            1.570796            1.238778            0.000000            3.141593          143.020000
            0.054456            0.051870            0.000000            1.570796            1.268484            0.000000            3.141593          143.020000
            0.054511            0.051870            0.000000            1.570796            1.298190            0.000000            3.141593          143.020000
            0.054565            0.051870            0.000000            1.570796            1.327897            0.000000            3.141593          143.020000
            0.054620            0.051870            0.000000            1.570796            2.928399            0.000000            1.570797          143.020000
            0.054675            0.051870            0.000000            1.570796            1.387309            0.000000            3.141593          143.020000
            0.054730            0.051870            0.000000            1.570796            1.417015            0.000000            3.141593          143.020000
            0.054784            0.051870            0.000000            1.570796            1.446721            0.000000            3.141593          143.020000
            0.054839            0.051870            0.000000            1.570796            1.476428            0.000000            3.141593          143.020000
            0.054894            0.051870            0.000000            1.570796            3.076930            0.000000            1.570797          143.020000
            0.054949            0.051870            0.000000            1.570796            1.535840            0.000000            3.141593          143.020000
            0.055003            0.051870            0.000000            1.570796            1.565546            0.000000            3.141593          143.020000
            0.055058            0.051870            0.000000            1.570796            3.166048            0.000000            1.570797          143.020000
            0.055113            0.051870            0.000000            1.570796            3.195755            0.000000            1.570797          143.020000
            0.055168            0.051870            0.000000            1.570796            1.654665            0.000000            3.141593          143.020000
            0.055222            0.051870            0.000000            1.570796            1.684371            0.000000            3.141593          143.020000
            0.055277            0.051870            0.000000            1.570796            3.284873            0.000000            1.570796          143.020000
            0.055332            0.051870            0.000000            1.570796            3.314579            0.000000            1.570797          143.020000
            0.055387            0.051870            0.000000            1.570796            3.344286            0.000000            1.570797          143.020000
            0.055441            0.051870            0.000000            1.570796            1.803196            0.000000            3.141593          143.020000
            0.055496            0.051870            0.000000            1.570796            3.403698            0.000000            1.570797          143.020000
            0.055551            0.051870            0.000000            1.570796            3.433404            0.000000            1.570796          143.020000
            0.055606            0.051870            0.000000            1.570796            3.463111            0.000000            1.570796          143.020000
            0.055661            0.051870            0.000000            1.570796            3.492817            0.000000            1.570797          143.020000
            0.055715            0.051870            0.000000            1.570796            3.522523            0.000000            1.570797          143.020000
            0.055770            0.051870            0.000000            1.570796            1.981433            0.000000            3.141593          143.020000
            0.055825            0.051870            0.000000            1.570796            3.581935            0.000000            1.570796          143.020000
            0.055880            0.051870            0.000000            1.570796            2.040845            0.000000            3.141593          143.020000
            0.055934            0.051870            0.000000            1.570796            2.070552            0.000000            3.141593          143.020000
            0.055989            0.051870            0.000000            1.570796            2.100258            0.000000            3.141593          143.020000
            0.056044            0.051870            0.000000            1.570796            3.700760            0.000000            1.570796          143.020000
            0.056099            0.051870            0.000000            1.570796            2.159670            0.000000            3.141593          143.020000
            0.056181            0.051870            0.000000            1.570796            3.775026            0.000000            1.570796          143.020000
            0.056235            0.051870            0.000000            1.570796            2.233936            0.000000            3.141593          143.020000
            0.056290            0.051870            0.000000            1.570796            3.834438            0.000000            1.570796          143.020000
            0.056345            0.051870            0.000000            1.570796            3.864144            0.000000            1.570796          143.020000
            0.056400            0.051870            0.000000            1.570796            2.323054            0.000000            3.141593          143.020000
            0.056454            0.051870            0.000000            1.570796            2.352760            0.000000            3.141593          143.020000
            0.056509            0.051870            0.000000            1.570796            2.382467            0.000000            3.141593          143.020000
            0.056564            0.051870            0.000000            1.570796            2.412173            0.000000            3.141593          143.020000
            0.056619            0.051870            0.000000            1.570796            4.012675            0.000000            1.570796          143.020000
            0.056674            0.051870            0.000000            1.570796            4.042382            0.000000            1.570796          143.020000
            0.056728            0.051870            0.000000            1.570796            4.072088            0.000000            1.570796          143.020000
            0.056783            0.051870            0.000000            1.570796            5.672590            0.000000            0.000000          143.020000
            0.056838            0.051870            0.000000            1.570796            2.560704            0.000000            3.141593          143.020000
            0.056893            0.051870            0.000000            1.570796            5.732003            0.000000            0.000000          143.020000
            0.056947            0.051870            0.000000            1.570796            4.190913            0.000000            1.570796          143.020000
            0.057002            0.051870            0.000000            1.570796            5.791415            0.000000            0.000000          143.020000
            0.057057            0.051870            0.000000            1.570796            4.250325            0.000000            1.570796          143.020000
            0.057112            0.051870            0.000000            1.570796            5.850828            0.000000            0.000000          143.020000
            0.057166            0.051870            0.000000            1.570796            5.880534            0.000000            0.000000          143.020000
            0.057221            0.051870            0.000000            1.570796            5.910240            0.000000            0.000000          143.020000
            0.057276            0.051870            0.000000            1.570796            5.939946            0.000000            0.000000          143.020000
            0.057303            0.051870            0.000000            1.570796            5.954799            0.000000            0.000000          143.020000
            0.057358            0.051870            0.000000            1.570796            4.413709            0.000000            1.570796          143.020000
            0.057413            0.051870            0.000000            1.570796            4.443415            0.000000            1.570796          143.020000
            0.057467            0.051870            0.000000            1.570796            4.473122            0.000000            1.570796          143.020000
            0.057522            0.051870            0.000000            1.570796            4.502828            0.000000            1.570796          143.020000
            0.057577            0.051870            0.000000            1.570796            6.103330            0.000000            0.000000          143.020000
            0.057632            0.051870            0.000000            1.570796            6.133036            0.000000            0.000000          143.020000
            0.057687            0.051870            0.000000            1.570796            6.162743            0.000000            0.000000          143.020000
            0.057741            0.051870            0.000000            1.570796            4.621653            0.000000            1.570796          143.020000
            0.057796            0.051870            0.000000            1.570796            6.222155            0.000000            0.000000          143.020000
            0.057851            0.051870            0.000000            1.570796            6.251861            0.000000            0.000000          143.020000
            0.057906            0.051870            0.000000            1.570796            6.281567            0.000000            0.000000          143.020000
            0.057960            0.051870            0.000000            1.570796            0.028088            0.000000            0.000000          143.020000
            0.058015            0.051870            0.000000            1.570796            0.057795            0.000000            0.000000          143.020000
            0.058070            0.051870            0.000000            1.570796            4.799890            0.000000            1.570796          143.020000
            0.058125            0.051870            0.000000            1.570796            4.829596            0.000000            1.570796          143.020000
            0.058179            0.051870            0.000000            1.570796            4.859302            0.000000            1.570796          143.020000
            0.058234            0.051870            0.000000            1.570796            0.176619            0.000000            0.000000          143.020000
            0.058289            0.051870            0.000000            1.570796            4.918715            0.000000            1.570796          143.020000
            0.058344            0.051870            0.000000            1.570796            4.948421            0.000000            1.570796          143.020000
            0.058398            0.051870            0.000000            1.570796            4.978127            0.000000            1.570796          143.020000
            0.058453            0.051870            0.000000            1.570796            0.295444            0.000000            0.000000          143.020000
            0.058508            0.051870            0.000000            1.570796            5.037540            0.000000            1.570796          143.020000
            0.058563            0.051870            0.000000            1.570796            0.354857            0.000000            0.000000          143.020000
            0.058617            0.051870            0.000000            1.570796            5.096952            0.000000            1.570796          143.020000
            0.058672            0.051870            0.000000            1.570796            0.414269            0.000000            0.000000          143.020000
            0.058727            0.051870            0.000000            1.570796            0.443975            0.000000            0.000000          143.020000
            0.058782            0.051870            0.000000            1.570796            0.473681            0.000000            0.000000          143.020000
            0.058836            0.051870            0.000000            1.570796            0.503388            0.000000            0.000000          143.020000
            0.058891            0.051870            0.000000            1.570796            5.245483            0.000000            1.570796          143.020000
            0.058946            0.051870            0.000000            1.570796            5.275189            0.000000            1.570796          143.020000
            0.059001            0.051870            0.000000            1.570796            5.304895            0.000000            1.570796          143.020000
            0.059055            0.051870            0.000000            1.570796            0.622212            0.000000            0.000000          143.020000
            0.059110            0.051870            0.000000            1.570796            0.651919            0.000000            0.000000          143.020000
            0.059165            0.051870            0.000000            1.570796            5.394014            0.000000            1.570796          143.020000
            0.059220            0.051870            0.000000            1.570796            5.423720            0.000000            1.570796          143.020000
            0.059274            0.051870            0.000000            1.570796            5.453426            0.000000            1.570796          143.020000
            0.059329            0.051870            0.000000            1.570796            5.483133            0.000000            1.570796          143.020000
            0.059384            0.051870            0.000000            1.570796            5.512839            0.000000            1.570796          143.020000
            0.059439            0.051870            0.000000            1.570796            5.542545            0.000000            1.570796          143.020000
            0.059493            0.051870            0.000000            1.570796            5.572251            0.000000            1.570796          143.020000
            0.059548            0.051870            0.000000            1.570796            0.889568            0.000000            0.000000          143.020000
            0.059603            0.051870            0.000000            1.570796            5.631664            0.000000            1.570796          143.020000
            0.059658            0.051870            0.000000            1.570796            0.948981            0.000000            0.000000          143.020000
            0.059713            0.051870            0.000000            1.570796            5.691076            0.000000            1.570796          143.020000
            0.059767            0.051870            0.000000            1.570796            5.720782            0.000000            1.570796          143.020000
            0.059822            0.051870            0.000000            1.570796            5.750488            0.000000            1.570796          143.020000
            0.059877            0.051870            0.000000            1.570796            1.067805            0.000000            0.000000          143.020000
            0.059932            0.051870            0.000000            1.570796            5.809901            0.000000            1.570796          143.020000
            0.059986            0.051870            0.000000            1.570796            1.127218            0.000000            0.000000          143.020000
            0.060041            0.051870            0.000000            1.570796            5.869313            0.000000            1.570796          143.020000
            0.060096            0.051870            0.000000            1.570796            5.899020            0.000000            1.570796          143.020000
            0.060151            0.051870            0.000000            1.570796            5.928726            0.000000            1.570796          143.020000
            0.060205            0.051870            0.000000            1.570796            1.246043            0.000000            0.000000          143.020000
            0.060260            0.051870            0.000000            1.570796            5.988138            0.000000            1.570796          143.020000
            0.060315            0.051870            0.000000            1.570796            1.305455            0.000000            0.000000          143.020000
            0.060370            0.051870            0.000000            1.570796            6.047550            0.000000            1.570796          143.020000
            0.060424            0.051870            0.000000            1.570796            1.364867            0.000000            0.000000          143.020000
            0.060479            0.051870            0.000000            1.570796            1.394574            0.000000            0.000000          143.020000
            0.060534            0.051870            0.000000            1.570796            1.424280            0.000000            0.000000          143.020000
            0.060589            0.051870            0.000000            1.570796            6.166375            0.000000            1.570796          143.020000
            0.060643            0.051870            0.000000            1.570796            6.196082            0.000000            1.570796          143.020000
            0.060698            0.051870            0.000000            1.570796            6.225788            0.000000            1.570796          143.020000
            0.060753            0.051870            0.000000            1.570796            6.255494            0.000000            1.570796          143.020000
            0.060808            0.051870            0.000000            1.570796            1.572811            0.000000            0.000000          143.020000
            0.060862            0.051870            0.000000            1.570796            1.602517            0.000000            0.000000          143.020000
            0.060917            0.051870            0.000000            1.570796            1.632223            0.000000            0.000000          143.020000
            0.060972            0.051870            0.000000            1.570796            1.661930            0.000000            0.000000          143.020000
            0.061027            0.051870            0.000000            1.570796            0.120840            0.000000            1.570796          143.020000
            0.061081            0.051870            0.000000            1.570796            0.150546            0.000000            1.570796          143.020000
            0.061136            0.051870            0.000000            1.570796            1.751048            0.000000            0.000000          143.020000
            0.061191            0.051870            0.000000            1.570796            1.780754            0.000000            0.000000          143.020000
            0.061246            0.051870            0.000000            1.570796            0.239664            0.000000            1.570796          143.020000
            0.061300            0.051870            0.000000            1.570796            0.269371            0.000000            1.570796          143.020000
            0.061355            0.051870            0.000000            1.570796            0.299077            0.000000            1.570796          143.020000
            0.061410            0.051870            0.000000            1.570796            1.899579            0.000000            0.000000          143.020000
            0.061465            0.051870            0.000000            1.570796            1.929285            0.000000            0.000000          143.020000
            0.061520            0.051870            0.000000            1.570796            0.388195            0.000000            1.570796          143.020000
            0.061574            0.051870            0.000000            1.570796            1.988698            0.000000            0.000000          143.020000
            0.061629            0.051870            0.000000            1.570796            2.018404            0.000000            0.000000          143.020000
            0.061684            0.051870            0.000000            1.570796            2.048110            0.000000            0.000000          143.020000
            0.061739            0.051870            0.000000            1.570796            2.077816            0.000000            0.000000          143.020000
            0.061793            0.051870            0.000000            1.570796            2.107523            0.000000            0.000000          143.020000
            0.061848            0.051870            0.000000            1.570796            0.566433            0.000000            1.570796          143.020000
            0.061903            0.051870            0.000000            1.570796            2.166935            0.000000            0.000000          143.020000
            0.061958            0.051870            0.000000            1.570796            2.196641            0.000000            0.000000          143.020000
            0.062012            0.051870            0.000000            1.570796            2.226347            0.000000            0.000000          143.020000
            0.062067            0.051870            0.000000            1.570796            2.256054            0.000000            0.000000          143.020000
            0.062122            0.051870            0.000000            1.570796            2.285760            0.000000            0.000000          143.020000
            0.062177            0.051870            0.000000            1.570796            2.315466            0.000000            0.000000          143.020000
            0.062231            0.051870            0.000000            1.570796            2.345172            0.000000            0.000000          143.020000
            0.062286            0.051870            0.000000            1.570796            2.374878            0.000000            0.000000          143.020000
            0.062341            0.051870            0.000000            1.570796            2.404585            0.000000            0.000000          143.020000
            0.062396            0.051870            0.000000            1.570796            2.434291            0.000000            0.000000          143.020000
            0.062450            0.051870            0.000000            1.570796            0.893201            0.000000            1.570796          143.020000
            0.062505            0.051870            0.000000            1.570796            2.493703            0.000000            0.000000          143.020000
            0.062560            0.051870            0.000000            1.570796            2.523409            0.000000            0.000000          143.020000
            0.062615            0.051870            0.000000            1.570796            2.553116            0.000000            0.000000          143.020000
            0.062669            0.051870            0.000000            1.570796            1.012026            0.000000            1.570796          143.020000
            0.062724            0.051870            0.000000            1.570796            2.612528            0.000000            0.000000          143.020000
            0.062779            0.051870            0.000000            1.570796            1.071438            0.000000            1.570796          143.020000
            0.062834            0.051870            0.000000            1.570796            1.101144            0.000000            1.570796          143.020000
            0.062888            0.051870            0.000000            1.570796            2.701647            0.000000            0.000000          143.020000
            0.062943            0.051870            0.000000            1.570796            2.731353            0.000000            0.000000          143.020000
            0.062998            0.051870            0.000000            1.570796            1.190263            0.000000            1.570796          143.020000
            0.063053            0.051870            0.000000            1.570796            5.932358            0.000000            3.141593          143.020000
            0.063107            0.051870            0.000000            1.570796            2.820471            0.000000            0.000000          143.020000
            0.063162            0.051870            0.000000            1.570796            5.991770            0.000000            3.141593          143.020000
            0.063217            0.051870            0.000000            1.570796            6.021476            0.000000            3.141593          143.020000
            0.063272            0.051870            0.000000            1.570796            1.338794            0.000000            1.570796          143.020000
            0.063326            0.051870            0.000000            1.570796            6.080889            0.000000            3.141593          143.020000
            0.063381            0.051870            0.000000            1.570796            6.110595            0.000000            3.141593          143.020000
            0.063436            0.051870            0.000000            1.570796            6.140301            0.000000            3.141593          143.020000
            0.063491            0.051870            0.000000            1.570796            1.457618            0.000000            1.570796          143.020000
            0.063546            0.051870            0.000000            1.570796            1.487325            0.000000            1.570796          143.020000
            0.063600            0.051870            0.000000            1.570796            1.517031            0.000000            1.570796          143.020000
            0.063655            0.051870            0.000000            1.570796            6.259126            0.000000            3.141593          143.020000
            0.063710            0.051870            0.000000            1.570796            0.005647            0.000000            3.141593          143.020000
            0.063765            0.051870            0.000000            1.570796            1.606149            0.000000            1.570797          143.020000
            0.063819            0.051870            0.000000            1.570796            1.635856            0.000000            1.570796          143.020000
            0.063874            0.051870            0.000000            1.570796            1.665562            0.000000            1.570797          143.020000
            0.063929            0.051870            0.000000            1.570796            1.695268            0.000000            1.570797          143.020000
            0.063984            0.051870            0.000000            1.570796            0.154178            0.000000            3.141593          143.020000
            0.064038            0.051870            0.000000            1.570796            1.754680            0.000000            1.570796          143.020000
            0.064093            0.051870            0.000000            1.570796            0.213590            0.000000            3.141593          143.020000
            0.064148            0.051870            0.000000            1.570796            1.814093            0.000000            1.570796          143.020000
            0.064203            0.051870            0.000000            1.570796            1.843799            0.000000            1.570797          143.020000
            0.064257            0.051870            0.000000            1.570796            1.873505            0.000000            1.570797          143.020000
            0.064312            0.051870            0.000000            1.570796            0.332415            0.000000            3.141593          143.020000
            0.064367            0.051870            0.000000            1.570796            0.362121            0.000000            3.141593          143.020000
            0.064422            0.051870            0.000000            1.570796            1.962624            0.000000            1.570797          143.020000
            0.064476            0.051870            0.000000            1.570796            0.421534            0.000000            3.141593          143.020000
            0.064559            0.051870            0.000000            1.570796            0.466093            0.000000            3.141593          143.020000
            0.064613            0.051870            0.000000            1.570796            0.495799            0.000000            3.141593          143.020000
            0.064668            0.051870            0.000000            1.570796            0.525505            0.000000            3.141593          143.020000
            0.064723            0.051870            0.000000            1.570796            0.555212            0.000000            3.141593          143.020000
            0.064778            0.051870            0.000000            1.570796            0.584918            0.000000            3.141593          143.020000
            0.064832            0.051870            0.000000            1.570796            2.185420            0.000000            1.570796          143.020000
            0.064887            0.051870            0.000000            1.570796            0.644330            0.000000            3.141593          143.020000
            0.064942            0.051870            0.000000            1.570796            2.244833            0.000000            1.570797          143.020000
            0.064997            0.051870            0.000000            1.570796            2.274539            0.000000            1.570797          143.020000
            0.065051            0.051870            0.000000            1.570796            0.733449            0.000000            3.141593          143.020000
            0.065106            0.051870            0.000000            1.570796            0.763155            0.000000            3.141593          143.020000
            0.065161            0.051870            0.000000            1.570796            0.792861            0.000000            3.141593          143.020000
            0.065216            0.051870            0.000000            1.570796            0.822568            0.000000            3.141593          143.020000
            0.065270            0.051870            0.000000            1.570796            0.852274            0.000000            3.141593          143.020000
            0.065325            0.051870            0.000000            1.570796            0.881980            0.000000            3.141593          143.020000
            0.065380            0.051870            0.000000            1.570796            0.911686            0.000000            3.141593          143.020000
            0.065435            0.051870            0.000000            1.570796            0.941392            0.000000            3.141593          143.020000
            0.065489            0.051870            0.000000            1.570796            0.971099            0.000000            3.141593          143.020000
            0.065544            0.051870            0.000000            1.570796            1.000805            0.000000            3.141593          143.020000
            0.065599            0.051870            0.000000            1.570796            1.030511            0.000000            3.141593          143.020000
            0.065654            0.051870            0.000000            1.570796            1.060217            0.000000            3.141593          143.020000
            0.065708            0.051870            0.000000            1.570796            1.089923            0.000000            3.141593          143.020000
            0.065763            0.051870            0.000000            1.570796            2.690426            0.000000            1.570797          143.020000
            0.065818            0.051870            0.000000            1.570796            1.149336            0.000000            3.141593          143.020000
            0.065873            0.051870            0.000000            1.570796            2.749838            0.000000            1.570797          143.020000
            0.065900            0.051870            0.000000            1.570796            1.193895            0.000000            3.141593          143.020000
            0.065955            0.051870            0.000000            1.570796            1.223601            0.000000            3.141593          143.020000
            0.066010            0.051870            0.000000            1.570796            1.253307            0.000000            3.141593          143.020000
            0.066064            0.051870            0.000000            1.570796            1.283014            0.000000            3.141593          143.020000
            0.066119            0.051870            0.000000            1.570796            2.883516            0.000000            1.570797          143.020000
            0.066174            0.051870            0.000000            1.570796            1.342426            0.000000            3.141593          143.020000
            0.066229            0.051870            0.000000            1.570796            1.372132            0.000000            3.141593          143.020000
            0.066283            0.051870            0.000000            1.570796            2.972634            0.000000            1.570797          143.020000
            0.066338            0.051870            0.000000            1.570796            3.002341            0.000000            1.570797          143.020000
            0.066393            0.051870            0.000000            1.570796            1.461251            0.000000            3.141593          143.020000
            0.066448            0.051870            0.000000            1.570796            3.061753            0.000000            1.570797          143.020000
            0.066502            0.051870            0.000000            1.570796            3.091459            0.000000            1.570797          143.020000
            0.066557            0.051870            0.000000            1.570796            1.550369            0.000000            3.141593          143.020000
            0.066612            0.051870            0.000000            1.570796            1.580076            0.000000            3.141593          143.020000
            0.066667            0.051870            0.000000            1.570796            3.180578            0.000000            1.570797          143.020000
            0.066721            0.051870            0.000000            1.570796            1.639488            0.000000            3.141593          143.020000
            0.066776            0.051870            0.000000            1.570796            1.669194            0.000000            3.141593          143.020000
            0.066831            0.051870            0.000000            1.570796            3.269697            0.000000            1.570797          143.020000
            0.066886            0.051870            0.000000            1.570796            1.728607            0.000000            3.141593          143.020000
            0.066940            0.051870            0.000000            1.570796            1.758313            0.000000            3.141593          143.020000
            0.066995            0.051870            0.000000            1.570796            1.788019            0.000000            3.141593          143.020000
            0.067050            0.051870            0.000000            1.570796            3.388521            0.000000            1.570797          143.020000
            0.067105            0.051870            0.000000            1.570796            3.418228            0.000000            1.570797          143.020000
            0.067159            0.051870            0.000000            1.570796            3.447934            0.000000            1.570797          143.020000
            0.067214            0.051870            0.000000            1.570796            1.906844            0.000000            3.141593          143.020000
            0.067269            0.051870            0.000000            1.570796            1.936550            0.000000            3.141593          143.020000
            0.067324            0.051870            0.000000            1.570796            1.966256            0.000000            3.141593          143.020000
            0.067379            0.051870            0.000000            1.570796            1.995962            0.000000            3.141593          143.020000
            0.067433            0.051870            0.000000            1.570796            3.596465            0.000000            1.570797          143.020000
            0.067488            0.051870            0.000000            1.570796            2.055375            0.000000            3.141593          143.020000
            0.067543            0.051870            0.000000            1.570796            2.085081            0.000000            3.141593          143.020000
            0.067598            0.051870            0.000000            1.570796            2.114787            0.000000            3.141593          143.020000
            0.067652            0.051870            0.000000            1.570796            2.144494            0.000000            3.141593          143.020000
            0.067707            0.051870            0.000000            1.570796            2.174200            0.000000            3.141593          143.020000
            0.067762            0.051870            0.000000            1.570796            3.774702            0.000000            1.570797          143.020000
            0.067817            0.051870            0.000000            1.570796            2.233612            0.000000            3.141593          143.020000
            0.067871            0.051870            0.000000            1.570796            2.263318            0.000000            3.141593          143.020000
            0.067926            0.051870            0.000000            1.570796            2.293025            0.000000            3.141593          143.020000
            0.067981            0.051870            0.000000            1.570796            3.893527            0.000000            1.570796          143.020000
            0.068036            0.051870            0.000000            1.570796            2.352437            0.000000            3.141593          143.020000
            0.068090            0.051870            0.000000            1.570796            3.952939            0.000000            1.570796          143.020000
            0.068145            0.051870            0.000000            1.570796            3.982645            0.000000            1.570796          143.020000
            0.068200            0.051870            0.000000            1.570796            2.441556            0.000000            3.141593          143.020000
            0.068255            0.051870            0.000000            1.570796            4.042058            0.000000            1.570796          143.020000
            0.068309            0.051870            0.000000            1.570796            2.500968            0.000000            3.141593          143.020000
            0.068364            0.051870            0.000000            1.570796            4.101470            0.000000            1.570796          143.020000
            0.068419            0.051870            0.000000            1.570796            2.560380            0.000000            3.141593          143.020000
            0.068474            0.051870            0.000000            1.570796            2.590087            0.000000            3.141593          143.020000
            0.068528            0.051870            0.000000            1.570796            4.190589            0.000000            1.570796          143.020000
            0.068583            0.051870            0.000000            1.570796            2.649499            0.000000            3.141593          143.020000
            0.068638            0.051870            0.000000            1.570796            4.250001            0.000000            1.570796          143.020000
            0.068693            0.051870            0.000000            1.570796            2.708911            0.000000            3.141593          143.020000
            0.068747            0.051870            0.000000            1.570796            2.738618            0.000000            3.141593          143.020000
            0.068802            0.051870            0.000000            1.570796            2.768324            0.000000            3.141593          143.020000
            0.068857            0.051870            0.000000            1.570796            4.368826            0.000000            1.570796          143.020000
            0.068912            0.051870            0.000000            1.570796            4.398532            0.000000            1.570796          143.020000
            0.068966            0.051870            0.000000            1.570796            4.428239            0.000000            1.570796          143.020000
            0.069021            0.051870            0.000000            1.570796            2.887149            0.000000            3.141593          143.020000
            0.069076            0.051870            0.000000            1.570796            2.916855            0.000000            3.141593          143.020000
            0.069131            0.051870            0.000000            1.570796            4.517357            0.000000            1.570796          143.020000
            0.069185            0.051870            0.000000            1.570796            6.117860            0.000000            0.000000          143.020000
            0.069240            0.051870            0.000000            1.570796            3.005973            0.000000            3.141593          143.020000
            0.069295            0.051870            0.000000            1.570796            3.035680            0.000000            3.141593          143.020000
            0.069350            0.051870            0.000000            1.570796            6.206978            0.000000            0.000000          143.020000
            0.069405            0.051870            0.000000            1.570796            6.236685            0.000000            0.000000          143.020000
            0.069459            0.051870            0.000000            1.570796            6.266391            0.000000            0.000000          143.020000
            0.069514            0.051870            0.000000            1.570796            0.012912            0.000000            0.000000          143.020000
            0.069569            0.051870            0.000000            1.570796            4.755007            0.000000            1.570796          143.020000
            0.069624            0.051870            0.000000            1.570796            4.784713            0.000000            1.570796          143.020000
            0.069678            0.051870            0.000000            1.570796            4.814419            0.000000            1.570796          143.020000
            0.069733            0.051870            0.000000            1.570796            0.131737            0.000000            0.000000          143.020000
            0.069788            0.051870            0.000000            1.570796            0.161443            0.000000            0.000000          143.020000
            0.069843            0.051870            0.000000            1.570796            4.903538            0.000000            1.570796          143.020000
            0.069897            0.051870            0.000000            1.570796            4.933244            0.000000            1.570796          143.020000
            0.069952            0.051870            0.000000            1.570796            0.250561            0.000000            0.000000          143.020000
            0.070007            0.051870            0.000000            1.570796            0.280268            0.000000            0.000000          143.020000
            0.070062            0.051870            0.000000            1.570796            0.309974            0.000000            0.000000          143.020000
            0.070116            0.051870            0.000000            1.570796            0.339680            0.000000            0.000000          143.020000
            0.070171            0.051870            0.000000            1.570796            5.081775            0.000000            1.570796          143.020000
            0.070226            0.051870            0.000000            1.570796            0.399092            0.000000            0.000000          143.020000
            0.070281            0.051870            0.000000            1.570796            0.428799            0.000000            0.000000          143.020000
            0.070335            0.051870            0.000000            1.570796            0.458505            0.000000            0.000000          143.020000
            0.070390            0.051870            0.000000            1.570796            5.200600            0.000000            1.570796          143.020000
            0.070445            0.051870            0.000000            1.570796            5.230306            0.000000            1.570796          143.020000
            0.070500            0.051870            0.000000            1.570796            5.260013            0.000000            1.570796          143.020000
            0.070554            0.051870            0.000000            1.570796            0.577330            0.000000            0.000000          143.020000
            0.070609            0.051870            0.000000            1.570796            5.319425            0.000000            1.570796          143.020000
            0.070664            0.051870            0.000000            1.570796            5.349131            0.000000            1.570796          143.020000
            0.070719            0.051870            0.000000            1.570796            5.378837            0.000000            1.570796          143.020000
            0.070773            0.051870            0.000000            1.570796            5.408544            0.000000            1.570796          143.020000
            0.070828            0.051870            0.000000            1.570796            5.438250            0.000000            1.570796          143.020000
            0.070883            0.051870            0.000000            1.570796            0.755567            0.000000            0.000000          143.020000
            0.070938            0.051870            0.000000            1.570796            5.497662            0.000000            1.570796          143.020000
            0.071020            0.051870            0.000000            1.570796            5.542222            0.000000            1.570796          143.020000
            0.071075            0.051870            0.000000            1.570796            5.571928            0.000000            1.570796          143.020000
            0.071129            0.051870            0.000000            1.570796            5.601634            0.000000            1.570796          143.020000
            0.071184            0.051870            0.000000            1.570796            0.918951            0.000000            0.000000          143.020000
            0.071239            0.051870            0.000000            1.570796            5.661047            0.000000            1.570796          143.020000
            0.071294            0.051870            0.000000            1.570796            5.690753            0.000000            1.570796          143.020000
            0.071348            0.051870            0.000000            1.570796            1.008069            0.000000            0.000000          143.020000
            0.071403            0.051870            0.000000            1.570796            1.037776            0.000000            0.000000          143.020000
            0.071458            0.051870            0.000000            1.570796            5.779871            0.000000            1.570796          143.020000
            0.071513            0.051870            0.000000            1.570796            5.809577            0.000000            1.570796          143.020000
            0.071567            0.051870            0.000000            1.570796            1.126894            0.000000            0.000000          143.020000
            0.071622            0.051870            0.000000            1.570796            1.156601            0.000000            0.000000          143.020000
            0.071677            0.051870            0.000000            1.570796            5.898696            0.000000            1.570796          143.020000
            0.071732            0.051870            0.000000            1.570796            5.928402            0.000000            1.570796          143.020000
            0.071759            0.051870            0.000000            1.570796            5.943255            0.000000            1.570796          143.020000
            0.071814            0.051870            0.000000            1.570796            5.972962            0.000000            1.570796          143.020000
            0.071869            0.051870            0.000000            1.570796            6.002668            0.000000            1.570796          143.020000
            0.071923            0.051870            0.000000            1.570796            6.032374            0.000000            1.570796          143.020000
            0.071978            0.051870            0.000000            1.570796            6.062080            0.000000            1.570796          143.020000
            0.072033            0.051870            0.000000            1.570796            6.091786            0.000000            1.570796          143.020000
            0.072088            0.051870            0.000000            1.570796            6.121492            0.000000            1.570796          143.020000
            0.072142            0.051870            0.000000            1.570796            6.151199            0.000000            1.570796          143.020000
            0.072197            0.051870            0.000000            1.570796            6.180905            0.000000            1.570796          143.020000
            0.072252            0.051870            0.000000            1.570796            6.210611            0.000000            1.570796          143.020000
            0.072307            0.051870            0.000000            1.570796            6.240317            0.000000            1.570796          143.020000
            0.072361            0.051870            0.000000            1.570796            1.557634            0.000000            0.000000          143.020000
            0.072416            0.051870            0.000000            1.570796            0.016545            0.000000            1.570796          143.020000
            0.072471            0.051870            0.000000            1.570796            0.046251            0.000000            1.570796          143.020000
            0.072526            0.051870            0.000000            1.570796            0.075957            0.000000            1.570796          143.020000
            0.072580            0.051870            0.000000            1.570796            1.676459            0.000000            0.000000          143.020000
            0.072635            0.051870            0.000000            1.570796            1.706165            0.000000            0.000000          143.020000
            0.072690            0.051870            0.000000            1.570796            1.735871            0.000000            0.000000          143.020000
            0.072745            0.051870            0.000000            1.570796            1.765578            0.000000            0.000000          143.020000
            0.072799            0.051870            0.000000            1.570796            1.795284            0.000000            0.000000          143.020000
            0.072854            0.051870            0.000000            1.570796            1.824990            0.000000            0.000000          143.020000
            0.072909            0.051870            0.000000            1.570796            1.854696            0.000000            0.000000          143.020000
            0.072964            0.051870            0.000000            1.570796            1.884402            0.000000            0.000000          143.020000
            0.073018            0.051870            0.000000            1.570796            1.914109            0.000000            0.000000          143.020000
            0.073073            0.051870            0.000000            1.570796            1.943815            0.000000            0.000000          143.020000
            0.073128            0.051870            0.000000            1.570796            0.402725            0.000000            1.570796          143.020000
            0.073183            0.051870            0.000000            1.570796            2.003227            0.000000            0.000000          143.020000
            0.073238            0.051870            0.000000            1.570796            2.032933            0.000000            0.000000          143.020000
            0.073292            0.051870            0.000000            1.570796            2.062640            0.000000            0.000000          143.020000
            0.073347            0.051870            0.000000            1.570796            2.092346            0.000000            0.000000          143.020000
            0.073402            0.051870            0.000000            1.570796            2.122052            0.000000            0.000000          143.020000
            0.073457            0.051870            0.000000            1.570796            0.580962            0.000000            1.570796          143.020000
            0.073511            0.051870            0.000000            1.570796            2.181464            0.000000            0.000000          143.020000
            0.073566            0.051870            0.000000            1.570796            2.211171            0.000000            0.000000          143.020000
            0.073621            0.051870            0.000000            1.570796            0.670081            0.000000            1.570796          143.020000
            0.073676            0.051870            0.000000            1.570796            2.270583            0.000000            0.000000          143.020000
            0.073730            0.051870            0.000000            1.570796            0.729493            0.000000            1.570796          143.020000
            0.073785            0.051870            0.000000            1.570796            2.329995            0.000000            0.000000          143.020000
            0.073840            0.051870            0.000000            1.570796            2.359702            0.000000            0.000000          143.020000
            0.073895            0.051870            0.000000            1.570796            0.818612            0.000000            1.570796          143.020000
            0.073949            0.051870            0.000000            1.570796            0.848318            0.000000            1.570796          143.020000
            0.074004            0.051870            0.000000            1.570796            2.448820            0.000000            0.000000          143.020000
            0.074059            0.051870            0.000000            1.570796            0.907730            0.000000            1.570796          143.020000
            0.074114            0.051870            0.000000            1.570796            2.508233            0.000000            0.000000          143.020000
            0.074168            0.051870            0.000000            1.570796            2.537939            0.000000            0.000000          143.020000
            0.074223            0.051870            0.000000            1.570796            2.567645            0.000000            0.000000          143.020000
            0.074278            0.051870            0.000000            1.570796            2.597351            0.000000            0.000000          143.020000
            0.074333            0.051870            0.000000            1.570796            1.056261            0.000000            1.570796          143.020000
            0.074387            0.051870            0.000000            1.570796            1.085967            0.000000            1.570796          143.020000
            0.074442            0.051870            0.000000            1.570796            2.686470            0.000000            0.000000          143.020000
            0.074497            0.051870            0.000000            1.570796            2.716176            0.000000            0.000000          143.020000
            0.074552            0.051870            0.000000            1.570796            1.175086            0.000000            1.570796          143.020000
            0.074606            0.051870            0.000000            1.570796            1.204792            0.000000            1.570796          143.020000
            0.074661            0.051870            0.000000            1.570796            2.805295            0.000000            0.000000          143.020000
            0.074716            0.051870            0.000000            1.570796            5.976594            0.000000            3.141593          143.020000
            0.074771            0.051870            0.000000            1.570796            1.293911            0.000000            1.570796          143.020000
            0.074825            0.051870            0.000000            1.570796            6.036006            0.000000            3.141593          143.020000
            0.074880            0.051870            0.000000            1.570796            6.065712            0.000000            3.141593          143.020000
            0.074935            0.051870            0.000000            1.570796            6.095418            0.000000            3.141593          143.020000
            0.074990            0.051870            0.000000            1.570796            1.412736            0.000000            1.570796          143.020000
            0.075044            0.051870            0.000000            1.570796            6.154831            0.000000            3.141593          143.020000
            0.075099            0.051870            0.000000            1.570796            1.472148            0.000000            1.570796          143.020000
            0.075154            0.051870            0.000000            1.570796            1.501854            0.000000            1.570796          143.020000
            0.075209            0.051870            0.000000            1.570796            1.531560            0.000000            1.570796          143.020000
            0.075264            0.051870            0.000000            1.570796            6.273656            0.000000            3.141593          143.020000
            0.075318            0.051870            0.000000            1.570796            0.020176            0.000000            3.141593          143.020000
            0.075373            0.051870            0.000000            1.570796            0.049883            0.000000            3.141593          143.020000
            0.075428            0.051870            0.000000            1.570796            0.079589            0.000000            3.141593          143.020000
            0.075483            0.051870            0.000000            1.570796            0.109295            0.000000            3.141593          143.020000
            0.075537            0.051870            0.000000            1.570796            0.139001            0.000000            3.141593          143.020000
            0.075592            0.051870            0.000000            1.570796            1.739504            0.000000            1.570796          143.020000
            0.075647            0.051870            0.000000            1.570796            1.769210            0.000000            1.570797          143.020000
            0.075702            0.051870            0.000000            1.570796            0.228120            0.000000            3.141593          143.020000
            0.075756            0.051870            0.000000            1.570796            0.257826            0.000000            3.141593          143.020000
            0.075811            0.051870            0.000000            1.570796            0.287532            0.000000            3.141593          143.020000
            0.075866            0.051870            0.000000            1.570796            0.317239            0.000000            3.141593          143.020000
            0.075921            0.051870            0.000000            1.570796            1.917741            0.000000            1.570797          143.020000
            0.075975            0.051870            0.000000            1.570796            0.376651            0.000000            3.141593          143.020000
            0.076030            0.051870            0.000000            1.570796            1.977153            0.000000            1.570797          143.020000
            0.076085            0.051870            0.000000            1.570796            2.006859            0.000000            1.570797          143.020000
            0.076140            0.051870            0.000000            1.570796            0.465770            0.000000            3.141593          143.020000
            0.076194            0.051870            0.000000            1.570796            2.066272            0.000000            1.570797          143.020000
            0.076249            0.051870            0.000000            1.570796            0.525182            0.000000            3.141593          143.020000
            0.076304            0.051870            0.000000            1.570796            2.125684            0.000000            1.570796          143.020000
            0.076359            0.051870            0.000000            1.570796            2.155390            0.000000            1.570797          143.020000
            0.076413            0.051870            0.000000            1.570796            2.185097            0.000000            1.570797          143.020000
            0.076468            0.051870            0.000000            1.570796            2.214803            0.000000            1.570797          143.020000
            0.076523            0.051870            0.000000            1.570796            2.244509            0.000000            1.570797          143.020000
            0.076578            0.051870            0.000000            1.570796            0.703419            0.000000            3.141593          143.020000
            0.076632            0.051870            0.000000            1.570796            0.733125            0.000000            3.141593          143.020000
            0.076687            0.051870            0.000000            1.570796            2.333628            0.000000            1.570797          143.020000
            0.076742            0.051870            0.000000            1.570796            2.363334            0.000000            1.570797          143.020000
            0.076797            0.051870            0.000000            1.570796            0.822244            0.000000            3.141593          143.020000
            0.076851            0.051870            0.000000            1.570796            0.851950            0.000000            3.141593          143.020000
            0.076906            0.051870            0.000000            1.570796            0.881656            0.000000            3.141593          143.020000
            0.076961            0.051870            0.000000            1.570796            0.911363            0.000000            3.141593          143.020000
            0.077016            0.051870            0.000000            1.570796            2.511865            0.000000            1.570797          143.020000
            0.077070            0.051870            0.000000            1.570796            0.970775            0.000000            3.141593          143.020000
            0.077125            0.051870            0.000000            1.570796            2.571277            0.000000            1.570797          143.020000
            0.077180            0.051870            0.000000            1.570796            2.600983            0.000000            1.570797          143.020000
            0.077235            0.051870            0.000000            1.570796            1.059894            0.000000            3.141593          143.020000
            0.077290            0.051870            0.000000            1.570796            1.089600            0.000000            3.141593          143.020000
            0.077344            0.051870            0.000000            1.570796            1.119306            0.000000            3.141593          143.020000
            0.077399            0.051870            0.000000            1.570796            2.719808            0.000000            1.570797          143.020000
            0.077454            0.051870            0.000000            1.570796            1.178718            0.000000            3.141593          143.020000
            0.077509            0.051870            0.000000            1.570796            1.208425            0.000000            3.141593          143.020000
            0.077563            0.051870            0.000000            1.570796            1.238131            0.000000            3.141593          143.020000
            0.077618            0.051870            0.000000            1.570796            2.838633            0.000000            1.570797          143.020000
            0.077673            0.051870            0.000000            1.570796            1.297543            0.000000            3.141593          143.020000
            0.077728            0.051870            0.000000            1.570796            1.327249            0.000000            3.141593          143.020000
            0.077782            0.051870            0.000000            1.570796            1.356956            0.000000            3.141593          143.020000
            0.077837            0.051870            0.000000            1.570796            1.386662            0.000000            3.141593          143.020000
            0.077892            0.051870            0.000000            1.570796            1.416368            0.000000            3.141593          143.020000
            0.077947            0.051870            0.000000            1.570796            3.016870            0.000000            1.570797          143.020000
            0.078001            0.051870            0.000000            1.570796            1.475780            0.000000            3.141593          143.020000
            0.078056            0.051870            0.000000            1.570796            3.076283            0.000000            1.570797          143.020000
            0.078111            0.051870            0.000000            1.570796            3.105989            0.000000            1.570797          143.020000
            0.078166            0.051870            0.000000            1.570796            1.564899            0.000000            3.141593          143.020000
            0.078220            0.051870            0.000000            1.570796            1.594605            0.000000            3.141593          143.020000
            0.078275            0.051870            0.000000            1.570796            1.624311            0.000000            3.141593          143.020000
            0.078330            0.051870            0.000000            1.570796            1.654018            0.000000            3.141593          143.020000
            0.078385            0.051870            0.000000            1.570796            1.683724            0.000000            3.141593          143.020000
            0.078439            0.051870            0.000000            1.570796            1.713430            0.000000            3.141593          143.020000
            0.078494            0.051870            0.000000            1.570796            1.743136            0.000000            3.141593          143.020000
            0.078549            0.051870            0.000000            1.570796            3.343638            0.000000            1.570797          143.020000
            0.078604            0.051870            0.000000            1.570796            1.802549            0.000000            3.141593          143.020000
            0.078658            0.051870            0.000000            1.570796            1.832255            0.000000            3.141593          143.020000
            0.078713            0.051870            0.000000            1.570796            3.432757            0.000000            1.570797          143.020000
            0.078768            0.051870            0.000000            1.570796            1.891667            0.000000            3.141593          143.020000
            0.078823            0.051870            0.000000            1.570796            1.921373            0.000000            3.141593          143.020000
            0.078877            0.051870            0.000000            1.570796            1.951080            0.000000            3.141593          143.020000
            0.078932            0.051870            0.000000            1.570796            1.980786            0.000000            3.141593          143.020000
            0.078987            0.051870            0.000000            1.570796            2.010492            0.000000            3.141593          143.020000
            0.079042            0.051870            0.000000            1.570796            2.040198            0.000000            3.141593          143.020000
            0.079097            0.051870            0.000000            1.570796            3.640700            0.000000            1.570797          143.020000
            0.079151            0.051870            0.000000            1.570796            3.670407            0.000000            1.570797          143.020000
            0.079206            0.051870            0.000000            1.570796            2.129317            0.000000            3.141593          143.020000
            0.079261            0.051870            0.000000            1.570796            2.159023            0.000000            3.141593          143.020000
            0.079316            0.051870            0.000000            1.570796            2.188729            0.000000            3.141593          143.020000
            0.079370            0.051870            0.000000            1.570796            2.218435            0.000000            3.141593          143.020000
            0.079425            0.051870            0.000000            1.570796            2.248142            0.000000            3.141593          143.020000
            0.079480            0.051870            0.000000            1.570796            2.277848            0.000000            3.141593          143.020000
            0.079535            0.051870            0.000000            1.570796            3.878350            0.000000            1.570797          143.020000
            0.079589            0.051870            0.000000            1.570796            2.337260            0.000000            3.141593          143.020000
            0.079644            0.051870            0.000000            1.570796            3.937763            0.000000            1.570797          143.020000
            0.079699            0.051870            0.000000            1.570796            3.967469            0.000000            1.570797          143.020000
            0.079754            0.051870            0.000000            1.570796            3.997175            0.000000            1.570797          143.020000
            0.079808            0.051870            0.000000            1.570796            2.456085            0.000000            3.141593          143.020000
            0.079863            0.051870            0.000000            1.570796            2.485791            0.000000            3.141593          143.020000
            0.079918            0.051870            0.000000            1.570796            4.086294            0.000000            1.570796          143.020000
            0.079973            0.051870            0.000000            1.570796            2.545204            0.000000            3.141593          143.020000
            0.080027            0.051870            0.000000            1.570796            2.574910            0.000000            3.141593          143.020000
            0.080082            0.051870            0.000000            1.570796            4.175412            0.000000            1.570796          143.020000
            0.080137            0.051870            0.000000            1.570796            4.205118            0.000000            1.570796          143.020000
            0.080192            0.051870            0.000000            1.570796            4.234825            0.000000            1.570796          143.020000
            0.080246            0.051870            0.000000            1.570796            2.693735            0.000000            3.141593          143.020000
            0.080301            0.051870            0.000000            1.570796            4.294237            0.000000            1.570796          143.020000
            0.080356            0.051870            0.000000            1.570796            2.753147            0.000000            3.141593          143.020000
            0.080411            0.051870            0.000000            1.570796            2.782853            0.000000            3.141593          143.020000
            0.080465            0.051870            0.000000            1.570796            2.812559            0.000000            3.141593          143.020000
            0.080520            0.051870            0.000000            1.570796            2.842266            0.000000            3.141593          143.020000
            0.080575            0.051870            0.000000            1.570796            2.871972            0.000000            3.141593          143.020000
            0.080630            0.051870            0.000000            1.570796            6.043271            0.000000            0.000000          143.020000
            0.080684            0.051870            0.000000            1.570796            6.072977            0.000000            0.000000          143.020000
            0.080739            0.051870            0.000000            1.570796            6.102683            0.000000            0.000000          143.020000
            0.080794            0.051870            0.000000            1.570796            6.132389            0.000000            0.000000          143.020000
            0.080849            0.051870            0.000000            1.570796            4.591299            0.000000            1.570796          143.020000
            0.080903            0.051870            0.000000            1.570796            4.621005            0.000000            1.570796          143.020000
            0.080958            0.051870            0.000000            1.570796            4.650712            0.000000            1.570796          143.020000
            0.081013            0.051870            0.000000            1.570796            6.251214            0.000000            0.000000          143.020000
            0.081068            0.051870            0.000000            1.570796            4.710124            0.000000            1.570796          143.020000
            0.081123            0.051870            0.000000            1.570796            4.739830            0.000000            1.570796          143.020000
            0.081177            0.051870            0.000000            1.570796            4.769537            0.000000            1.570796          143.020000
            0.081232            0.051870            0.000000            1.570796            4.799243            0.000000            1.570796          143.020000
            0.081287            0.051870            0.000000            1.570796            0.116560            0.000000            0.000000          143.020000
            0.081342            0.051870            0.000000            1.570796            4.858655            0.000000            1.570796          143.020000
            0.081396            0.051870            0.000000            1.570796            0.175972            0.000000            0.000000          143.020000
            0.081451            0.051870            0.000000            1.570796            4.918068            0.000000            1.570796          143.020000
            0.081506            0.051870            0.000000            1.570796            0.235385            0.000000            0.000000          143.020000
            0.081561            0.051870            0.000000            1.570796            4.977480            0.000000            1.570796          143.020000
            0.081615            0.051870            0.000000            1.570796            0.294797            0.000000            0.000000          143.020000
            0.081670            0.051870            0.000000            1.570796            0.324503            0.000000            0.000000          143.020000
            0.081725            0.051870            0.000000            1.570796            0.354209            0.000000            0.000000          143.020000
            0.081780            0.051870            0.000000            1.570796            0.383916            0.000000            0.000000          143.020000
            0.081834            0.051870            0.000000            1.570796            5.126011            0.000000            1.570796          143.020000
            0.081889            0.051870            0.000000            1.570796            0.443328            0.000000            0.000000          143.020000
            0.081944            0.051870            0.000000            1.570796            0.473034            0.000000            0.000000          143.020000
            0.081999            0.051870            0.000000            1.570796            5.215130            0.000000            1.570796          143.020000
            0.082053            0.051870            0.000000            1.570796            0.532447            0.000000            0.000000          143.020000
            0.082108            0.051870            0.000000            1.570796            0.562153            0.000000            0.000000          143.020000
            0.082163            0.051870            0.000000            1.570796            0.591859            0.000000            0.000000          143.020000
            0.082218            0.051870            0.000000            1.570796            0.621565            0.000000            0.000000          143.020000
            0.082272            0.051870            0.000000            1.570796            0.651272            0.000000            0.000000          143.020000
            0.082327            0.051870            0.000000            1.570796            5.393367            0.000000            1.570796          143.020000
            0.082382            0.051870            0.000000            1.570796            0.710684            0.000000            0.000000          143.020000
            0.082437            0.051870            0.000000            1.570796            0.740390            0.000000            0.000000          143.020000
            0.082491            0.051870            0.000000            1.570796            0.770096            0.000000            0.000000          143.020000
            0.082546            0.051870            0.000000            1.570796            0.799803            0.000000            0.000000          143.020000
            0.082601            0.051870            0.000000            1.570796            5.541898            0.000000            1.570796          143.020000
            0.082656            0.051870            0.000000            1.570796            0.859215            0.000000            0.000000          143.020000
            0.082710            0.051870            0.000000            1.570796            5.601310            0.000000            1.570796          143.020000
            0.082765            0.051870            0.000000            1.570796            5.631017            0.000000            1.570796          143.020000
            0.082820            0.051870            0.000000            1.570796            0.948334            0.000000            0.000000          143.020000
            0.082875            0.051870            0.000000            1.570796            5.690429            0.000000            1.570796          143.020000
            0.082930            0.051870            0.000000            1.570796            5.720135            0.000000            1.570796          143.020000
            0.082984            0.051870            0.000000            1.570796            5.749841            0.000000            1.570796          143.020000
            0.083039            0.051870            0.000000            1.570796            1.067158            0.000000            0.000000          143.020000
            0.083094            0.051870            0.000000            1.570796            1.096865            0.000000            0.000000          143.020000
            0.083149            0.051870            0.000000            1.570796            1.126571            0.000000            0.000000          143.020000
            0.083203            0.051870            0.000000            1.570796            1.156277            0.000000            0.000000          143.020000
            0.083258            0.051870            0.000000            1.570796            1.185983            0.000000            0.000000          143.020000
            0.083313            0.051870            0.000000            1.570796            1.215689            0.000000            0.000000          143.020000
            0.083368            0.051870            0.000000            1.570796            1.245396            0.000000            0.000000          143.020000
            0.083422            0.051870            0.000000            1.570796            1.275102            0.000000            0.000000          143.020000
            0.083477            0.051870            0.000000            1.570796            1.304808            0.000000            0.000000          143.020000
            0.083532            0.051870            0.000000            1.570796            1.334514            0.000000            0.000000          143.020000
            0.083587            0.051870            0.000000            1.570796            1.364220            0.000000            0.000000          143.020000
            0.083641            0.051870            0.000000            1.570796            1.393927            0.000000            0.000000          143.020000
            0.083696            0.051870            0.000000            1.570796            6.136022            0.000000            1.570796          143.020000
            0.083751            0.051870            0.000000            1.570796            1.453339            0.000000            0.000000          143.020000
            0.083806            0.051870            0.000000            1.570796            6.195435            0.000000            1.570796          143.020000
            0.083860            0.051870            0.000000            1.570796            6.225141            0.000000            1.570796          143.020000
            0.083915            0.051870            0.000000            1.570796            1.542458            0.000000            0.000000          143.020000
            0.083970            0.051870            0.000000            1.570796            1.572164            0.000000            0.000000          143.020000
            0.084025            0.051870            0.000000            1.570796            1.601870            0.000000            0.000000          143.020000
            0.084079            0.051870            0.000000            1.570796            0.060780            0.000000            1.570796          143.020000
            0.084134            0.051870            0.000000            1.570796            1.661282            0.000000            0.000000          143.020000
            0.084189            0.051870            0.000000            1.570796            1.690989            0.000000            0.000000          143.020000
            0.084244            0.051870            0.000000            1.570796            1.720695            0.000000            0.000000          143.020000
            0.084298            0.051870            0.000000            1.570796            1.750401            0.000000            0.000000          143.020000
            0.084353            0.051870            0.000000            1.570796            0.209311            0.000000            1.570796          143.020000
            0.084408            0.051870            0.000000            1.570796            1.809813            0.000000            0.000000          143.020000
            0.084463            0.051870            0.000000            1.570796            1.839520            0.000000            0.000000          143.020000
            0.084517            0.051870            0.000000            1.570796            1.869226            0.000000            0.000000          143.020000
            0.084572            0.051870            0.000000            1.570796            1.898932            0.000000            0.000000          143.020000
            0.084627            0.051870            0.000000            1.570796            0.357842            0.000000            1.570796          143.020000
            0.084682            0.051870            0.000000            1.570796            1.958344            0.000000            0.000000          143.020000
            0.084736            0.051870            0.000000            1.570796            0.417255            0.000000            1.570796          143.020000
            0.084791            0.051870            0.000000            1.570796            0.446961            0.000000            1.570796          143.020000
            0.084846            0.051870            0.000000            1.570796            0.476667            0.000000            1.570796          143.020000
            0.084901            0.051870            0.000000            1.570796            2.077169            0.000000            0.000000          143.020000
            0.084983            0.051870            0.000000            1.570796            0.550932            0.000000            1.570796          143.020000
            0.085038            0.051870            0.000000            1.570796            0.580639            0.000000            1.570796          143.020000
            0.085092            0.051870            0.000000            1.570796            2.181141            0.000000            0.000000          143.020000
            0.085147            0.051870            0.000000            1.570796            2.210847            0.000000            0.000000          143.020000
            0.085202            0.051870            0.000000            1.570796            2.240553            0.000000            0.000000          143.020000
            0.085257            0.051870            0.000000            1.570796            2.270260            0.000000            0.000000          143.020000
            0.085311            0.051870            0.000000            1.570796            0.729170            0.000000            1.570796          143.020000
            0.085366            0.051870            0.000000            1.570796            2.329672            0.000000            0.000000          143.020000
            0.085421            0.051870            0.000000            1.570796            2.359378            0.000000            0.000000          143.020000
            0.085476            0.051870            0.000000            1.570796            2.389084            0.000000            0.000000          143.020000
            0.085530            0.051870            0.000000            1.570796            2.418791            0.000000            0.000000          143.020000
            0.085585            0.051870            0.000000            1.570796            0.877701            0.000000            1.570796          143.020000
            0.085640            0.051870            0.000000            1.570796            2.478203            0.000000            0.000000          143.020000
            0.085695            0.051870            0.000000            1.570796            0.937113            0.000000            1.570796          143.020000
            0.085749            0.051870            0.000000            1.570796            2.537615            0.000000            0.000000          143.020000
            0.085804            0.051870            0.000000            1.570796            2.567322            0.000000            0.000000          143.020000
            0.085859            0.051870            0.000000            1.570796            2.597028            0.000000            0.000000          143.020000
            0.085914            0.051870            0.000000            1.570796            1.055938            0.000000            1.570796          143.020000
            0.085969            0.051870            0.000000            1.570796            2.656440            0.000000            0.000000          143.020000
            0.086023            0.051870            0.000000            1.570796            2.686146            0.000000            0.000000          143.020000
            0.086078            0.051870            0.000000            1.570796            1.145056            0.000000            1.570796          143.020000
            0.086133            0.051870            0.000000            1.570796            2.745559            0.000000            0.000000          143.020000
            0.086188            0.051870            0.000000            1.570796            2.775265            0.000000            0.000000          143.020000
            0.086242            0.051870            0.000000            1.570796            2.804971            0.000000            0.000000          143.020000
            0.086270            0.051870            0.000000            1.570796            5.961417            0.000000            3.141593          143.020000
            0.086324            0.051870            0.000000            1.570796            5.991123            0.000000            3.141593          143.020000
            0.086379            0.051870            0.000000            1.570796            6.020829            0.000000            3.141593          143.020000
            0.086434            0.051870            0.000000            1.570796            1.338147            0.000000            1.570796          143.020000
            0.086489            0.051870            0.000000            1.570796            6.080242            0.000000            3.141593          143.020000
            0.086543            0.051870            0.000000            1.570796            6.109948            0.000000            3.141593          143.020000
            0.086598            0.051870            0.000000            1.570796            6.139654            0.000000            3.141593          143.020000
            0.086653            0.051870            0.000000            1.570796            6.169360            0.000000            3.141593          143.020000
            0.086708            0.051870            0.000000            1.570796            6.199067            0.000000            3.141593          143.020000
            0.086762            0.051870            0.000000            1.570796            6.228773            0.000000            3.141593          143.020000
            0.086817            0.051870            0.000000            1.570796            1.546090            0.000000            1.570796          143.020000
            0.086872            0.051870            0.000000            1.570796            0.005000            0.000000            3.141593          143.020000
            0.086927            0.051870            0.000000            1.570796            0.034706            0.000000            3.141593          143.020000
            0.086982            0.051870            0.000000            1.570796            0.064412            0.000000            3.141593          143.020000
            0.087036            0.051870            0.000000            1.570796            1.664915            0.000000            1.570796          143.020000
            0.087091            0.051870            0.000000            1.570796            1.694621            0.000000            1.570796          143.020000
            0.087146            0.051870            0.000000            1.570796            0.153531            0.000000            3.141593          143.020000
            0.087201            0.051870            0.000000            1.570796            1.754033            0.000000            1.570797          143.020000
            0.087255            0.051870            0.000000            1.570796            0.212943            0.000000            3.141593          143.020000
            0.087310            0.051870            0.000000            1.570796            0.242649            0.000000            3.141593          143.020000
            0.087365            0.051870            0.000000            1.570796            0.272356            0.000000            3.141593          143.020000
            0.087420            0.051870            0.000000            1.570796            1.872858            0.000000            1.570796          143.020000
            0.087474            0.051870            0.000000            1.570796            0.331768            0.000000            3.141593          143.020000
            0.087529            0.051870            0.000000            1.570796            1.932270            0.000000            1.570797          143.020000
            0.087584            0.051870            0.000000            1.570796            0.391180            0.000000            3.141593          143.020000
            0.087639            0.051870            0.000000            1.570796            0.420887            0.000000            3.141593          143.020000
            0.087693            0.051870            0.000000            1.570796            0.450593            0.000000            3.141593          143.020000
            0.087748            0.051870            0.000000            1.570796            0.480299            0.000000            3.141593          143.020000
            0.087803            0.051870            0.000000            1.570796            0.510005            0.000000            3.141593          143.020000
            0.087858            0.051870            0.000000            1.570796            0.539711            0.000000            3.141593          143.020000
            0.087912            0.051870            0.000000            1.570796            0.569418            0.000000            3.141593          143.020000
            0.087967            0.051870            0.000000            1.570796            0.599124            0.000000            3.141593          143.020000
            0.088022            0.051870            0.000000            1.570796            0.628830            0.000000            3.141593          143.020000
            0.088077            0.051870            0.000000            1.570796            2.229332            0.000000            1.570797          143.020000
            0.088131            0.051870            0.000000            1.570796            2.259039            0.000000            1.570797          143.020000
            0.088186            0.051870            0.000000            1.570796            2.288745            0.000000            1.570797          143.020000
            0.088241            0.051870            0.000000            1.570796            0.747655            0.000000            3.141593          143.020000
            0.088296            0.051870            0.000000            1.570796            0.777361            0.000000            3.141593          143.020000
            0.088350            0.051870            0.000000            1.570796            0.807067            0.000000            3.141593          143.020000
            0.088405            0.051870            0.000000            1.570796            0.836773            0.000000            3.141593          143.020000
            0.088460            0.051870            0.000000            1.570796            0.866480            0.000000            3.141593          143.020000
            0.088515            0.051870            0.000000            1.570796            0.896186            0.000000            3.141593          143.020000
            0.088569            0.051870            0.000000            1.570796            0.925892            0.000000            3.141593          143.020000
            0.088624            0.051870            0.000000            1.570796            2.526394            0.000000            1.570797          143.020000
            0.088679            0.051870            0.000000            1.570796            0.985305            0.000000            3.141593          143.020000
            0.088734            0.051870            0.000000            1.570796            2.585807            0.000000            1.570797          143.020000
            0.088789            0.051870            0.000000            1.570796            1.044717            0.000000            3.141593          143.020000
            0.088843            0.051870            0.000000            1.570796            1.074423            0.000000            3.141593          143.020000
            0.088898            0.051870            0.000000            1.570796            1.104129            0.000000            3.141593          143.020000
            0.088953            0.051870            0.000000            1.570796            1.133836            0.000000            3.141593          143.020000
            0.089008            0.051870            0.000000            1.570796            1.163542            0.000000            3.141593          143.020000
            0.089062            0.051870            0.000000            1.570796            2.764044            0.000000            1.570797          143.020000
            0.089117            0.051870            0.000000            1.570796            1.222954            0.000000            3.141593          143.020000
            0.089172            0.051870            0.000000            1.570796            1.252660            0.000000            3.141593          143.020000
            0.089227            0.051870            0.000000            1.570796            1.282367            0.000000            3.141593          143.020000
            0.089281            0.051870            0.000000            1.570796            2.882869            0.000000            1.570797          143.020000
            0.089336            0.051870            0.000000            1.570796            1.341779            0.000000            3.141593          143.020000
            0.089391            0.051870            0.000000            1.570796            1.371485            0.000000            3.141593          143.020000
            0.089446            0.051870            0.000000            1.570796            1.401191            0.000000            3.141593          143.020000
            0.089500            0.051870            0.000000            1.570796            1.430898            0.000000            3.141593          143.020000
            0.089555            0.051870            0.000000            1.570796            1.460604            0.000000            3.141593          143.020000
            0.089610            0.051870            0.000000            1.570796            1.490310            0.000000            3.141593          143.020000
            0.089665            0.051870            0.000000            1.570796            1.520016            0.000000            3.141593          143.020000
            0.089719            0.051870            0.000000            1.570796            3.120518            0.000000            1.570797          143.020000
            0.089774            0.051870            0.000000            1.570796            1.579429            0.000000            3.141593          143.020000
            0.089829            0.051870            0.000000            1.570796            1.609135            0.000000            3.141593          143.020000
            0.089884            0.051870            0.000000            1.570796            3.209637            0.000000            1.570797          143.020000
            0.089938            0.051870            0.000000            1.570796            3.239343            0.000000            1.570797          143.020000
            0.089993            0.051870            0.000000            1.570796            1.698253            0.000000            3.141593          143.020000
            0.090048            0.051870            0.000000            1.570796            1.727960            0.000000            3.141593          143.020000
            0.090103            0.051870            0.000000            1.570796            1.757666            0.000000            3.141593          143.020000
            0.090157            0.051870            0.000000            1.570796            1.787372            0.000000            3.141593          143.020000
            0.090212            0.051870            0.000000            1.570796            1.817078            0.000000            3.141593          143.020000
            0.090267            0.051870            0.000000            1.570796            3.417580            0.000000            1.570797          143.020000
            0.090322            0.051870            0.000000            1.570796            1.876491            0.000000            3.141593          143.020000
            0.090376            0.051870            0.000000            1.570796            1.906197            0.000000            3.141593          143.020000
            0.090431            0.051870            0.000000            1.570796            1.935903            0.000000            3.141593          143.020000
            0.090486            0.051870            0.000000            1.570796            1.965609            0.000000            3.141593          143.020000
            0.090541            0.051870            0.000000            1.570796            3.566111            0.000000            1.570797          143.020000
            0.090595            0.051870            0.000000            1.570796            2.025022            0.000000            3.141593          143.020000
            0.090650            0.051870            0.000000            1.570796            2.054728            0.000000            3.141593          143.020000
            0.090705            0.051870            0.000000            1.570796            2.084434            0.000000            3.141593          143.020000
            0.090760            0.051870            0.000000            1.570796            3.684936            0.000000            1.570797          143.020000
            0.090815            0.051870            0.000000            1.570796            2.143846            0.000000            3.141593          143.020000
            0.090869            0.051870            0.000000            1.570796            2.173553            0.000000            3.141593          143.020000
            0.090924            0.051870            0.000000            1.570796            2.203259            0.000000            3.141593          143.020000
            0.090979            0.051870            0.000000            1.570796            2.232965            0.000000            3.141593          143.020000
            0.091034            0.051870            0.000000            1.570796            2.262671            0.000000            3.141593          143.020000
            0.091088            0.051870            0.000000            1.570796            2.292377            0.000000            3.141593          143.020000
            0.091143            0.051870            0.000000            1.570796            2.322084            0.000000            3.141593          143.020000
            0.091198            0.051870            0.000000            1.570796            3.922586            0.000000            1.570797          143.020000
            0.091253            0.051870            0.000000            1.570796            2.381496            0.000000            3.141593          143.020000
            0.091307            0.051870            0.000000            1.570796            3.981998            0.000000            1.570796          143.020000
            0.091362            0.051870            0.000000            1.570796            4.011705            0.000000            1.570796          143.020000
            0.091417            0.051870            0.000000            1.570796            4.041411            0.000000            1.570796          143.020000
            0.091472            0.051870            0.000000            1.570796            4.071117            0.000000            1.570796          143.020000
            0.091526            0.051870            0.000000            1.570796            2.530027            0.000000            3.141593          143.020000
            0.091581            0.051870            0.000000            1.570796            4.130529            0.000000            1.570796          143.020000
            0.091636            0.051870            0.000000            1.570796            2.589439            0.000000            3.141593          143.020000
            0.091691            0.051870            0.000000            1.570796            4.189942            0.000000            1.570796          143.020000
            0.091745            0.051870            0.000000            1.570796            4.219648            0.000000            1.570796          143.020000
            0.091800            0.051870            0.000000            1.570796            4.249354            0.000000            1.570796          143.020000
            0.091855            0.051870            0.000000            1.570796            2.708264            0.000000            3.141593          143.020000
            0.091910            0.051870            0.000000            1.570796            4.308767            0.000000            1.570796          143.020000
            0.091964            0.051870            0.000000            1.570796            5.909269            0.000000            0.000000          143.020000
            0.092019            0.051870            0.000000            1.570796            5.938975            0.000000            0.000000          143.020000
            0.092074            0.051870            0.000000            1.570796            5.968682            0.000000            0.000000          143.020000
            0.092129            0.051870            0.000000            1.570796            5.998388            0.000000            0.000000          143.020000
            0.092183            0.051870            0.000000            1.570796            6.028094            0.000000            0.000000          143.020000
            0.092238            0.051870            0.000000            1.570796            6.057800            0.000000            0.000000          143.020000
            0.092293            0.051870            0.000000            1.570796            6.087506            0.000000            0.000000          143.020000
            0.092348            0.051870            0.000000            1.570796            4.546416            0.000000            1.570796          143.020000
            0.092402            0.051870            0.000000            1.570796            6.146919            0.000000            0.000000          143.020000
            0.092457            0.051870            0.000000            1.570796            6.176625            0.000000            0.000000          143.020000
            0.092512            0.051870            0.000000            1.570796            6.206331            0.000000            0.000000          143.020000
            0.092567            0.051870            0.000000            1.570796            6.236038            0.000000            0.000000          143.020000
            0.092621            0.051870            0.000000            1.570796            6.265744            0.000000            0.000000          143.020000
            0.092676            0.051870            0.000000            1.570796            0.012265            0.000000            0.000000          143.020000
            0.092731            0.051870            0.000000            1.570796            4.754360            0.000000            1.570796          143.020000
            0.092786            0.051870            0.000000            1.570796            0.071677            0.000000            0.000000          143.020000
            0.092841            0.051870            0.000000            1.570796            0.101383            0.000000            0.000000          143.020000
            0.092895            0.051870            0.000000            1.570796            0.131089            0.000000            0.000000          143.020000
            0.092950            0.051870            0.000000            1.570796            0.160796            0.000000            0.000000          143.020000
            0.093005            0.051870            0.000000            1.570796            0.190502            0.000000            0.000000          143.020000
            0.093060            0.051870            0.000000            1.570796            0.220208            0.000000            0.000000          143.020000
            0.093114            0.051870            0.000000            1.570796            0.249914            0.000000            0.000000          143.020000
            0.093169            0.051870            0.000000            1.570796            0.279620            0.000000            0.000000          143.020000
            0.093224            0.051870            0.000000            1.570796            0.309327            0.000000            0.000000          143.020000
            0.093279            0.051870            0.000000            1.570796            0.339033            0.000000            0.000000          143.020000
            0.093333            0.051870            0.000000            1.570796            0.368739            0.000000            0.000000          143.020000
            0.093388            0.051870            0.000000            1.570796            0.398445            0.000000            0.000000          143.020000
            0.093443            0.051870            0.000000            1.570796            5.140541            0.000000            1.570796          143.020000
            0.093498            0.051870            0.000000            1.570796            5.170247            0.000000            1.570796          143.020000
            0.093552            0.051870            0.000000            1.570796            0.487564            0.000000            0.000000          143.020000
            0.093607            0.051870            0.000000            1.570796            5.229659            0.000000            1.570796          143.020000
            0.093662            0.051870            0.000000            1.570796            0.546976            0.000000            0.000000          143.020000
            0.093717            0.051870            0.000000            1.570796            5.289072            0.000000            1.570796          143.020000
            0.093771            0.051870            0.000000            1.570796            5.318778            0.000000            1.570796          143.020000
            0.093826            0.051870            0.000000            1.570796            5.348484            0.000000            1.570796          143.020000
            0.093881            0.051870            0.000000            1.570796            5.378190            0.000000            1.570796          143.020000
            0.093936            0.051870            0.000000            1.570796            0.695507            0.000000            0.000000          143.020000
            0.093990            0.051870            0.000000            1.570796            0.725213            0.000000            0.000000          143.020000
            0.094045            0.051870            0.000000            1.570796            5.467309            0.000000            1.570796          143.020000
            0.094100            0.051870            0.000000            1.570796            0.784626            0.000000            0.000000          143.020000
            0.094155            0.051870            0.000000            1.570796            0.814332            0.000000            0.000000          143.020000
            0.094209            0.051870            0.000000            1.570796            5.556428            0.000000            1.570796          143.020000
            0.094264            0.051870            0.000000            1.570796            0.873744            0.000000            0.000000          143.020000
            0.094319            0.051870            0.000000            1.570796            0.903451            0.000000            0.000000          143.020000
            0.094374            0.051870            0.000000            1.570796            0.933157            0.000000            0.000000          143.020000
            0.094428            0.051870            0.000000            1.570796            0.962863            0.000000            0.000000          143.020000
            0.094483            0.051870            0.000000            1.570796            0.992569            0.000000            0.000000          143.020000
            0.094538            0.051870            0.000000            1.570796            1.022275            0.000000            0.000000          143.020000
            0.094593            0.051870            0.000000            1.570796            1.051982            0.000000            0.000000          143.020000
            0.094648            0.051870            0.000000            1.570796            1.081688            0.000000            0.000000          143.020000
            0.094702            0.051870            0.000000            1.570796            1.111394            0.000000            0.000000          143.020000
            0.094757            0.051870            0.000000            1.570796            5.853490            0.000000            1.570796          143.020000
            0.094812            0.051870            0.000000            1.570796            5.883196            0.000000            1.570796          143.020000
            0.094867            0.051870            0.000000            1.570796            1.200513            0.000000            0.000000          143.020000
            0.094921            0.051870            0.000000            1.570796            1.230219            0.000000            0.000000          143.020000
            0.094976            0.051870            0.000000            1.570796            1.259925            0.000000            0.000000          143.020000
            0.095031            0.051870            0.000000            1.570796            6.002021            0.000000            1.570796          143.020000
            0.095086            0.051870            0.000000            1.570796            1.319337            0.000000            0.000000          143.020000
            0.095140            0.051870            0.000000            1.570796            1.349044            0.000000            0.000000          143.020000
            0.095195            0.051870            0.000000            1.570796            1.378750            0.000000            0.000000          143.020000
            0.095250            0.051870            0.000000            1.570796            1.408456            0.000000            0.000000          143.020000
            0.095305            0.051870            0.000000            1.570796            1.438162            0.000000            0.000000          143.020000
            0.095359            0.051870            0.000000            1.570796            6.180258            0.000000            1.570796          143.020000
            0.095414            0.051870            0.000000            1.570796            1.497575            0.000000            0.000000          143.020000
            0.095469            0.051870            0.000000            1.570796            1.527281            0.000000            0.000000          143.020000
            0.095524            0.051870            0.000000            1.570796            6.269377            0.000000            1.570796          143.020000
            0.095578            0.051870            0.000000            1.570796            1.586693            0.000000            0.000000          143.020000
            0.095633            0.051870            0.000000            1.570796            0.045603            0.000000            1.570796          143.020000
            0.095688            0.051870            0.000000            1.570796            1.646106            0.000000            0.000000          143.020000
            0.095743            0.051870            0.000000            1.570796            1.675812            0.000000            0.000000          143.020000
            0.095797            0.051870            0.000000            1.570796            0.134722            0.000000            1.570796          143.020000
            0.095852            0.051870            0.000000            1.570796            1.735224            0.000000            0.000000          143.020000
            0.095907            0.051870            0.000000            1.570796            1.764931            0.000000            0.000000          143.020000
            0.095962            0.051870            0.000000            1.570796            0.223841            0.000000            1.570796          143.020000
            0.096016            0.051870            0.000000            1.570796            1.824343            0.000000            0.000000          143.020000
            0.096071            0.051870            0.000000            1.570796            1.854049            0.000000            0.000000          143.020000
            0.096126            0.051870            0.000000            1.570796            1.883755            0.000000            0.000000          143.020000
            0.096181            0.051870            0.000000            1.570796            1.913462            0.000000            0.000000          143.020000
            0.096235            0.051870            0.000000            1.570796            1.943168            0.000000            0.000000          143.020000
            0.096290            0.051870            0.000000            1.570796            0.402078            0.000000            1.570796          143.020000
            0.096345            0.051870            0.000000            1.570796            2.002580            0.000000            0.000000          143.020000
            0.096400            0.051870            0.000000            1.570796            2.032286            0.000000            0.000000          143.020000
            0.096454            0.051870            0.000000            1.570796            0.491196            0.000000            1.570796          143.020000
            0.096509            0.051870            0.000000            1.570796            2.091699            0.000000            0.000000          143.020000
            0.096564            0.051870            0.000000            1.570796            2.121405            0.000000            0.000000          143.020000
            0.096619            0.051870            0.000000            1.570796            2.151111            0.000000            0.000000          143.020000
            0.096674            0.051870            0.000000            1.570796            0.610021            0.000000            1.570796          143.020000
            0.096728            0.051870            0.000000            1.570796            2.210524            0.000000            0.000000          143.020000
            0.096783            0.051870            0.000000            1.570796            2.240230            0.000000            0.000000          143.020000
            0.096838            0.051870            0.000000            1.570796            2.269936            0.000000            0.000000          143.020000
            0.096893            0.051870            0.000000            1.570796            0.728846            0.000000            1.570796          143.020000
            0.096947            0.051870            0.000000            1.570796            2.329348            0.000000            0.000000          143.020000
            0.097002            0.051870            0.000000            1.570796            0.788258            0.000000            1.570796          143.020000
            0.097084            0.051870            0.000000            1.570796            2.403614            0.000000            0.000000          143.020000
            0.097139            0.051870            0.000000            1.570796            2.433320            0.000000            0.000000          143.020000
            0.097194            0.051870            0.000000            1.570796            2.463026            0.000000            0.000000          143.020000
            0.097248            0.051870            0.000000            1.570796            5.634325            0.000000            3.141593          143.020000
            0.097303            0.051870            0.000000            1.570796            5.664031            0.000000            3.141593          143.020000
            0.097358            0.051870            0.000000            1.570796            5.693738            0.000000            3.141593          143.020000
            0.097413            0.051870            0.000000            1.570796            1.011055            0.000000            1.570796          143.020000
            0.097467            0.051870            0.000000            1.570796            5.753150            0.000000            3.141593          143.020000
            0.097522            0.051870            0.000000            1.570796            5.782856            0.000000            3.141593          143.020000
            0.097577            0.051870            0.000000            1.570796            5.812562            0.000000            3.141593          143.020000
            0.097632            0.051870            0.000000            1.570796            5.842269            0.000000            3.141593          143.020000
            0.097687            0.051870            0.000000            1.570796            5.871975            0.000000            3.141593          143.020000
            0.097741            0.051870            0.000000            1.570796            5.901681            0.000000            3.141593          143.020000
            0.097769            0.051870            0.000000            1.570796            5.916534            0.000000            3.141593          143.020000
            0.097823            0.051870            0.000000            1.570796            5.946240            0.000000            3.141593          143.020000
            0.097878            0.051870            0.000000            1.570796            5.975946            0.000000            3.141593          143.020000
            0.097933            0.051870            0.000000            1.570796            1.293263            0.000000            1.570797          143.020000
            0.097988            0.051870            0.000000            1.570796            1.322970            0.000000            1.570797          143.020000
            0.098042            0.051870            0.000000            1.570796            6.065065            0.000000            3.141593          143.020000
            0.098097            0.051870            0.000000            1.570796            1.382382            0.000000            1.570797          143.020000
            0.098152            0.051870            0.000000            1.570796            6.124477            0.000000            3.141593          143.020000
            0.098207            0.051870            0.000000            1.570796            6.154184            0.000000            3.141593          143.020000
            0.098261            0.051870            0.000000            1.570796            6.183890            0.000000            3.141593          143.020000
            0.098316            0.051870            0.000000            1.570796            1.501207            0.000000            1.570797          143.020000
            0.098371            0.051870            0.000000            1.570796            6.243302            0.000000            3.141593          143.020000
            0.098426            0.051870            0.000000            1.570796            6.273008            0.000000            3.141593          143.020000
            0.098480            0.051870            0.000000            1.570796            0.019529            0.000000            3.141593          143.020000
            0.098535            0.051870            0.000000            1.570796            0.049236            0.000000            3.141593          143.020000
            0.098590            0.051870            0.000000            1.570796            0.078942            0.000000            3.141593          143.020000
            0.098645            0.051870            0.000000            1.570796            1.679444            0.000000            1.570797          143.020000
            0.098700            0.051870            0.000000            1.570796            0.138354            0.000000            3.141593          143.020000
            0.098754            0.051870            0.000000            1.570796            1.738856            0.000000            1.570797          143.020000
            0.098809            0.051870            0.000000            1.570796            1.768562            0.000000            1.570797          143.020000
            0.098864            0.051870            0.000000            1.570796            0.227473            0.000000            3.141593          143.020000
            0.098919            0.051870            0.000000            1.570796            0.257179            0.000000            3.141593          143.020000
            0.098973            0.051870            0.000000            1.570796            0.286885            0.000000            3.141593          143.020000
            0.099028            0.051870            0.000000            1.570796            0.316591            0.000000            3.141593          143.020000
            0.099083            0.051870            0.000000            1.570796            0.346298            0.000000            3.141593          143.020000
            0.099138            0.051870            0.000000            1.570796            1.946800            0.000000            1.570797          143.020000
            0.099192            0.051870            0.000000            1.570796            1.976506            0.000000            1.570797          143.020000
            0.099247            0.051870            0.000000            1.570796            2.006212            0.000000            1.570797          143.020000
            0.099302            0.051870            0.000000            1.570796            0.465122            0.000000            3.141593          143.020000
            0.099357            0.051870            0.000000            1.570796            2.065624            0.000000            1.570797          143.020000
            0.099411            0.051870            0.000000            1.570796            0.524535            0.000000            3.141593          143.020000
            0.099466            0.051870            0.000000            1.570796            2.125037            0.000000            1.570797          143.020000
            0.099521            0.051870            0.000000            1.570796            0.583947            0.000000            3.141593          143.020000
            0.099576            0.051870            0.000000            1.570796            0.613653            0.000000            3.141593          143.020000
            0.099630            0.051870            0.000000            1.570796            2.214155            0.000000            1.570797          143.020000
            0.099685            0.051870            0.000000            1.570796            2.243861            0.000000            1.570797          143.020000
            0.099740            0.051870            0.000000            1.570796            2.273568            0.000000            1.570797          143.020000
            0.099795            0.051870            0.000000            1.570796            2.303274            0.000000            1.570797          143.020000
            0.099849            0.051870            0.000000            1.570796            0.762184            0.000000            3.141593          143.020000
            0.099904            0.051870            0.000000            1.570796            2.362686            0.000000            1.570797          143.020000
            0.099959            0.051870            0.000000            1.570796            2.392393            0.000000            1.570797          143.020000
            0.100014            0.051870            0.000000            1.570796            0.851303            0.000000            3.141593          143.020000
            0.100068            0.051870            0.000000            1.570796            0.881009            0.000000            3.141593          143.020000
            0.100123            0.051870            0.000000            1.570796            2.481511            0.000000            1.570797          143.020000
            0.100178            0.051870            0.000000            1.570796            2.511217            0.000000            1.570797          143.020000
            0.100233            0.051870            0.000000            1.570796            0.970128            0.000000            3.141593          143.020000
            0.100287            0.051870            0.000000            1.570796            2.570630            0.000000            1.570797          143.020000
            0.100342            0.051870            0.000000            1.570796            1.029540            0.000000            3.141593          143.020000
            0.100397            0.051870            0.000000            1.570796            1.059246            0.000000            3.141593          143.020000
            0.100452            0.051870            0.000000            1.570796            1.088953            0.000000            3.141593          143.020000
            0.100507            0.051870            0.000000            1.570796            1.118659            0.000000            3.141593          143.020000
            0.100561            0.051870            0.000000            1.570796            2.719161            0.000000            1.570797          143.020000
            0.100616            0.051870            0.000000            1.570796            2.748867            0.000000            1.570797          143.020000
            0.100671            0.051870            0.000000            1.570796            2.778573            0.000000            1.570797          143.020000
            0.100726            0.051870            0.000000            1.570796            1.237484            0.000000            3.141593          143.020000
            0.100780            0.051870            0.000000            1.570796            1.267190            0.000000            3.141593          143.020000
            0.100835            0.051870            0.000000            1.570796            1.296896            0.000000            3.141593          143.020000
            0.100890            0.051870            0.000000            1.570796            2.897398            0.000000            1.570797          143.020000
            0.100945            0.051870            0.000000            1.570796            1.356308            0.000000            3.141593          143.020000
            0.100999            0.051870            0.000000            1.570796            1.386015            0.000000            3.141593          143.020000
            0.101054            0.051870            0.000000            1.570796            2.986517            0.000000            1.570797          143.020000
            0.101109            0.051870            0.000000            1.570796            1.445427            0.000000            3.141593          143.020000
            0.101164            0.051870            0.000000            1.570796            1.475133            0.000000            3.141593          143.020000
            0.101218            0.051870            0.000000            1.570796            3.075635            0.000000            1.570797          143.020000
            0.101273            0.051870            0.000000            1.570796            1.534546            0.000000            3.141593          143.020000
            0.101328            0.051870            0.000000            1.570796            1.564252            0.000000            3.141593          143.020000
            0.101383            0.051870            0.000000            1.570796            1.593958            0.000000            3.141593          143.020000
            0.101437            0.051870            0.000000            1.570796            1.623664            0.000000            3.141593          143.020000
            0.101492            0.051870            0.000000            1.570796            1.653370            0.000000            3.141593          143.020000
            0.101547            0.051870            0.000000            1.570796            1.683077            0.000000            3.141593          143.020000
            0.101602            0.051870            0.000000            1.570796            3.283579            0.000000            1.570797          143.020000
            0.101656            0.051870            0.000000            1.570796            1.742489            0.000000            3.141593          143.020000
            0.101711            0.051870            0.000000            1.570796            1.772195            0.000000            3.141593          143.020000
            0.101766            0.051870            0.000000            1.570796            1.801901            0.000000            3.141593          143.020000
            0.101821            0.051870            0.000000            1.570796            1.831608            0.000000            3.141593          143.020000
            0.101875            0.051870            0.000000            1.570796            3.432110            0.000000            1.570797          143.020000
            0.101930            0.051870            0.000000            1.570796            3.461816            0.000000            1.570797          143.020000
            0.101985            0.051870            0.000000            1.570796            3.491522            0.000000            1.570797          143.020000
            0.102040            0.051870            0.000000            1.570796            3.521229            0.000000            1.570796          143.020000
            0.102094            0.051870            0.000000            1.570796            3.550935            0.000000            1.570797          143.020000
            0.102149            0.051870            0.000000            1.570796            2.009845            0.000000            3.141593          143.020000
            0.102204            0.051870            0.000000            1.570796            2.039551            0.000000            3.141593          143.020000
            0.102259            0.051870            0.000000            1.570796            3.640054            0.000000            1.570796          143.020000
            0.102313            0.051870            0.000000            1.570796            3.669760            0.000000            1.570796          143.020000
            0.102368            0.051870            0.000000            1.570796            2.128670            0.000000            3.141593          143.020000
            0.102423            0.051870            0.000000            1.570796            2.158376            0.000000            3.141593          143.020000
            0.102478            0.051870            0.000000            1.570796            2.188082            0.000000            3.141593          143.020000
            0.102533            0.051870            0.000000            1.570796            2.217788            0.000000            3.141593          143.020000
            0.102587            0.051870            0.000000            1.570796            2.247495            0.000000            3.141593          143.020000
            0.102642            0.051870            0.000000            1.570796            3.847997            0.000000            1.570796          143.020000
            0.102697            0.051870            0.000000            1.570796            3.877703            0.000000            1.570796          143.020000
            0.102752            0.051870            0.000000            1.570796            5.478206            0.000000            0.000000          143.020000
            0.102806            0.051870            0.000000            1.570796            5.507912            0.000000            0.000000          143.020000
            0.102861            0.051870            0.000000            1.570796            3.966822            0.000000            1.570796          143.020000
            0.102916            0.051870            0.000000            1.570796            5.567324            0.000000            0.000000          143.020000
            0.102971            0.051870            0.000000            1.570796            4.026234            0.000000            1.570796          143.020000
            0.103025            0.051870            0.000000            1.570796            5.626737            0.000000            0.000000          143.020000
            0.103080            0.051870            0.000000            1.570796            5.656443            0.000000            0.000000          143.020000
            0.103135            0.051870            0.000000            1.570796            4.115353            0.000000            1.570796          143.020000
            0.103190            0.051870            0.000000            1.570796            4.145059            0.000000            1.570796          143.020000
            0.103244            0.051870            0.000000            1.570796            5.745562            0.000000            0.000000          143.020000
            0.103299            0.051870            0.000000            1.570796            4.204472            0.000000            1.570796          143.020000
            0.103354            0.051870            0.000000            1.570796            4.234178            0.000000            1.570796          143.020000
            0.103409            0.051870            0.000000            1.570796            5.834680            0.000000            0.000000          143.020000
            0.103463            0.051870            0.000000            1.570796            5.864386            0.000000            0.000000          143.020000
            0.103518            0.051870            0.000000            1.570796            5.894093            0.000000            0.000000          143.020000
            0.103573            0.051870            0.000000            1.570796            4.353003            0.000000            1.570796          143.020000
            0.103628            0.051870            0.000000            1.570796            4.382709            0.000000            1.570796          143.020000
            0.103682            0.051870            0.000000            1.570796            5.983211            0.000000            0.000000          143.020000
            0.103737            0.051870            0.000000            1.570796            4.442121            0.000000            1.570796          143.020000
            0.103792            0.051870            0.000000            1.570796            6.042624            0.000000            0.000000          143.020000
            0.103847            0.051870            0.000000            1.570796            6.072330            0.000000            0.000000          143.020000
            0.103901            0.051870            0.000000            1.570796            4.531240            0.000000            1.570796          143.020000
            0.103956            0.051870            0.000000            1.570796            4.560946            0.000000            1.570796          143.020000
            0.104011            0.051870            0.000000            1.570796            4.590653            0.000000            1.570796          143.020000
            0.104066            0.051870            0.000000            1.570796            4.620359            0.000000            1.570796          143.020000
            0.104120            0.051870            0.000000            1.570796            6.220861            0.000000            0.000000          143.020000
            0.104175            0.051870            0.000000            1.570796            4.679771            0.000000            1.570796          143.020000
            0.104230            0.051870            0.000000            1.570796            4.709477            0.000000            1.570796          143.020000
            0.104285            0.051870            0.000000            1.570796            0.026794            0.000000            0.000000          143.020000
            0.104339            0.051870            0.000000            1.570796            0.056500            0.000000            0.000000          143.020000
            0.104394            0.051870            0.000000            1.570796            0.086207            0.000000            0.000000          143.020000
            0.104449            0.051870            0.000000            1.570796            4.828302            0.000000            1.570796          143.020000
            0.104504            0.051870            0.000000            1.570796            0.145619            0.000000            0.000000          143.020000
            0.104559            0.051870            0.000000            1.570796            0.175325            0.000000            0.000000          143.020000
            0.104613            0.051870            0.000000            1.570796            0.205031            0.000000            0.000000          143.020000
            0.104668            0.051870            0.000000            1.570796            4.947127            0.000000            1.570796          143.020000
            0.104723            0.051870            0.000000            1.570796            4.976833            0.000000            1.570796          143.020000
            0.104778            0.051870            0.000000            1.570796            5.006540            0.000000            1.570796          143.020000
            0.104832            0.051870            0.000000            1.570796            5.036246            0.000000            1.570796          143.020000
            0.104887            0.051870            0.000000            1.570796            5.065952            0.000000            1.570796          143.020000
            0.104942            0.051870            0.000000            1.570796            5.095658            0.000000            1.570796          143.020000
            0.104997            0.051870            0.000000            1.570796            0.412975            0.000000            0.000000          143.020000
            0.105051            0.051870            0.000000            1.570796            0.442681            0.000000            0.000000          143.020000
            0.105106            0.051870            0.000000            1.570796            5.184777            0.000000            1.570796          143.020000
            0.105161            0.051870            0.000000            1.570796            5.214483            0.000000            1.570796          143.020000
            0.105216            0.051870            0.000000            1.570796            0.531800            0.000000            0.000000          143.020000
            0.105270            0.051870            0.000000            1.570796            5.273895            0.000000            1.570796          143.020000
            0.105325            0.051870            0.000000            1.570796            5.303602            0.000000            1.570796          143.020000
            0.105380            0.051870            0.000000            1.570796            5.333308            0.000000            1.570796          143.020000
            0.105435            0.051870            0.000000            1.570796            5.363014            0.000000            1.570796          143.020000
            0.105489            0.051870            0.000000            1.570796            5.392720            0.000000            1.570796          143.020000
            0.105544            0.051870            0.000000            1.570796            0.710037            0.000000            0.000000          143.020000
            0.105599            0.051870            0.000000            1.570796            5.452133            0.000000            1.570796          143.020000
            0.105654            0.051870            0.000000            1.570796            0.769449            0.000000            0.000000          143.020000
            0.105708            0.051870            0.000000            1.570796            0.799155            0.000000            0.000000          143.020000
            0.105763            0.051870            0.000000            1.570796            0.828862            0.000000            0.000000          143.020000
            0.105818            0.051870            0.000000            1.570796            0.858568            0.000000            0.000000          143.020000
            0.105873            0.051870            0.000000            1.570796            0.888274            0.000000            0.000000          143.020000
            0.105927            0.051870            0.000000            1.570796            0.917980            0.000000            0.000000          143.020000
            0.105982            0.051870            0.000000            1.570796            0.947686            0.000000            0.000000          143.020000
            0.106037            0.051870            0.000000            1.570796            0.977393            0.000000            0.000000          143.020000
            0.106092            0.051870            0.000000            1.570796            1.007099            0.000000            0.000000          143.020000
            0.106146            0.051870            0.000000            1.570796            1.036805            0.000000            0.000000          143.020000
            0.106201            0.051870            0.000000            1.570796            1.066511            0.000000            0.000000          143.020000
            0.106256            0.051870            0.000000            1.570796            1.096217            0.000000            0.000000          143.020000
            0.106311            0.051870            0.000000            1.570796            1.125924            0.000000            0.000000          143.020000
            0.106366            0.051870            0.000000            1.570796            1.155630            0.000000            0.000000          143.020000
            0.106420            0.051870            0.000000            1.570796            1.185336            0.000000            0.000000          143.020000
            0.106475            0.051870            0.000000            1.570796            1.215042            0.000000            0.000000          143.020000
            0.106530            0.051870            0.000000            1.570796            1.244748            0.000000            0.000000          143.020000
            0.106585            0.051870            0.000000            1.570796            5.986844            0.000000            1.570796          143.020000
            0.106639            0.051870            0.000000            1.570796            6.016550            0.000000            1.570796          143.020000
            0.106694            0.051870            0.000000            1.570796            1.333867            0.000000            0.000000          143.020000
            0.106749            0.051870            0.000000            1.570796            1.363573            0.000000            0.000000          143.020000
            0.106804            0.051870            0.000000            1.570796            1.393279            0.000000            0.000000          143.020000
            0.106858            0.051870            0.000000            1.570796            1.422986            0.000000            0.000000          143.020000
            0.106913            0.051870            0.000000            1.570796            1.452692            0.000000            0.000000          143.020000
            0.106968            0.051870            0.000000            1.570796            1.482398            0.000000            0.000000          143.020000
            0.107023            0.051870            0.000000            1.570796            1.512104            0.000000            0.000000          143.020000
            0.107077            0.051870            0.000000            1.570796            1.541810            0.000000            0.000000          143.020000
            0.107132            0.051870            0.000000            1.570796            1.571517            0.000000            0.000000          143.020000
            0.107187            0.051870            0.000000            1.570796            1.601223            0.000000            0.000000          143.020000
            0.107242            0.051870            0.000000            1.570796            1.630929            0.000000            0.000000          143.020000
            0.107296            0.051870            0.000000            1.570796            1.660635            0.000000            0.000000          143.020000
            0.107351            0.051870            0.000000            1.570796            1.690341            0.000000            0.000000          143.020000
            0.107406            0.051870            0.000000            1.570796            1.720048            0.000000            0.000000          143.020000
            0.107461            0.051870            0.000000            1.570796            0.178958            0.000000            1.570796          143.020000
            0.107515            0.051870            0.000000            1.570796            1.779460            0.000000            0.000000          143.020000
            0.107570            0.051870            0.000000            1.570796            1.809166            0.000000            0.000000          143.020000
            0.107625            0.051870            0.000000            1.570796            0.268077            0.000000            1.570796          143.020000
            0.107680            0.051870            0.000000            1.570796            1.868579            0.000000            0.000000          143.020000
            0.107734            0.051870            0.000000            1.570796            1.898285            0.000000            0.000000          143.020000
            0.107789            0.051870            0.000000            1.570796            1.927991            0.000000            0.000000          143.020000
            0.107844            0.051870            0.000000            1.570796            1.957697            0.000000            0.000000          143.020000
            0.107899            0.051870            0.000000            1.570796            0.416607            0.000000            1.570796          143.020000
            0.107953            0.051870            0.000000            1.570796            2.017110            0.000000            0.000000          143.020000
            0.108008            0.051870            0.000000            1.570796            0.476020            0.000000            1.570796          143.020000
            0.108063            0.051870            0.000000            1.570796            2.076522            0.000000            0.000000          143.020000
            0.108118            0.051870            0.000000            1.570796            2.106228            0.000000            0.000000          143.020000
            0.108172            0.051870            0.000000            1.570796            0.565138            0.000000            1.570796          143.020000
            0.108227            0.051870            0.000000            1.570796            0.594844            0.000000            1.570796          143.020000
            0.108282            0.051870            0.000000            1.570796            2.195347            0.000000            0.000000          143.020000
            0.108337            0.051870            0.000000            1.570796            2.225053            0.000000            0.000000          143.020000
            0.108392            0.051870            0.000000            1.570796            0.683963            0.000000            1.570796          143.020000
            0.108446            0.051870            0.000000            1.570796            0.713669            0.000000            1.570796          143.020000
            0.108501            0.051870            0.000000            1.570796            2.314172            0.000000            0.000000          143.020000
            0.108556            0.051870            0.000000            1.570796            2.343878            0.000000            0.000000          143.020000
            0.108638            0.051870            0.000000            1.570796            2.388437            0.000000            0.000000          143.020000
            0.108693            0.051870            0.000000            1.570796            2.418143            0.000000            0.000000          143.020000
            0.108747            0.051870            0.000000            1.570796            5.589442            0.000000            3.141593          143.020000
            0.108802            0.051870            0.000000            1.570796            5.619148            0.000000            3.141593          143.020000
            0.108857            0.051870            0.000000            1.570796            5.648855            0.000000            3.141593          143.020000
            0.108912            0.051870            0.000000            1.570796            5.678561            0.000000            3.141593          143.020000
            0.108966            0.051870            0.000000            1.570796            0.995878            0.000000            1.570796          143.020000
            0.109021            0.051870            0.000000            1.570796            1.025584            0.000000            1.570796          143.020000
            0.109076            0.051870            0.000000            1.570796            1.055290            0.000000            1.570796          143.020000
            0.109131            0.051870            0.000000            1.570796            1.084997            0.000000            1.570796          143.020000
            0.109185            0.051870            0.000000            1.570796            5.827092            0.000000            3.141593          143.020000
            0.109240            0.051870            0.000000            1.570796            5.856798            0.000000            3.141593          143.020000
            0.109295            0.051870            0.000000            1.570796            5.886504            0.000000            3.141593          143.020000
            0.109350            0.051870            0.000000            1.570796            5.916210            0.000000            3.141593          143.020000
            0.109405            0.051870            0.000000            1.570796            1.233527            0.000000            1.570797          143.020000
            0.109432            0.051870            0.000000            1.570796            5.960770            0.000000            3.141593          143.020000
            0.109487            0.051870            0.000000            1.570796            5.990476            0.000000            3.141593          143.020000
            0.109541            0.051870            0.000000            1.570796            6.020182            0.000000            3.141593          143.020000
            0.109596            0.051870            0.000000            1.570796            1.337499            0.000000            1.570796          143.020000
            0.109651            0.051870            0.000000            1.570796            6.079595            0.000000            3.141593          143.020000
            0.109706            0.051870            0.000000            1.570796            6.109301            0.000000            3.141593          143.020000
            0.109760            0.051870            0.000000            1.570796            6.139007            0.000000            3.141593          143.020000
            0.109815            0.051870            0.000000            1.570796            1.456324            0.000000            1.570797          143.020000
            0.109870            0.051870            0.000000            1.570796            6.198419            0.000000            3.141593          143.020000
            0.109925            0.051870            0.000000            1.570796            6.228126            0.000000            3.141593          143.020000
            0.109979            0.051870            0.000000            1.570796            1.545442            0.000000            1.570797          143.020000
            0.110034            0.051870            0.000000            1.570796            1.575149            0.000000            1.570797          143.020000
            0.110089            0.051870            0.000000            1.570796            0.034059            0.000000            3.141593          143.020000
            0.110144            0.051870            0.000000            1.570796            0.063765            0.000000            3.141593          143.020000
            0.110198            0.051870            0.000000            1.570796            1.664267            0.000000            1.570797          143.020000
            0.110253            0.051870            0.000000            1.570796            1.693973            0.000000            1.570797          143.020000
            0.110308            0.051870            0.000000            1.570796            0.152884            0.000000            3.141593          143.020000
            0.110363            0.051870            0.000000            1.570796            1.753386            0.000000            1.570797          143.020000
            0.110418            0.051870            0.000000            1.570796            0.212296            0.000000            3.141593          143.020000
            0.110472            0.051870            0.000000            1.570796            1.812798            0.000000            1.570797          143.020000
            0.110527            0.051870            0.000000            1.570796            0.271709            0.000000            3.141593          143.020000
            0.110582            0.051870            0.000000            1.570796            0.301415            0.000000            3.141593          143.020000
            0.110637            0.051870            0.000000            1.570796            0.331121            0.000000            3.141593          143.020000
            0.110691            0.051870            0.000000            1.570796            1.931623            0.000000            1.570797          143.020000
            0.110746            0.051870            0.000000            1.570796            0.390533            0.000000            3.141593          143.020000
            0.110801            0.051870            0.000000            1.570796            1.991035            0.000000            1.570797          143.020000
            0.110856            0.051870            0.000000            1.570796            0.449946            0.000000            3.141593          143.020000
            0.110910            0.051870            0.000000            1.570796            0.479652            0.000000            3.141593          143.020000
            0.110965            0.051870            0.000000            1.570796            0.509358            0.000000            3.141593          143.020000
            0.111020            0.051870            0.000000            1.570796            2.109860            0.000000            1.570797          143.020000
            0.111075            0.051870            0.000000            1.570796            0.568771            0.000000            3.141593          143.020000
            0.111129            0.051870            0.000000            1.570796            2.169273            0.000000            1.570797          143.020000
            0.111184            0.051870            0.000000            1.570796            0.628183            0.000000            3.141593          143.020000
            0.111239            0.051870            0.000000            1.570796            2.228685            0.000000            1.570797          143.020000
            0.111294            0.051870            0.000000            1.570796            0.687595            0.000000            3.141593          143.020000
            0.111348            0.051870            0.000000            1.570796            2.288097            0.000000            1.570797          143.020000
            0.111403            0.051870            0.000000            1.570796            0.747008            0.000000            3.141593          143.020000
            0.111458            0.051870            0.000000            1.570796            2.347510            0.000000            1.570797          143.020000
            0.111513            0.051870            0.000000            1.570796            0.806420            0.000000            3.141593          143.020000
            0.111567            0.051870            0.000000            1.570796            2.406922            0.000000            1.570797          143.020000
            0.111622            0.051870            0.000000            1.570796            2.436628            0.000000            1.570797          143.020000
            0.111677            0.051870            0.000000            1.570796            0.895539            0.000000            3.141593          143.020000
            0.111732            0.051870            0.000000            1.570796            2.496041            0.000000            1.570797          143.020000
            0.111786            0.051870            0.000000            1.570796            0.954951            0.000000            3.141593          143.020000
            0.111841            0.051870            0.000000            1.570796            0.984657            0.000000            3.141593          143.020000
            0.111896            0.051870            0.000000            1.570796            1.014364            0.000000            3.141593          143.020000
            0.111951            0.051870            0.000000            1.570796            1.044070            0.000000            3.141593          143.020000
            0.112005            0.051870            0.000000            1.570796            1.073776            0.000000            3.141593          143.020000
            0.112060            0.051870            0.000000            1.570796            1.103482            0.000000            3.141593          143.020000
            0.112115            0.051870            0.000000            1.570796            2.703984            0.000000            1.570797          143.020000
            0.112170            0.051870            0.000000            1.570796            2.733690            0.000000            1.570797          143.020000
            0.112225            0.051870            0.000000            1.570796            1.192601            0.000000            3.141593          143.020000
            0.112279            0.051870            0.000000            1.570796            1.222307            0.000000            3.141593          143.020000
            0.112334            0.051870            0.000000            1.570796            1.252013            0.000000            3.141593          143.020000
            0.112389            0.051870            0.000000            1.570796            2.852515            0.000000            1.570797          143.020000
            0.112444            0.051870            0.000000            1.570796            2.882222            0.000000            1.570797          143.020000
            0.112498            0.051870            0.000000            1.570796            1.341132            0.000000            3.141593          143.020000
            0.112553            0.051870            0.000000            1.570796            2.941634            0.000000            1.570797          143.020000
            0.112608            0.051870            0.000000            1.570796            2.971340            0.000000            1.570797          143.020000
            0.112663            0.051870            0.000000            1.570796            1.430250            0.000000            3.141593          143.020000
            0.112717            0.051870            0.000000            1.570796            1.459957            0.000000            3.141593          143.020000
            0.112772            0.051870            0.000000            1.570796            3.060459            0.000000            1.570797          143.020000
            0.112827            0.051870            0.000000            1.570796            3.090165            0.000000            1.570797          143.020000
            0.112882            0.051870            0.000000            1.570796            3.119871            0.000000            1.570797          143.020000
            0.112936            0.051870            0.000000            1.570796            1.578781            0.000000            3.141593          143.020000
            0.112991            0.051870            0.000000            1.570796            1.608488            0.000000            3.141593          143.020000
            0.113046            0.051870            0.000000            1.570796            3.208990            0.000000            1.570797          143.020000
            0.113101            0.051870            0.000000            1.570796            1.667900            0.000000            3.141593          143.020000
            0.113155            0.051870            0.000000            1.570796            1.697606            0.000000            3.141593          143.020000
            0.113210            0.051870            0.000000            1.570796            3.298108            0.000000            1.570797          143.020000
            0.113265            0.051870            0.000000            1.570796            3.327815            0.000000            1.570797          143.020000
            0.113320            0.051870            0.000000            1.570796            3.357521            0.000000            1.570796          143.020000
            0.113374            0.051870            0.000000            1.570796            1.816431            0.000000            3.141593          143.020000
            0.113429            0.051870            0.000000            1.570796            3.416933            0.000000            1.570797          143.020000
            0.113484            0.051870            0.000000            1.570796            1.875843            0.000000            3.141593          143.020000
            0.113539            0.051870            0.000000            1.570796            1.905550            0.000000            3.141593          143.020000
            0.113593            0.051870            0.000000            1.570796            3.506052            0.000000            1.570797          143.020000
            0.113648            0.051870            0.000000            1.570796            1.964962            0.000000            3.141593          143.020000
            0.113703            0.051870            0.000000            1.570796            3.565464            0.000000            1.570797          143.020000
            0.113758            0.051870            0.000000            1.570796            3.595170            0.000000            1.570797          143.020000
            0.113812            0.051870            0.000000            1.570796            2.054081            0.000000            3.141593          143.020000
            0.113867            0.051870            0.000000            1.570796            3.654583            0.000000            1.570797          143.020000
            0.113922            0.051870            0.000000            1.570796            3.684289            0.000000            1.570796          143.020000
            0.113977            0.051870            0.000000            1.570796            2.143199            0.000000            3.141593          143.020000
            0.114031            0.051870            0.000000            1.570796            2.172905            0.000000            3.141593          143.020000
            0.114086            0.051870            0.000000            1.570796            2.202612            0.000000            3.141593          143.020000
            0.114141            0.051870            0.000000            1.570796            2.232318            0.000000            3.141593          143.020000
            0.114196            0.051870            0.000000            1.570796            3.832820            0.000000            1.570796          143.020000
            0.114251            0.051870            0.000000            1.570796            3.862526            0.000000            1.570796          143.020000
            0.114305            0.051870            0.000000            1.570796            3.892233            0.000000            1.570796          143.020000
            0.114360            0.051870            0.000000            1.570796            2.351143            0.000000            3.141593          143.020000
            0.114415            0.051870            0.000000            1.570796            3.951645            0.000000            1.570796          143.020000
            0.114470            0.051870            0.000000            1.570796            3.981351            0.000000            1.570796          143.020000
            0.114524            0.051870            0.000000            1.570796            4.011058            0.000000            1.570796          143.020000
            0.114579            0.051870            0.000000            1.570796            2.469967            0.000000            3.141593          143.020000
            0.114634            0.051870            0.000000            1.570796            4.070470            0.000000            1.570796          143.020000
            0.114689            0.051870            0.000000            1.570796            5.670973            0.000000            0.000000          143.020000
            0.114743            0.051870            0.000000            1.570796            2.559086            0.000000            3.141593          143.020000
            0.114798            0.051870            0.000000            1.570796            5.730385            0.000000            0.000000          143.020000
            0.114853            0.051870            0.000000            1.570796            4.189295            0.000000            1.570796          143.020000
            0.114908            0.051870            0.000000            1.570796            4.219001            0.000000            1.570796          143.020000
            0.114962            0.051870            0.000000            1.570796            4.248707            0.000000            1.570796          143.020000
            0.115017            0.051870            0.000000            1.570796            5.849210            0.000000            0.000000          143.020000
            0.115072            0.051870            0.000000            1.570796            4.308120            0.000000            1.570796          143.020000
            0.115127            0.051870            0.000000            1.570796            4.337826            0.000000            1.570796          143.020000
            0.115181            0.051870            0.000000            1.570796            5.938328            0.000000            0.000000          143.020000
            0.115236            0.051870            0.000000            1.570796            5.968035            0.000000            0.000000          143.020000
            0.115291            0.051870            0.000000            1.570796            5.997741            0.000000            0.000000          143.020000
            0.115346            0.051870            0.000000            1.570796            6.027447            0.000000            0.000000          143.020000
            0.115400            0.051870            0.000000            1.570796            6.057153            0.000000            0.000000          143.020000
            0.115455            0.051870            0.000000            1.570796            4.516063            0.000000            1.570796          143.020000
            0.115510            0.051870            0.000000            1.570796            6.116566            0.000000            0.000000          143.020000
            0.115565            0.051870            0.000000            1.570796            6.146272            0.000000            0.000000          143.020000
            0.115619            0.051870            0.000000            1.570796            6.175978            0.000000            0.000000          143.020000
            0.115674            0.051870            0.000000            1.570796            4.634888            0.000000            1.570796          143.020000
            0.115729            0.051870            0.000000            1.570796            6.235390            0.000000            0.000000          143.020000
            0.115784            0.051870            0.000000            1.570796            6.265097            0.000000            0.000000          143.020000
            0.115838            0.051870            0.000000            1.570796            4.724007            0.000000            1.570796          143.020000
            0.115893            0.051870            0.000000            1.570796            0.041324            0.000000            0.000000          143.020000
            0.115948            0.051870            0.000000            1.570796            4.783419            0.000000            1.570796          143.020000
            0.116003            0.051870            0.000000            1.570796            0.100736            0.000000            0.000000          143.020000
            0.116057            0.051870            0.000000            1.570796            0.130442            0.000000            0.000000          143.020000
            0.116112            0.051870            0.000000            1.570796            0.160148            0.000000            0.000000          143.020000
            0.116167            0.051870            0.000000            1.570796            0.189855            0.000000            0.000000          143.020000
            0.116222            0.051870            0.000000            1.570796            0.219561            0.000000            0.000000          143.020000
            0.116277            0.051870            0.000000            1.570796            4.961657            0.000000            1.570796          143.020000
            0.116331            0.051870            0.000000            1.570796            4.991363            0.000000            1.570796          143.020000
            0.116386            0.051870            0.000000            1.570796            0.308680            0.000000            0.000000          143.020000
            0.116441            0.051870            0.000000            1.570796            5.050775            0.000000            1.570796          143.020000
            0.116496            0.051870            0.000000            1.570796            5.080481            0.000000            1.570796          143.020000
            0.116550            0.051870            0.000000            1.570796            0.397798            0.000000            0.000000          143.020000
            0.116605            0.051870            0.000000            1.570796            0.427504            0.000000            0.000000          143.020000
            0.116660            0.051870            0.000000            1.570796            0.457211            0.000000            0.000000          143.020000
            0.116715            0.051870            0.000000            1.570796            0.486917            0.000000            0.000000          143.020000
            0.116769            0.051870            0.000000            1.570796            5.229012            0.000000            1.570796          143.020000
            0.116824            0.051870            0.000000            1.570796            5.258719            0.000000            1.570796          143.020000
            0.116879            0.051870            0.000000            1.570796            0.576035            0.000000            0.000000          143.020000
            0.116934            0.051870            0.000000            1.570796            0.605742            0.000000            0.000000          143.020000
            0.116988            0.051870            0.000000            1.570796            0.635448            0.000000            0.000000          143.020000
            0.117043            0.051870            0.000000            1.570796            0.665154            0.000000            0.000000          143.020000
            0.117098            0.051870            0.000000            1.570796            0.694860            0.000000            0.000000          143.020000
            0.117180            0.051870            0.000000            1.570796            0.739419            0.000000            0.000000          143.020000
            0.117235            0.051870            0.000000            1.570796            5.481515            0.000000            1.570796          143.020000
            0.117290            0.051870            0.000000            1.570796            0.798832            0.000000            0.000000          143.020000
            0.117344            0.051870            0.000000            1.570796            0.828538            0.000000            0.000000          143.020000
            0.117399            0.051870            0.000000            1.570796            5.570634            0.000000            1.570796          143.020000
            0.117454            0.051870            0.000000            1.570796            5.600340            0.000000            1.570796          143.020000
            0.117509            0.051870            0.000000            1.570796            5.630046            0.000000            1.570796          143.020000
            0.117563            0.051870            0.000000            1.570796            0.947363            0.000000            0.000000          143.020000
            0.117618            0.051870            0.000000            1.570796            5.689459            0.000000            1.570796          143.020000
            0.117673            0.051870            0.000000            1.570796            1.006775            0.000000            0.000000          143.020000
            0.117728            0.051870            0.000000            1.570796            5.748871            0.000000            1.570796          143.020000
            0.117782            0.051870            0.000000            1.570796            1.066188            0.000000            0.000000          143.020000
            0.117837            0.051870            0.000000            1.570796            1.095894            0.000000            0.000000          143.020000
            0.117892            0.051870            0.000000            1.570796            5.837990            0.000000            1.570796          143.020000
            0.117947            0.051870            0.000000            1.570796            5.867696            0.000000            1.570796          143.020000
            0.117974            0.051870            0.000000            1.570796            1.170159            0.000000            0.000000          143.020000
            0.118029            0.051870            0.000000            1.570796            5.912255            0.000000            1.570796          143.020000
            0.118084            0.051870            0.000000            1.570796            1.229572            0.000000            0.000000          143.020000
            0.118138            0.051870            0.000000            1.570796            1.259278            0.000000            0.000000          143.020000
            0.118193            0.051870            0.000000            1.570796            1.288984            0.000000            0.000000          143.020000
            0.118248            0.051870            0.000000            1.570796            1.318690            0.000000            0.000000          143.020000
            0.118303            0.051870            0.000000            1.570796            1.348397            0.000000            0.000000          143.020000
            0.118357            0.051870            0.000000            1.570796            6.090492            0.000000            1.570796          143.020000
            0.118412            0.051870            0.000000            1.570796            1.407809            0.000000            0.000000          143.020000
            0.118467            0.051870            0.000000            1.570796            1.437515            0.000000            0.000000          143.020000
            0.118522            0.051870            0.000000            1.570796            1.467221            0.000000            0.000000          143.020000
            0.118576            0.051870            0.000000            1.570796            6.209317            0.000000            1.570796          143.020000
            0.118631            0.051870            0.000000            1.570796            1.526634            0.000000            0.000000          143.020000
            0.118686            0.051870            0.000000            1.570796            1.556340            0.000000            0.000000          143.020000
            0.118741            0.051870            0.000000            1.570796            1.586046            0.000000            0.000000          143.020000
            0.118795            0.051870            0.000000            1.570796            1.615752            0.000000            0.000000          143.020000
            0.118850            0.051870            0.000000            1.570796            1.645459            0.000000            0.000000          143.020000
            0.118905            0.051870            0.000000            1.570796            0.104369            0.000000            1.570796          143.020000
            0.118960            0.051870            0.000000            1.570796            1.704871            0.000000            0.000000          143.020000
            0.119014            0.051870            0.000000            1.570796            1.734577            0.000000            0.000000          143.020000
            0.119069            0.051870            0.000000            1.570796            1.764283            0.000000            0.000000          143.020000
            0.119124            0.051870            0.000000            1.570796            1.793990            0.000000            0.000000          143.020000
            0.119179            0.051870            0.000000            1.570796            0.252900            0.000000            1.570796          143.020000
            0.119233            0.051870            0.000000            1.570796            1.853402            0.000000            0.000000          143.020000
            0.119288            0.051870            0.000000            1.570796            1.883108            0.000000            0.000000          143.020000
            0.119343            0.051870            0.000000            1.570796            0.342018            0.000000            1.570796          143.020000
            0.119398            0.051870            0.000000            1.570796            1.942521            0.000000            0.000000          143.020000
            0.119452            0.051870            0.000000            1.570796            0.401431            0.000000            1.570796          143.020000
            0.119507            0.051870            0.000000            1.570796            0.431137            0.000000            1.570796          143.020000
            0.119562            0.051870            0.000000            1.570796            0.460843            0.000000            1.570796          143.020000
            0.119617            0.051870            0.000000            1.570796            0.490549            0.000000            1.570796          143.020000
            0.119671            0.051870            0.000000            1.570796            2.091052            0.000000            0.000000          143.020000
            0.119726            0.051870            0.000000            1.570796            2.120758            0.000000            0.000000          143.020000
            0.119781            0.051870            0.000000            1.570796            2.150464            0.000000            0.000000          143.020000
            0.119836            0.051870            0.000000            1.570796            0.609374            0.000000            1.570796          143.020000
            0.119890            0.051870            0.000000            1.570796            2.209876            0.000000            0.000000          143.020000
            0.119945            0.051870            0.000000            1.570796            2.239583            0.000000            0.000000          143.020000
            0.120000            0.051870            0.000000            1.570796            2.269289            0.000000            0.000000          143.020000
            0.120055            0.051870            0.000000            1.570796            2.298995            0.000000            0.000000          143.020000
            0.120110            0.051870            0.000000            1.570796            2.328701            0.000000            0.000000          143.020000
            0.120164            0.051870            0.000000            1.570796            2.358407            0.000000            0.000000          143.020000
            0.120219            0.051870            0.000000            1.570796            0.817317            0.000000            1.570796          143.020000
            0.120274            0.051870            0.000000            1.570796            0.847024            0.000000            1.570796          143.020000
            0.120329            0.051870            0.000000            1.570796            2.447526            0.000000            0.000000          143.020000
            0.120383            0.051870            0.000000            1.570796            2.477232            0.000000            0.000000          143.020000
            0.120438            0.051870            0.000000            1.570796            0.936142            0.000000            1.570796          143.020000
            0.120493            0.051870            0.000000            1.570796            2.536645            0.000000            0.000000          143.020000
            0.120548            0.051870            0.000000            1.570796            5.707944            0.000000            3.141593          143.020000
            0.120602            0.051870            0.000000            1.570796            5.737650            0.000000            3.141593          143.020000
            0.120657            0.051870            0.000000            1.570796            5.767356            0.000000            3.141593          143.020000
            0.120712            0.051870            0.000000            1.570796            5.797062            0.000000            3.141593          143.020000
            0.120767            0.051870            0.000000            1.570796            1.114379            0.000000            1.570796          143.020000
            0.120821            0.051870            0.000000            1.570796            5.856475            0.000000            3.141593          143.020000
            0.120876            0.051870            0.000000            1.570796            5.886181            0.000000            3.141593          143.020000
            0.120931            0.051870            0.000000            1.570796            5.915887            0.000000            3.141593          143.020000
            0.120986            0.051870            0.000000            1.570796            5.945593            0.000000            3.141593          143.020000
            0.121040            0.051870            0.000000            1.570796            1.262910            0.000000            1.570796          143.020000
            0.121095            0.051870            0.000000            1.570796            6.005006            0.000000            3.141593          143.020000
            0.121150            0.051870            0.000000            1.570796            6.034712            0.000000            3.141593          143.020000
            0.121205            0.051870            0.000000            1.570796            1.352029            0.000000            1.570796          143.020000
            0.121259            0.051870            0.000000            1.570796            6.094124            0.000000            3.141593          143.020000
            0.121314            0.051870            0.000000            1.570796            6.123830            0.000000            3.141593          143.020000
            0.121369            0.051870            0.000000            1.570796            6.153537            0.000000            3.141593          143.020000
            0.121424            0.051870            0.000000            1.570796            6.183243            0.000000            3.141593          143.020000
            0.121478            0.051870            0.000000            1.570796            6.212949            0.000000            3.141593          143.020000
            0.121533            0.051870            0.000000            1.570796            6.242655            0.000000            3.141593          143.020000
            0.121588            0.051870            0.000000            1.570796            1.559972            0.000000            1.570797          143.020000
            0.121643            0.051870            0.000000            1.570796            0.018882            0.000000            3.141593          143.020000
            0.121697            0.051870            0.000000            1.570796            1.619384            0.000000            1.570797          143.020000
            0.121752            0.051870            0.000000            1.570796            1.649091            0.000000            1.570797          143.020000
            0.121807            0.051870            0.000000            1.570796            1.678797            0.000000            1.570797          143.020000
            0.121862            0.051870            0.000000            1.570796            0.137707            0.000000            3.141593          143.020000
            0.121916            0.051870            0.000000            1.570796            0.167413            0.000000            3.141593          143.020000
            0.121971            0.051870            0.000000            1.570796            0.197119            0.000000            3.141593          143.020000
            0.122026            0.051870            0.000000            1.570796            1.797622            0.000000            1.570797          143.020000
            0.122081            0.051870            0.000000            1.570796            0.256532            0.000000            3.141593          143.020000
            0.122136            0.051870            0.000000            1.570796            0.286238            0.000000            3.141593          143.020000
            0.122190            0.051870            0.000000            1.570796            0.315944            0.000000            3.141593          143.020000
            0.122245            0.051870            0.000000            1.570796            0.345650            0.000000            3.141593          143.020000
            0.122300            0.051870            0.000000            1.570796            0.375357            0.000000            3.141593          143.020000
            0.122355            0.051870            0.000000            1.570796            0.405063            0.000000            3.141593          143.020000
            0.122409            0.051870            0.000000            1.570796            2.005565            0.000000            1.570797          143.020000
            0.122464            0.051870            0.000000            1.570796            2.035271            0.000000            1.570797          143.020000
            0.122519            0.051870            0.000000            1.570796            0.494181            0.000000            3.141593          143.020000
            0.122574            0.051870            0.000000            1.570796            2.094684            0.000000            1.570797          143.020000
            0.122628            0.051870            0.000000            1.570796            0.553594            0.000000            3.141593          143.020000
            0.122683            0.051870            0.000000            1.570796            0.583300            0.000000            3.141593          143.020000
            0.122738            0.051870            0.000000            1.570796            0.613006            0.000000            3.141593          143.020000
            0.122793            0.051870            0.000000            1.570796            2.213508            0.000000            1.570797          143.020000
            0.122847            0.051870            0.000000            1.570796            2.243215            0.000000            1.570797          143.020000
            0.122902            0.051870            0.000000            1.570796            0.702125            0.000000            3.141593          143.020000
            0.122957            0.051870            0.000000            1.570796            0.731831            0.000000            3.141593          143.020000
            0.123012            0.051870            0.000000            1.570796            2.332333            0.000000            1.570797          143.020000
            0.123066            0.051870            0.000000            1.570796            2.362040            0.000000            1.570797          143.020000
            0.123121            0.051870            0.000000            1.570796            0.820950            0.000000            3.141593          143.020000
            0.123176            0.051870            0.000000            1.570796            0.850656            0.000000            3.141593          143.020000
            0.123231            0.051870            0.000000            1.570796            0.880362            0.000000            3.141593          143.020000
            0.123285            0.051870            0.000000            1.570796            2.480864            0.000000            1.570797          143.020000
            0.123340            0.051870            0.000000            1.570796            0.939775            0.000000            3.141593          143.020000
            0.123395            0.051870            0.000000            1.570796            2.540277            0.000000            1.570797          143.020000
            0.123450            0.051870            0.000000            1.570796            0.999187            0.000000            3.141593          143.020000
            0.123504            0.051870            0.000000            1.570796            2.599689            0.000000            1.570797          143.020000
            0.123559            0.051870            0.000000            1.570796            2.629395            0.000000            1.570797          143.020000
            0.123614            0.051870            0.000000            1.570796            2.659101            0.000000            1.570797          143.020000
            0.123669            0.051870            0.000000            1.570796            2.688807            0.000000            1.570797          143.020000
            0.123723            0.051870            0.000000            1.570796            1.147718            0.000000            3.141593          143.020000
            0.123778            0.051870            0.000000            1.570796            1.177424            0.000000            3.141593          143.020000
            0.123833            0.051870            0.000000            1.570796            1.207130            0.000000            3.141593          143.020000
            0.123888            0.051870            0.000000            1.570796            1.236837            0.000000            3.141593          143.020000
            0.123943            0.051870            0.000000            1.570796            1.266543            0.000000            3.141593          143.020000
            0.123997            0.051870            0.000000            1.570796            1.296249            0.000000            3.141593          143.020000
            0.124052            0.051870            0.000000            1.570796            1.325955            0.000000            3.141593          143.020000
            0.124107            0.051870            0.000000            1.570796            2.926457            0.000000            1.570797          143.020000
            0.124162            0.051870            0.000000            1.570796            1.385368            0.000000            3.141593          143.020000
            0.124216            0.051870            0.000000            1.570796            2.985869            0.000000            1.570797          143.020000
            0.124271            0.051870            0.000000            1.570796            1.444780            0.000000            3.141593          143.020000
            0.124326            0.051870            0.000000            1.570796            3.045282            0.000000            1.570797          143.020000
            0.124381            0.051870            0.000000            1.570796            1.504192            0.000000            3.141593          143.020000
            0.124435            0.051870            0.000000            1.570796            1.533899            0.000000            3.141593          143.020000
            0.124490            0.051870            0.000000            1.570796            1.563605            0.000000            3.141593          143.020000
            0.124545            0.051870            0.000000            1.570796            1.593311            0.000000            3.141593          143.020000
            0.124600            0.051870            0.000000            1.570796            1.623017            0.000000            3.141593          143.020000
            0.124654            0.051870            0.000000            1.570796            3.223519            0.000000            1.570797          143.020000
            0.124709            0.051870            0.000000            1.570796            3.253225            0.000000            1.570797          143.020000
            0.124764            0.051870            0.000000            1.570796            1.712136            0.000000            3.141593          143.020000
            0.124819            0.051870            0.000000            1.570796            1.741842            0.000000            3.141593          143.020000
            0.124873            0.051870            0.000000            1.570796            1.771548            0.000000            3.141593          143.020000
            0.124928            0.051870            0.000000            1.570796            3.372050            0.000000            1.570797          143.020000
            0.124983            0.051870            0.000000            1.570796            1.830961            0.000000            3.141593          143.020000
            0.125038            0.051870            0.000000            1.570796            1.860667            0.000000            3.141593          143.020000
            0.125092            0.051870            0.000000            1.570796            3.461169            0.000000            1.570797          143.020000
            0.125147            0.051870            0.000000            1.570796            1.920079            0.000000            3.141593          143.020000
            0.125202            0.051870            0.000000            1.570796            3.520581            0.000000            1.570797          143.020000
            0.125257            0.051870            0.000000            1.570796            1.979492            0.000000            3.141593          143.020000
            0.125311            0.051870            0.000000            1.570796            3.579994            0.000000            1.570797          143.020000
            0.125366            0.051870            0.000000            1.570796            3.609700            0.000000            1.570797          143.020000
            0.125421            0.051870            0.000000            1.570796            2.068610            0.000000            3.141593          143.020000
            0.125476            0.051870            0.000000            1.570796            2.098316            0.000000            3.141593          143.020000
            0.125530            0.051870            0.000000            1.570796            2.128023            0.000000            3.141593          143.020000
            0.125585            0.051870            0.000000            1.570796            2.157729            0.000000            3.141593          143.020000
            0.125640            0.051870            0.000000            1.570796            2.187435            0.000000            3.141593          143.020000
            0.125695            0.051870            0.000000            1.570796            3.787937            0.000000            1.570797          143.020000
            0.125749            0.051870            0.000000            1.570796            2.246847            0.000000            3.141593          143.020000
            0.125804            0.051870            0.000000            1.570796            2.276554            0.000000            3.141593          143.020000
            0.125859            0.051870            0.000000            1.570796            2.306260            0.000000            3.141593          143.020000
            0.125914            0.051870            0.000000            1.570796            3.906762            0.000000            1.570797          143.020000
            0.125969            0.051870            0.000000            1.570796            3.936468            0.000000            1.570796          143.020000
            0.126023            0.051870            0.000000            1.570796            3.966175            0.000000            1.570796          143.020000
            0.126078            0.051870            0.000000            1.570796            2.425085            0.000000            3.141593          143.020000
            0.126133            0.051870            0.000000            1.570796            2.454791            0.000000            3.141593          143.020000
            0.126188            0.051870            0.000000            1.570796            2.484497            0.000000            3.141593          143.020000
            0.126242            0.051870            0.000000            1.570796            4.084999            0.000000            1.570796          143.020000
            0.126297            0.051870            0.000000            1.570796            2.543909            0.000000            3.141593          143.020000
            0.126352            0.051870            0.000000            1.570796            4.144412            0.000000            1.570796          143.020000
            0.126407            0.051870            0.000000            1.570796            2.603322            0.000000            3.141593          143.020000
            0.126461            0.051870            0.000000            1.570796            4.203824            0.000000            1.570796          143.020000
            0.126516            0.051870            0.000000            1.570796            2.662734            0.000000            3.141593          143.020000
            0.126571            0.051870            0.000000            1.570796            4.263237            0.000000            1.570796          143.020000
            0.126626            0.051870            0.000000            1.570796            5.863739            0.000000            0.000000          143.020000
            0.126680            0.051870            0.000000            1.570796            4.322649            0.000000            1.570796          143.020000
            0.126735            0.051870            0.000000            1.570796            5.923152            0.000000            0.000000          143.020000
            0.126790            0.051870            0.000000            1.570796            5.952858            0.000000            0.000000          143.020000
            0.126845            0.051870            0.000000            1.570796            5.982564            0.000000            0.000000          143.020000
            0.126899            0.051870            0.000000            1.570796            4.441474            0.000000            1.570796          143.020000
            0.126954            0.051870            0.000000            1.570796            6.041977            0.000000            0.000000          143.020000
            0.127009            0.051870            0.000000            1.570796            4.500887            0.000000            1.570796          143.020000
            0.127064            0.051870            0.000000            1.570796            4.530593            0.000000            1.570796          143.020000
            0.127118            0.051870            0.000000            1.570796            6.131095            0.000000            0.000000          143.020000
            0.127173            0.051870            0.000000            1.570796            6.160801            0.000000            0.000000          143.020000
            0.127228            0.051870            0.000000            1.570796            4.619711            0.000000            1.570796          143.020000
            0.127283            0.051870            0.000000            1.570796            6.220214            0.000000            0.000000          143.020000
            0.127337            0.051870            0.000000            1.570796            4.679124            0.000000            1.570796          143.020000
            0.127392            0.051870            0.000000            1.570796            4.708830            0.000000            1.570796          143.020000
            0.127447            0.051870            0.000000            1.570796            0.026147            0.000000            0.000000          143.020000
            0.127502            0.051870            0.000000            1.570796            0.055853            0.000000            0.000000          143.020000
            0.127556            0.051870            0.000000            1.570796            0.085559            0.000000            0.000000          143.020000
            0.127611            0.051870            0.000000            1.570796            4.827655            0.000000            1.570796          143.020000
            0.127666            0.051870            0.000000            1.570796            0.144972            0.000000            0.000000          143.020000
            0.127721            0.051870            0.000000            1.570796            4.887067            0.000000            1.570796          143.020000
            0.127775            0.051870            0.000000            1.570796            4.916773            0.000000            1.570796          143.020000
            0.127830            0.051870            0.000000            1.570796            0.234090            0.000000            0.000000          143.020000
            0.127885            0.051870            0.000000            1.570796            0.263797            0.000000            0.000000          143.020000
            0.127940            0.051870            0.000000            1.570796            0.293503            0.000000            0.000000          143.020000
            0.127995            0.051870            0.000000            1.570796            5.035598            0.000000            1.570796          143.020000
            0.128049            0.051870            0.000000            1.570796            0.352915            0.000000            0.000000          143.020000
            0.128104            0.051870            0.000000            1.570796            0.382621            0.000000            0.000000          143.020000
            0.128159            0.051870            0.000000            1.570796            5.124717            0.000000            1.570796          143.020000
            0.128214            0.051870            0.000000            1.570796            5.154423            0.000000            1.570796          143.020000
            0.128268            0.051870            0.000000            1.570796            5.184130            0.000000            1.570796          143.020000
            0.128323            0.051870            0.000000            1.570796            5.213836            0.000000            1.570796          143.020000
            0.128378            0.051870            0.000000            1.570796            5.243542            0.000000            1.570796          143.020000
            0.128433            0.051870            0.000000            1.570796            5.273248            0.000000            1.570796          143.020000
            0.128487            0.051870            0.000000            1.570796            5.302954            0.000000            1.570796          143.020000
            0.128542            0.051870            0.000000            1.570796            0.620271            0.000000            0.000000          143.020000
            0.128597            0.051870            0.000000            1.570796            0.649977            0.000000            0.000000          143.020000
            0.128652            0.051870            0.000000            1.570796            0.679683            0.000000            0.000000          143.020000
            0.128706            0.051870            0.000000            1.570796            5.421779            0.000000            1.570796          143.020000
            0.128761            0.051870            0.000000            1.570796            0.739096            0.000000            0.000000          143.020000
            0.128816            0.051870            0.000000            1.570796            5.481192            0.000000            1.570796          143.020000
            0.128871            0.051870            0.000000            1.570796            0.798508            0.000000            0.000000          143.020000
            0.128925            0.051870            0.000000            1.570796            0.828214            0.000000            0.000000          143.020000
            0.128980            0.051870            0.000000            1.570796            5.570310            0.000000            1.570796          143.020000
            0.129035            0.051870            0.000000            1.570796            0.887627            0.000000            0.000000          143.020000
            0.129090            0.051870            0.000000            1.570796            0.917333            0.000000            0.000000          143.020000
            0.129144            0.051870            0.000000            1.570796            0.947039            0.000000            0.000000          143.020000
            0.129199            0.051870            0.000000            1.570796            0.976745            0.000000            0.000000          143.020000
            0.129254            0.051870            0.000000            1.570796            5.718841            0.000000            1.570796          143.020000
            0.129309            0.051870            0.000000            1.570796            1.036158            0.000000            0.000000          143.020000
            0.129363            0.051870            0.000000            1.570796            1.065864            0.000000            0.000000          143.020000
            0.129418            0.051870            0.000000            1.570796            1.095570            0.000000            0.000000          143.020000
            0.129473            0.051870            0.000000            1.570796            5.837666            0.000000            1.570796          143.020000
            0.129528            0.051870            0.000000            1.570796            1.154983            0.000000            0.000000          143.020000
            0.129582            0.051870            0.000000            1.570796            1.184689            0.000000            0.000000          143.020000
            0.129637            0.051870            0.000000            1.570796            1.214395            0.000000            0.000000          143.020000
            0.129692            0.051870            0.000000            1.570796            1.244101            0.000000            0.000000          143.020000
            0.129747            0.051870            0.000000            1.570796            1.273808            0.000000            0.000000          143.020000
            0.129802            0.051870            0.000000            1.570796            1.303514            0.000000            0.000000          143.020000
            0.129856            0.051870            0.000000            1.570796            6.045609            0.000000            1.570796          143.020000
            0.129911            0.051870            0.000000            1.570796            1.362926            0.000000            0.000000          143.020000
            0.129966            0.051870            0.000000            1.570796            1.392632            0.000000            0.000000          143.020000
            0.130021            0.051870            0.000000            1.570796            6.134728            0.000000            1.570796          143.020000
            0.130075            0.051870            0.000000            1.570796            1.452045            0.000000            0.000000          143.020000
            0.130130            0.051870            0.000000            1.570796            1.481751            0.000000            0.000000          143.020000
            0.130185            0.051870            0.000000            1.570796            1.511457            0.000000            0.000000          143.020000
            0.130240            0.051870            0.000000            1.570796            6.253553            0.000000            1.570796          143.020000
            0.130294            0.051870            0.000000            1.570796            0.000074            0.000000            1.570796          143.020000
            0.130349            0.051870            0.000000            1.570796            0.029780            0.000000            1.570796          143.020000
            0.130404            0.051870            0.000000            1.570796            0.059486            0.000000            1.570796          143.020000
            0.130459            0.051870            0.000000            1.570796            1.659988            0.000000            0.000000          143.020000
            0.130513            0.051870            0.000000            1.570796            1.689694            0.000000            0.000000          143.020000
            0.130568            0.051870            0.000000            1.570796            1.719401            0.000000            0.000000          143.020000
            0.130623            0.051870            0.000000            1.570796            0.178311            0.000000            1.570796          143.020000
            0.130678            0.051870            0.000000            1.570796            1.778813            0.000000            0.000000          143.020000
            0.130732            0.051870            0.000000            1.570796            1.808519            0.000000            0.000000          143.020000
            0.130787            0.051870            0.000000            1.570796            1.838225            0.000000            0.000000          143.020000
            0.130842            0.051870            0.000000            1.570796            0.297136            0.000000            1.570796          143.020000
            0.130897            0.051870            0.000000            1.570796            1.897638            0.000000            0.000000          143.020000
            0.130951            0.051870            0.000000            1.570796            1.927344            0.000000            0.000000          143.020000
            0.131006            0.051870            0.000000            1.570796            0.386254            0.000000            1.570796          143.020000
            0.131061            0.051870            0.000000            1.570796            1.986756            0.000000            0.000000          143.020000
            0.131116            0.051870            0.000000            1.570796            0.445667            0.000000            1.570796          143.020000
            0.131170            0.051870            0.000000            1.570796            0.475373            0.000000            1.570796          143.020000
            0.131225            0.051870            0.000000            1.570796            0.505079            0.000000            1.570796          143.020000
            0.131280            0.051870            0.000000            1.570796            2.105581            0.000000            0.000000          143.020000
            0.131335            0.051870            0.000000            1.570796            0.564491            0.000000            1.570796          143.020000
            0.131389            0.051870            0.000000            1.570796            0.594197            0.000000            1.570796          143.020000
            0.131444            0.051870            0.000000            1.570796            2.194700            0.000000            0.000000          143.020000
            0.131499            0.051870            0.000000            1.570796            2.224406            0.000000            0.000000          143.020000
            0.131554            0.051870            0.000000            1.570796            0.683316            0.000000            1.570796          143.020000
            0.131608            0.051870            0.000000            1.570796            0.713022            0.000000            1.570796          143.020000
            0.131663            0.051870            0.000000            1.570796            0.742728            0.000000            1.570796          143.020000
            0.131718            0.051870            0.000000            1.570796            2.343231            0.000000            0.000000          143.020000
            0.131773            0.051870            0.000000            1.570796            0.802141            0.000000            1.570796          143.020000
            0.131828            0.051870            0.000000            1.570796            0.831847            0.000000            1.570796          143.020000
            0.131882            0.051870            0.000000            1.570796            2.432349            0.000000            0.000000          143.020000
            0.131964            0.051870            0.000000            1.570796            0.906112            0.000000            1.570796          143.020000
            0.132019            0.051870            0.000000            1.570796            0.935819            0.000000            1.570796          143.020000
            0.132074            0.051870            0.000000            1.570796            2.536321            0.000000            0.000000          143.020000
            0.132129            0.051870            0.000000            1.570796            0.995231            0.000000            1.570796          143.020000
            0.132183            0.051870            0.000000            1.570796            5.737326            0.000000            3.141593          143.020000
            0.132238            0.051870            0.000000            1.570796            5.767032            0.000000            3.141593          143.020000
            0.132293            0.051870            0.000000            1.570796            5.796739            0.000000            3.141593          143.020000
            0.132348            0.051870            0.000000            1.570796            5.826445            0.000000            3.141593          143.020000
            0.132402            0.051870            0.000000            1.570796            1.143762            0.000000            1.570796          143.020000
            0.132457            0.051870            0.000000            1.570796            5.885857            0.000000            3.141593          143.020000
            0.132512            0.051870            0.000000            1.570796            5.915563            0.000000            3.141593          143.020000
            0.132567            0.051870            0.000000            1.570796            5.945270            0.000000            3.141593          143.020000
            0.132594            0.051870            0.000000            1.570796            5.960123            0.000000            3.141593          143.020000
            0.132649            0.051870            0.000000            1.570796            5.989829            0.000000            3.141593          143.020000
            0.132704            0.051870            0.000000            1.570796            1.307146            0.000000            1.570797          143.020000
            0.132758            0.051870            0.000000            1.570796            1.336852            0.000000            1.570796          143.020000
            0.132813            0.051870            0.000000            1.570796            1.366558            0.000000            1.570796          143.020000
            0.132868            0.051870            0.000000            1.570796            6.108654            0.000000            3.141593          143.020000
            0.132923            0.051870            0.000000            1.570796            6.138360            0.000000            3.141593          143.020000
            0.132977            0.051870            0.000000            1.570796            1.455677            0.000000            1.570797          143.020000
            0.133032            0.051870            0.000000            1.570796            1.485383            0.000000            1.570797          143.020000
            0.133087            0.051870            0.000000            1.570796            6.227478            0.000000            3.141593          143.020000
            0.133142            0.051870            0.000000            1.570796            1.544795            0.000000            1.570797          143.020000
            0.133196            0.051870            0.000000            1.570796            1.574502            0.000000            1.570797          143.020000
            0.133251            0.051870            0.000000            1.570796            0.033412            0.000000            3.141593          143.020000
            0.133306            0.051870            0.000000            1.570796            1.633914            0.000000            1.570796          143.020000
            0.133361            0.051870            0.000000            1.570796            1.663620            0.000000            1.570797          143.020000
            0.133415            0.051870            0.000000            1.570796            0.122530            0.000000            3.141593          143.020000
            0.133470            0.051870            0.000000            1.570796            1.723033            0.000000            1.570797          143.020000
            0.133525            0.051870            0.000000            1.570796            1.752739            0.000000            1.570797          143.020000
            0.133580            0.051870            0.000000            1.570796            1.782445            0.000000            1.570797          143.020000
            0.133634            0.051870            0.000000            1.570796            1.812151            0.000000            1.570797          143.020000
            0.133689            0.051870            0.000000            1.570796            1.841857            0.000000            1.570797          143.020000
            0.133744            0.051870            0.000000            1.570796            1.871563            0.000000            1.570797          143.020000
            0.133799            0.051870            0.000000            1.570796            0.330474            0.000000            3.141593          143.020000
            0.133854            0.051870            0.000000            1.570796            1.930976            0.000000            1.570797          143.020000
            0.133908            0.051870            0.000000            1.570796            0.389886            0.000000            3.141593          143.020000
            0.133963            0.051870            0.000000            1.570796            0.419592            0.000000            3.141593          143.020000
            0.134018            0.051870            0.000000            1.570796            0.449299            0.000000            3.141593          143.020000
            0.134073            0.051870            0.000000            1.570796            2.049801            0.000000            1.570797          143.020000
            0.134155            0.051870            0.000000            1.570796            0.523564            0.000000            3.141593          143.020000
            0.134209            0.051870            0.000000            1.570796            0.553270            0.000000            3.141593          143.020000
            0.134264            0.051870            0.000000            1.570796            0.582977            0.000000            3.141593          143.020000
            0.134319            0.051870            0.000000            1.570796            2.183479            0.000000            1.570797          143.020000
            0.134374            0.051870            0.000000            1.570796            2.213185            0.000000            1.570797          143.020000
            0.134428            0.051870            0.000000            1.570796            2.242891            0.000000            1.570797          143.020000
            0.134483            0.051870            0.000000            1.570796            2.272597            0.000000            1.570797          143.020000
            0.134538            0.051870            0.000000            1.570796            0.731508            0.000000            3.141593          143.020000
            0.134593            0.051870            0.000000            1.570796            2.332010            0.000000            1.570797          143.020000
            0.134648            0.051870            0.000000            1.570796            2.361716            0.000000            1.570797          143.020000
            0.134702            0.051870            0.000000            1.570796            2.391422            0.000000            1.570797          143.020000
            0.134757            0.051870            0.000000            1.570796            2.421128            0.000000            1.570797          143.020000
            0.134812            0.051870            0.000000            1.570796            2.450834            0.000000            1.570797          143.020000
            0.134867            0.051870            0.000000            1.570796            2.480541            0.000000            1.570797          143.020000
            0.134921            0.051870            0.000000            1.570796            2.510247            0.000000            1.570797          143.020000
            0.134976            0.051870            0.000000            1.570796            2.539953            0.000000            1.570797          143.020000
            0.135031            0.051870            0.000000            1.570796            2.569659            0.000000            1.570797          143.020000
            0.135086            0.051870            0.000000            1.570796            2.599365            0.000000            1.570797          143.020000
            0.135140            0.051870            0.000000            1.570796            2.629072            0.000000            1.570797          143.020000
            0.135195            0.051870            0.000000            1.570796            2.658778            0.000000            1.570797          143.020000
            0.135250            0.051870            0.000000            1.570796            2.688484            0.000000            1.570797          143.020000
            0.135305            0.051870            0.000000            1.570796            2.718190            0.000000            1.570797          143.020000
            0.135359            0.051870            0.000000            1.570796            2.747897            0.000000            1.570797          143.020000
            0.135387            0.051870            0.000000            1.570796            2.762749            0.000000            1.570797          143.020000
            0.135441            0.051870            0.000000            1.570796            2.792456            0.000000            1.570797          143.020000
            0.135496            0.051870            0.000000            1.570796            2.822162            0.000000            1.570797          143.020000
            0.135551            0.051870            0.000000            1.570796            2.851868            0.000000            1.570797          143.020000
            0.135606            0.051870            0.000000            1.570796            2.881574            0.000000            1.570797          143.020000
            0.135661            0.051870            0.000000            1.570796            2.911281            0.000000            1.570797          143.020000
            0.135715            0.051870            0.000000            1.570796            2.940987            0.000000            1.570797          143.020000
            0.135770            0.051870            0.000000            1.570796            1.399897            0.000000            3.141593          143.020000
            0.135825            0.051870            0.000000            1.570796            1.429603            0.000000            3.141593          143.020000
            0.135880            0.051870            0.000000            1.570796            3.030105            0.000000            1.570797          143.020000
            0.135934            0.051870            0.000000            1.570796            3.059812            0.000000            1.570797          143.020000
            0.135989            0.051870            0.000000            1.570796            1.518722            0.000000            3.141593          143.020000
            0.136044            0.051870            0.000000            1.570796            3.119224            0.000000            1.570797          143.020000
            0.136099            0.051870            0.000000            1.570796            1.578134            0.000000            3.141593          143.020000
            0.136153            0.051870            0.000000            1.570796            3.178637            0.000000            1.570797          143.020000
            0.136208            0.051870            0.000000            1.570796            1.637547            0.000000            3.141593          143.020000
            0.136263            0.051870            0.000000            1.570796            1.667253            0.000000            3.141593          143.020000
            0.136318            0.051870            0.000000            1.570796            1.696959            0.000000            3.141593          143.020000
            0.136372            0.051870            0.000000            1.570796            3.297461            0.000000            1.570797          143.020000
            0.136427            0.051870            0.000000            1.570796            3.327168            0.000000            1.570796          143.020000
            0.136482            0.051870            0.000000            1.570796            1.786078            0.000000            3.141593          143.020000
            0.136537            0.051870            0.000000            1.570796            1.815784            0.000000            3.141593          143.020000
            0.136591            0.051870            0.000000            1.570796            3.416286            0.000000            1.570797          143.020000
            0.136646            0.051870            0.000000            1.570796            1.875196            0.000000            3.141593          143.020000
            0.136701            0.051870            0.000000            1.570796            1.904903            0.000000            3.141593          143.020000
            0.136756            0.051870            0.000000            1.570796            3.505405            0.000000            1.570797          143.020000
            0.136810            0.051870            0.000000            1.570796            1.964315            0.000000            3.141593          143.020000
            0.136865            0.051870            0.000000            1.570796            1.994021            0.000000            3.141593          143.020000
            0.136920            0.051870            0.000000            1.570796            2.023727            0.000000            3.141593          143.020000
            0.136975            0.051870            0.000000            1.570796            3.624229            0.000000            1.570797          143.020000
            0.137029            0.051870            0.000000            1.570796            2.083140            0.000000            3.141593          143.020000
            0.137084            0.051870            0.000000            1.570796            2.112846            0.000000            3.141593          143.020000
            0.137139            0.051870            0.000000            1.570796            3.713348            0.000000            1.570797          143.020000
            0.137194            0.051870            0.000000            1.570796            2.172258            0.000000            3.141593          143.020000
            0.137248            0.051870            0.000000            1.570796            2.201965            0.000000            3.141593          143.020000
            0.137303            0.051870            0.000000            1.570796            3.802467            0.000000            1.570796          143.020000
            0.137358            0.051870            0.000000            1.570796            2.261377            0.000000            3.141593          143.020000
            0.137413            0.051870            0.000000            1.570796            3.861879            0.000000            1.570797          143.020000
            0.137467            0.051870            0.000000            1.570796            2.320789            0.000000            3.141593          143.020000
            0.137522            0.051870            0.000000            1.570796            2.350496            0.000000            3.141593          143.020000
            0.137577            0.051870            0.000000            1.570796            3.950998            0.000000            1.570797          143.020000
            0.137659            0.051870            0.000000            1.570796            3.995557            0.000000            1.570796          143.020000
            0.137714            0.051870            0.000000            1.570796            4.025263            0.000000            1.570796          143.020000
            0.137769            0.051870            0.000000            1.570796            2.484173            0.000000            3.141593          143.020000
            0.137823            0.051870            0.000000            1.570796            4.084676            0.000000            1.570796          143.020000
            0.137878            0.051870            0.000000            1.570796            2.543586            0.000000            3.141593          143.020000
            0.137933            0.051870            0.000000            1.570796            2.573292            0.000000            3.141593          143.020000
            0.137988            0.051870            0.000000            1.570796            4.173794            0.000000            1.570796          143.020000
            0.138042            0.051870            0.000000            1.570796            2.632704            0.000000            3.141593          143.020000
            0.138097            0.051870            0.000000            1.570796            2.662411            0.000000            3.141593          143.020000
            0.138152            0.051870            0.000000            1.570796            4.262913            0.000000            1.570796          143.020000
            0.138207            0.051870            0.000000            1.570796            4.292619            0.000000            1.570796          143.020000
            0.138261            0.051870            0.000000            1.570796            2.751529            0.000000            3.141593          143.020000
            0.138289            0.051870            0.000000            1.570796            2.766382            0.000000            3.141593          143.020000
            0.138344            0.051870            0.000000            1.570796            5.937681            0.000000            0.000000          143.020000
            0.138398            0.051870            0.000000            1.570796            4.396591            0.000000            1.570796          143.020000
            0.138453            0.051870            0.000000            1.570796            5.997094            0.000000            0.000000          143.020000
            0.138508            0.051870            0.000000            1.570796            4.456004            0.000000            1.570796          143.020000
            0.138563            0.051870            0.000000            1.570796            4.485710            0.000000            1.570796          143.020000
            0.138617            0.051870            0.000000            1.570796            6.086212            0.000000            0.000000          143.020000
            0.138672            0.051870            0.000000            1.570796            6.115918            0.000000            0.000000          143.020000
            0.138727            0.051870            0.000000            1.570796            4.574828            0.000000            1.570796          143.020000
            0.138782            0.051870            0.000000            1.570796            6.175331            0.000000            0.000000          143.020000
            0.138836            0.051870            0.000000            1.570796            6.205037            0.000000            0.000000          143.020000
            0.138891            0.051870            0.000000            1.570796            6.234743            0.000000            0.000000          143.020000
            0.138946            0.051870            0.000000            1.570796            6.264449            0.000000            0.000000          143.020000
            0.139001            0.051870            0.000000            1.570796            0.010970            0.000000            0.000000          143.020000
            0.139055            0.051870            0.000000            1.570796            0.040677            0.000000            0.000000          143.020000
            0.139110            0.051870            0.000000            1.570796            0.070383            0.000000            0.000000          143.020000
            0.139165            0.051870            0.000000            1.570796            0.100089            0.000000            0.000000          143.020000
            0.139220            0.051870            0.000000            1.570796            4.842184            0.000000            1.570796          143.020000
            0.139274            0.051870            0.000000            1.570796            0.159501            0.000000            0.000000          143.020000
            0.139329            0.051870            0.000000            1.570796            0.189208            0.000000            0.000000          143.020000
            0.139384            0.051870            0.000000            1.570796            4.931303            0.000000            1.570796          143.020000
            0.139439            0.051870            0.000000            1.570796            4.961009            0.000000            1.570796          143.020000
            0.139493            0.051870            0.000000            1.570796            4.990716            0.000000            1.570796          143.020000
            0.139548            0.051870            0.000000            1.570796            0.308032            0.000000            0.000000          143.020000
            0.139603            0.051870            0.000000            1.570796            5.050128            0.000000            1.570796          143.020000
            0.139658            0.051870            0.000000            1.570796            5.079834            0.000000            1.570796          143.020000
            0.139713            0.051870            0.000000            1.570796            0.397151            0.000000            0.000000          143.020000
            0.139767            0.051870            0.000000            1.570796            0.426857            0.000000            0.000000          143.020000
            0.139822            0.051870            0.000000            1.570796            0.456563            0.000000            0.000000          143.020000
            0.139877            0.051870            0.000000            1.570796            0.486270            0.000000            0.000000          143.020000
            0.139932            0.051870            0.000000            1.570796            0.515976            0.000000            0.000000          143.020000
            0.139986            0.051870            0.000000            1.570796            0.545682            0.000000            0.000000          143.020000
            0.140041            0.051870            0.000000            1.570796            0.575388            0.000000            0.000000          143.020000
            0.140096            0.051870            0.000000            1.570796            5.317484            0.000000            1.570796          143.020000
            0.140151            0.051870            0.000000            1.570796            5.347190            0.000000            1.570796          143.020000
            0.140205            0.051870            0.000000            1.570796            0.664507            0.000000            0.000000          143.020000
            0.140260            0.051870            0.000000            1.570796            0.694213            0.000000            0.000000          143.020000
            0.140315            0.051870            0.000000            1.570796            0.723919            0.000000            0.000000          143.020000
            0.140370            0.051870            0.000000            1.570796            0.753625            0.000000            0.000000          143.020000
            0.140424            0.051870            0.000000            1.570796            0.783332            0.000000            0.000000          143.020000
            0.140479            0.051870            0.000000            1.570796            0.813038            0.000000            0.000000          143.020000
            0.140534            0.051870            0.000000            1.570796            5.555134            0.000000            1.570796          143.020000
            0.140589            0.051870            0.000000            1.570796            0.872450            0.000000            0.000000          143.020000
            0.140643            0.051870            0.000000            1.570796            0.902156            0.000000            0.000000          143.020000
            0.140698            0.051870            0.000000            1.570796            0.931863            0.000000            0.000000          143.020000
            0.140753            0.051870            0.000000            1.570796            5.673958            0.000000            1.570796          143.020000
            0.140808            0.051870            0.000000            1.570796            0.991275            0.000000            0.000000          143.020000
            0.140862            0.051870            0.000000            1.570796            5.733371            0.000000            1.570796          143.020000
            0.140917            0.051870            0.000000            1.570796            5.763077            0.000000            1.570796          143.020000
            0.140972            0.051870            0.000000            1.570796            1.080394            0.000000            0.000000          143.020000
            0.141027            0.051870            0.000000            1.570796            1.110100            0.000000            0.000000          143.020000
            0.141081            0.051870            0.000000            1.570796            5.852196            0.000000            1.570796          143.020000
            0.141136            0.051870            0.000000            1.570796            1.169512            0.000000            0.000000          143.020000
            0.141191            0.051870            0.000000            1.570796            1.199218            0.000000            0.000000          143.020000
            0.141246            0.051870            0.000000            1.570796            1.228925            0.000000            0.000000          143.020000
            0.141300            0.051870            0.000000            1.570796            1.258631            0.000000            0.000000          143.020000
            0.141355            0.051870            0.000000            1.570796            6.000727            0.000000            1.570796          143.020000
            0.141410            0.051870            0.000000            1.570796            1.318043            0.000000            0.000000          143.020000
            0.141465            0.051870            0.000000            1.570796            1.347749            0.000000            0.000000          143.020000
            0.141520            0.051870            0.000000            1.570796            1.377456            0.000000            0.000000          143.020000
            0.141574            0.051870            0.000000            1.570796            1.407162            0.000000            0.000000          143.020000
            0.141629            0.051870            0.000000            1.570796            1.436868            0.000000            0.000000          143.020000
            0.141684            0.051870            0.000000            1.570796            1.466574            0.000000            0.000000          143.020000
            0.141739            0.051870            0.000000            1.570796            1.496280            0.000000            0.000000          143.020000
            0.141793            0.051870            0.000000            1.570796            1.525987            0.000000            0.000000          143.020000
            0.141848            0.051870            0.000000            1.570796            6.268082            0.000000            1.570796          143.020000
            0.141903            0.051870            0.000000            1.570796            1.585399            0.000000            0.000000          143.020000
            0.141958            0.051870            0.000000            1.570796            1.615105            0.000000            0.000000          143.020000
            0.142012            0.051870            0.000000            1.570796            1.644811            0.000000            0.000000          143.020000
            0.142067            0.051870            0.000000            1.570796            1.674518            0.000000            0.000000          143.020000
            0.142122            0.051870            0.000000            1.570796            1.704224            0.000000            0.000000          143.020000
            0.142177            0.051870            0.000000            1.570796            1.733930            0.000000            0.000000          143.020000
            0.142231            0.051870            0.000000            1.570796            1.763636            0.000000            0.000000          143.020000
            0.142286            0.051870            0.000000            1.570796            0.222547            0.000000            1.570796          143.020000
            0.142341            0.051870            0.000000            1.570796            1.823049            0.000000            0.000000          143.020000
            0.142396            0.051870            0.000000            1.570796            1.852755            0.000000            0.000000          143.020000
            0.142450            0.051870            0.000000            1.570796            1.882461            0.000000            0.000000          143.020000
            0.142505            0.051870            0.000000            1.570796            0.341371            0.000000            1.570796          143.020000
            0.142560            0.051870            0.000000            1.570796            0.371078            0.000000            1.570796          143.020000
            0.142615            0.051870            0.000000            1.570796            1.971580            0.000000            0.000000          143.020000
            0.142669            0.051870            0.000000            1.570796            2.001286            0.000000            0.000000          143.020000
            0.142724            0.051870            0.000000            1.570796            0.460196            0.000000            1.570796          143.020000
            0.142779            0.051870            0.000000            1.570796            2.060698            0.000000            0.000000          143.020000
            0.142834            0.051870            0.000000            1.570796            0.519608            0.000000            1.570796          143.020000
            0.142888            0.051870            0.000000            1.570796            0.549315            0.000000            1.570796          143.020000
            0.142943            0.051870            0.000000            1.570796            2.149817            0.000000            0.000000          143.020000
            0.142998            0.051870            0.000000            1.570796            0.608727            0.000000            1.570796          143.020000
            0.143053            0.051870            0.000000            1.570796            2.209229            0.000000            0.000000          143.020000
            0.143107            0.051870            0.000000            1.570796            2.238936            0.000000            0.000000          143.020000
            0.143162            0.051870            0.000000            1.570796            2.268642            0.000000            0.000000          143.020000
            0.143217            0.051870            0.000000            1.570796            0.727552            0.000000            1.570796          143.020000
            0.143272            0.051870            0.000000            1.570796            2.328054            0.000000            0.000000          143.020000
            0.143326            0.051870            0.000000            1.570796            0.786964            0.000000            1.570796          143.020000
            0.143409            0.051870            0.000000            1.570796            2.402320            0.000000            0.000000          143.020000
            0.143463            0.051870            0.000000            1.570796            0.861230            0.000000            1.570796          143.020000
            0.143518            0.051870            0.000000            1.570796            2.461732            0.000000            0.000000          143.020000
            0.143573            0.051870            0.000000            1.570796            2.491438            0.000000            0.000000          143.020000
            0.143628            0.051870            0.000000            1.570796            2.521144            0.000000            0.000000          143.020000
            0.143682            0.051870            0.000000            1.570796            0.980054            0.000000            1.570796          143.020000
            0.143737            0.051870            0.000000            1.570796            5.722149            0.000000            3.141593          143.020000
            0.143792            0.051870            0.000000            1.570796            5.751856            0.000000            3.141593          143.020000
            0.143847            0.051870            0.000000            1.570796            1.069173            0.000000            1.570796          143.020000
            0.143901            0.051870            0.000000            1.570796            5.811268            0.000000            3.141593          143.020000
            0.143956            0.051870            0.000000            1.570796            5.840974            0.000000            3.141593          143.020000
            0.144011            0.051870            0.000000            1.570796            1.158291            0.000000            1.570796          143.020000
            0.144066            0.051870            0.000000            1.570796            1.187998            0.000000            1.570796          143.020000
            0.144120            0.051870            0.000000            1.570796            5.930093            0.000000            3.141593          143.020000
            0.144148            0.051870            0.000000            1.570796            1.232557            0.000000            1.570796          143.020000
            0.144203            0.051870            0.000000            1.570796            1.262263            0.000000            1.570796          143.020000
            0.144257            0.051870            0.000000            1.570796            6.004358            0.000000            3.141593          143.020000
            0.144312            0.051870            0.000000            1.570796            6.034065            0.000000            3.141593          143.020000
            0.144367            0.051870            0.000000            1.570796            1.351382            0.000000            1.570796          143.020000
            0.144422            0.051870            0.000000            1.570796            6.093477            0.000000            3.141593          143.020000
            0.144476            0.051870            0.000000            1.570796            6.123183            0.000000            3.141593          143.020000
            0.144531            0.051870            0.000000            1.570796            1.440500            0.000000            1.570796          143.020000
            0.144586            0.051870            0.000000            1.570796            6.182596            0.000000            3.141593          143.020000
            0.144641            0.051870            0.000000            1.570796            6.212302            0.000000            3.141593          143.020000
            0.144695            0.051870            0.000000            1.570796            1.529619            0.000000            1.570797          143.020000
            0.144750            0.051870            0.000000            1.570796            1.559325            0.000000            1.570797          143.020000
            0.144805            0.051870            0.000000            1.570796            0.018235            0.000000            3.141593          143.020000
            0.144860            0.051870            0.000000            1.570796            1.618737            0.000000            1.570797          143.020000
            0.144914            0.051870            0.000000            1.570796            1.648444            0.000000            1.570797          143.020000
            0.144969            0.051870            0.000000            1.570796            1.678150            0.000000            1.570797          143.020000
            0.145024            0.051870            0.000000            1.570796            0.137060            0.000000            3.141593          143.020000
            0.145079            0.051870            0.000000            1.570796            0.166766            0.000000            3.141593          143.020000
            0.145133            0.051870            0.000000            1.570796            0.196472            0.000000            3.141593          143.020000
            0.145188            0.051870            0.000000            1.570796            0.226179            0.000000            3.141593          143.020000
            0.145243            0.051870            0.000000            1.570796            0.255885            0.000000            3.141593          143.020000
            0.145298            0.051870            0.000000            1.570796            1.856387            0.000000            1.570797          143.020000
            0.145352            0.051870            0.000000            1.570796            0.315297            0.000000            3.141593          143.020000
            0.145407            0.051870            0.000000            1.570796            1.915799            0.000000            1.570797          143.020000
            0.145462            0.051870            0.000000            1.570796            0.374710            0.000000            3.141593          143.020000
            0.145517            0.051870            0.000000            1.570796            0.404416            0.000000            3.141593          143.020000
            0.145572            0.051870            0.000000            1.570796            0.434122            0.000000            3.141593          143.020000
            0.145626            0.051870            0.000000            1.570796            2.034624            0.000000            1.570797          143.020000
            0.145681            0.051870            0.000000            1.570796            2.064330            0.000000            1.570797          143.020000
            0.145736            0.051870            0.000000            1.570796            2.094036            0.000000            1.570797          143.020000
            0.145791            0.051870            0.000000            1.570796            0.552947            0.000000            3.141593          143.020000
            0.145845            0.051870            0.000000            1.570796            0.582653            0.000000            3.141593          143.020000
            0.145900            0.051870            0.000000            1.570796            2.183155            0.000000            1.570797          143.020000
            0.145955            0.051870            0.000000            1.570796            2.212861            0.000000            1.570797          143.020000
            0.146010            0.051870            0.000000            1.570796            0.671772            0.000000            3.141593          143.020000
            0.146064            0.051870            0.000000            1.570796            0.701478            0.000000            3.141593          143.020000
            0.146119            0.051870            0.000000            1.570796            0.731184            0.000000            3.141593          143.020000
            0.146174            0.051870            0.000000            1.570796            0.760890            0.000000            3.141593          143.020000
            0.146229            0.051870            0.000000            1.570796            0.790596            0.000000            3.141593          143.020000
            0.146283            0.051870            0.000000            1.570796            0.820303            0.000000            3.141593          143.020000
            0.146366            0.051870            0.000000            1.570796            0.864862            0.000000            3.141593          143.020000
            0.146420            0.051870            0.000000            1.570796            0.894568            0.000000            3.141593          143.020000
            0.146475            0.051870            0.000000            1.570796            2.495070            0.000000            1.570797          143.020000
            0.146530            0.051870            0.000000            1.570796            2.524776            0.000000            1.570797          143.020000
            0.146585            0.051870            0.000000            1.570796            0.983687            0.000000            3.141593          143.020000
            0.146639            0.051870            0.000000            1.570796            1.013393            0.000000            3.141593          143.020000
            0.146694            0.051870            0.000000            1.570796            1.043099            0.000000            3.141593          143.020000
            0.146749            0.051870            0.000000            1.570796            1.072805            0.000000            3.141593          143.020000
            0.146804            0.051870            0.000000            1.570796            1.102512            0.000000            3.141593          143.020000
            0.146858            0.051870            0.000000            1.570796            2.703013            0.000000            1.570797          143.020000
            0.146913            0.051870            0.000000            1.570796            2.732719            0.000000            1.570797          143.020000
            0.146968            0.051870            0.000000            1.570796            1.191630            0.000000            3.141593          143.020000
            0.147023            0.051870            0.000000            1.570796            1.221336            0.000000            3.141593          143.020000
            0.147050            0.051870            0.000000            1.570796            1.236189            0.000000            3.141593          143.020000
            0.147105            0.051870            0.000000            1.570796            1.265896            0.000000            3.141593          143.020000
            0.147159            0.051870            0.000000            1.570796            2.866397            0.000000            1.570797          143.020000
            0.147214            0.051870            0.000000            1.570796            1.325308            0.000000            3.141593          143.020000
            0.147269            0.051870            0.000000            1.570796            1.355014            0.000000            3.141593          143.020000
            0.147324            0.051870            0.000000            1.570796            1.384720            0.000000            3.141593          143.020000
            0.147379            0.051870            0.000000            1.570796            2.985222            0.000000            1.570797          143.020000
            0.147433            0.051870            0.000000            1.570796            1.444133            0.000000            3.141593          143.020000
            0.147488            0.051870            0.000000            1.570796            1.473839            0.000000            3.141593          143.020000
            0.147543            0.051870            0.000000            1.570796            1.503545            0.000000            3.141593          143.020000
            0.147598            0.051870            0.000000            1.570796            1.533251            0.000000            3.141593          143.020000
            0.147652            0.051870            0.000000            1.570796            1.562958            0.000000            3.141593          143.020000
            0.147707            0.051870            0.000000            1.570796            1.592664            0.000000            3.141593          143.020000
            0.147762            0.051870            0.000000            1.570796            1.622370            0.000000            3.141593          143.020000
            0.147817            0.051870            0.000000            1.570796            3.222872            0.000000            1.570797          143.020000
            0.147871            0.051870            0.000000            1.570796            3.252578            0.000000            1.570797          143.020000
            0.147926            0.051870            0.000000            1.570796            1.711489            0.000000            3.141593          143.020000
            0.147981            0.051870            0.000000            1.570796            3.311991            0.000000            1.570797          143.020000
            0.148036            0.051870            0.000000            1.570796            1.770901            0.000000            3.141593          143.020000
            0.148090            0.051870            0.000000            1.570796            1.800607            0.000000            3.141593          143.020000
            0.148145            0.051870            0.000000            1.570796            1.830313            0.000000            3.141593          143.020000
            0.148200            0.051870            0.000000            1.570796            1.860020            0.000000            3.141593          143.020000
            0.148255            0.051870            0.000000            1.570796            1.889726            0.000000            3.141593          143.020000
            0.148309            0.051870            0.000000            1.570796            1.919432            0.000000            3.141593          143.020000
            0.148364            0.051870            0.000000            1.570796            1.949138            0.000000            3.141593          143.020000
            0.148419            0.051870            0.000000            1.570796            3.549641            0.000000            1.570797          143.020000
            0.148474            0.051870            0.000000            1.570796            2.008551            0.000000            3.141593          143.020000
            0.148528            0.051870            0.000000            1.570796            3.609053            0.000000            1.570797          143.020000
            0.148583            0.051870            0.000000            1.570796            2.067963            0.000000            3.141593          143.020000
            0.148665            0.051870            0.000000            1.570796            2.112522            0.000000            3.141593          143.020000
            0.148720            0.051870            0.000000            1.570796            2.142229            0.000000            3.141593          143.020000
            0.148775            0.051870            0.000000            1.570796            3.742731            0.000000            1.570797          143.020000
            0.148830            0.051870            0.000000            1.570796            2.201641            0.000000            3.141593          143.020000
            0.148884            0.051870            0.000000            1.570796            2.231347            0.000000            3.141593          143.020000
            0.148939            0.051870            0.000000            1.570796            2.261053            0.000000            3.141593          143.020000
            0.148994            0.051870            0.000000            1.570796            2.290760            0.000000            3.141593          143.020000
            0.149049            0.051870            0.000000            1.570796            2.320466            0.000000            3.141593          143.020000
            0.149103            0.051870            0.000000            1.570796            2.350172            0.000000            3.141593          143.020000
            0.149158            0.051870            0.000000            1.570796            2.379878            0.000000            3.141593          143.020000
            0.149213            0.051870            0.000000            1.570796            2.409584            0.000000            3.141593          143.020000
            0.149268            0.051870            0.000000            1.570796            2.439291            0.000000            3.141593          143.020000
            0.149322            0.051870            0.000000            1.570796            2.468997            0.000000            3.141593          143.020000
            0.149377            0.051870            0.000000            1.570796            4.069499            0.000000            1.570796          143.020000
            0.149432            0.051870            0.000000            1.570796            2.528409            0.000000            3.141593          143.020000
            0.149487            0.051870            0.000000            1.570796            2.558115            0.000000            3.141593          143.020000
            0.149541            0.051870            0.000000            1.570796            2.587822            0.000000            3.141593          143.020000
            0.149596            0.051870            0.000000            1.570796            2.617528            0.000000            3.141593          143.020000
            0.149651            0.051870            0.000000            1.570796            5.788827            0.000000            0.000000          143.020000
            0.149706            0.051870            0.000000            1.570796            2.676940            0.000000            3.141593          143.020000
            0.149760            0.051870            0.000000            1.570796            2.706646            0.000000            3.141593          143.020000
            0.149815            0.051870            0.000000            1.570796            5.877945            0.000000            0.000000          143.020000
            0.149843            0.051870            0.000000            1.570796            5.892798            0.000000            0.000000          143.020000
            0.149897            0.051870            0.000000            1.570796            5.922505            0.000000            0.000000          143.020000
            0.149952            0.051870            0.000000            1.570796            4.381415            0.000000            1.570796          143.020000
            0.150007            0.051870            0.000000            1.570796            5.981917            0.000000            0.000000          143.020000
            0.150062            0.051870            0.000000            1.570796            4.440827            0.000000            1.570796          143.020000
            0.150116            0.051870            0.000000            1.570796            4.470533            0.000000            1.570796          143.020000
            0.150171            0.051870            0.000000            1.570796            4.500239            0.000000            1.570796          143.020000
            0.150226            0.051870            0.000000            1.570796            6.100742            0.000000            0.000000          143.020000
            0.150281            0.051870            0.000000            1.570796            6.130448            0.000000            0.000000          143.020000
            0.150335            0.051870            0.000000            1.570796            4.589358            0.000000            1.570796          143.020000
            0.150390            0.051870            0.000000            1.570796            6.189860            0.000000            0.000000          143.020000
            0.150445            0.051870            0.000000            1.570796            4.648771            0.000000            1.570796          143.020000
            0.150500            0.051870            0.000000            1.570796            6.249273            0.000000            0.000000          143.020000
            0.150554            0.051870            0.000000            1.570796            6.278979            0.000000            0.000000          143.020000
            0.150609            0.051870            0.000000            1.570796            4.737889            0.000000            1.570796          143.020000
            0.150664            0.051870            0.000000            1.570796            0.055206            0.000000            0.000000          143.020000
            0.150719            0.051870            0.000000            1.570796            0.084912            0.000000            0.000000          143.020000
            0.150773            0.051870            0.000000            1.570796            0.114619            0.000000            0.000000          143.020000
            0.150828            0.051870            0.000000            1.570796            0.144325            0.000000            0.000000          143.020000
            0.150883            0.051870            0.000000            1.570796            0.174031            0.000000            0.000000          143.020000
            0.150938            0.051870            0.000000            1.570796            4.916126            0.000000            1.570796          143.020000
            0.150992            0.051870            0.000000            1.570796            0.233443            0.000000            0.000000          143.020000
            0.151047            0.051870            0.000000            1.570796            0.263150            0.000000            0.000000          143.020000
            0.151102            0.051870            0.000000            1.570796            5.005245            0.000000            1.570796          143.020000
            0.151157            0.051870            0.000000            1.570796            0.322562            0.000000            0.000000          143.020000
            0.151211            0.051870            0.000000            1.570796            0.352268            0.000000            0.000000          143.020000
            0.151266            0.051870            0.000000            1.570796            0.381974            0.000000            0.000000          143.020000
            0.151321            0.051870            0.000000            1.570796            5.124070            0.000000            1.570796          143.020000
            0.151376            0.051870            0.000000            1.570796            0.441387            0.000000            0.000000          143.020000
            0.151431            0.051870            0.000000            1.570796            5.183482            0.000000            1.570796          143.020000
            0.151485            0.051870            0.000000            1.570796            0.500799            0.000000            0.000000          143.020000
            0.151540            0.051870            0.000000            1.570796            0.530505            0.000000            0.000000          143.020000
            0.151595            0.051870            0.000000            1.570796            0.560212            0.000000            0.000000          143.020000
            0.151650            0.051870            0.000000            1.570796            5.302307            0.000000            1.570796          143.020000
            0.151704            0.051870            0.000000            1.570796            0.619624            0.000000            0.000000          143.020000
            0.151759            0.051870            0.000000            1.570796            5.361720            0.000000            1.570796          143.020000
            0.151814            0.051870            0.000000            1.570796            0.679036            0.000000            0.000000          143.020000
            0.151869            0.051870            0.000000            1.570796            0.708743            0.000000            0.000000          143.020000
            0.151923            0.051870            0.000000            1.570796            0.738449            0.000000            0.000000          143.020000
            0.151978            0.051870            0.000000            1.570796            0.768155            0.000000            0.000000          143.020000
            0.152033            0.051870            0.000000            1.570796            0.797861            0.000000            0.000000          143.020000
            0.152088            0.051870            0.000000            1.570796            5.539957            0.000000            1.570796          143.020000
            0.152142            0.051870            0.000000            1.570796            0.857274            0.000000            0.000000          143.020000
            0.152197            0.051870            0.000000            1.570796            0.886980            0.000000            0.000000          143.020000
            0.152252            0.051870            0.000000            1.570796            5.629076            0.000000            1.570796          143.020000
            0.152307            0.051870            0.000000            1.570796            5.658782            0.000000            1.570796          143.020000
            0.152361            0.051870            0.000000            1.570796            5.688488            0.000000            1.570796          143.020000
            0.152416            0.051870            0.000000            1.570796            1.005805            0.000000            0.000000          143.020000
            0.152471            0.051870            0.000000            1.570796            1.035511            0.000000            0.000000          143.020000
            0.152526            0.051870            0.000000            1.570796            5.777607            0.000000            1.570796          143.020000
            0.152580            0.051870            0.000000            1.570796            1.094923            0.000000            0.000000          143.020000
            0.152635            0.051870            0.000000            1.570796            5.837019            0.000000            1.570796          143.020000
            0.152690            0.051870            0.000000            1.570796            5.866725            0.000000            1.570796          143.020000
            0.152745            0.051870            0.000000            1.570796            1.184042            0.000000            0.000000          143.020000
            0.152799            0.051870            0.000000            1.570796            1.213748            0.000000            0.000000          143.020000
            0.152854            0.051870            0.000000            1.570796            5.955844            0.000000            1.570796          143.020000
            0.152909            0.051870            0.000000            1.570796            5.985550            0.000000            1.570796          143.020000
            0.152964            0.051870            0.000000            1.570796            6.015256            0.000000            1.570796          143.020000
            0.153018            0.051870            0.000000            1.570796            1.332573            0.000000            0.000000          143.020000
            0.153073            0.051870            0.000000            1.570796            1.362279            0.000000            0.000000          143.020000
            0.153128            0.051870            0.000000            1.570796            1.391985            0.000000            0.000000          143.020000
            0.153183            0.051870            0.000000            1.570796            6.134081            0.000000            1.570796          143.020000
            0.153238            0.051870            0.000000            1.570796            1.451398            0.000000            0.000000          143.020000
            0.153292            0.051870            0.000000            1.570796            6.193493            0.000000            1.570796          143.020000
            0.153347            0.051870            0.000000            1.570796            6.223199            0.000000            1.570796          143.020000
            0.153402            0.051870            0.000000            1.570796            6.252905            0.000000            1.570796          143.020000
            0.153457            0.051870            0.000000            1.570796            1.570222            0.000000            0.000000          143.020000
            0.153511            0.051870            0.000000            1.570796            1.599929            0.000000            0.000000          143.020000
            0.153566            0.051870            0.000000            1.570796            1.629635            0.000000            0.000000          143.020000
            0.153621            0.051870            0.000000            1.570796            0.088545            0.000000            1.570796          143.020000
            0.153676            0.051870            0.000000            1.570796            1.689047            0.000000            0.000000          143.020000
            0.153730            0.051870            0.000000            1.570796            1.718753            0.000000            0.000000          143.020000
            0.153785            0.051870            0.000000            1.570796            1.748460            0.000000            0.000000          143.020000
            0.153840            0.051870            0.000000            1.570796            1.778166            0.000000            0.000000          143.020000
            0.153895            0.051870            0.000000            1.570796            0.237076            0.000000            1.570796          143.020000
            0.153949            0.051870            0.000000            1.570796            1.837578            0.000000            0.000000          143.020000
            0.154004            0.051870            0.000000            1.570796            1.867284            0.000000            0.000000          143.020000
            0.154059            0.051870            0.000000            1.570796            1.896991            0.000000            0.000000          143.020000
            0.154114            0.051870            0.000000            1.570796            0.355901            0.000000            1.570796          143.020000
            0.154168            0.051870            0.000000            1.570796            1.956403            0.000000            0.000000          143.020000
            0.154223            0.051870            0.000000            1.570796            1.986109            0.000000            0.000000          143.020000
            0.154278            0.051870            0.000000            1.570796            2.015815            0.000000            0.000000          143.020000
            0.154333            0.051870            0.000000            1.570796            2.045522            0.000000            0.000000          143.020000
            0.154387            0.051870            0.000000            1.570796            2.075228            0.000000            0.000000          143.020000
            0.154442            0.051870            0.000000            1.570796            2.104934            0.000000            0.000000          143.020000
            0.154497            0.051870            0.000000            1.570796            2.134640            0.000000            0.000000          143.020000
            0.154552            0.051870            0.000000            1.570796            2.164346            0.000000            0.000000          143.020000
            0.154606            0.051870            0.000000            1.570796            2.194053            0.000000            0.000000          143.020000
            0.154661            0.051870            0.000000            1.570796            2.223759            0.000000            0.000000          143.020000
            0.154716            0.051870            0.000000            1.570796            0.682669            0.000000            1.570796          143.020000
            0.154771            0.051870            0.000000            1.570796            0.712375            0.000000            1.570796          143.020000
            0.154825            0.051870            0.000000            1.570796            2.312877            0.000000            0.000000          143.020000
            0.154880            0.051870            0.000000            1.570796            0.771788            0.000000            1.570796          143.020000
            0.154935            0.051870            0.000000            1.570796            2.372290            0.000000            0.000000          143.020000
            0.154990            0.051870            0.000000            1.570796            0.831200            0.000000            1.570796          143.020000
            0.155044            0.051870            0.000000            1.570796            2.431702            0.000000            0.000000          143.020000
            0.155099            0.051870            0.000000            1.570796            2.461408            0.000000            0.000000          143.020000
            0.155154            0.051870            0.000000            1.570796            0.920318            0.000000            1.570796          143.020000
            0.155209            0.051870            0.000000            1.570796            2.520821            0.000000            0.000000          143.020000
            0.155264            0.051870            0.000000            1.570796            0.979731            0.000000            1.570796          143.020000
            0.155318            0.051870            0.000000            1.570796            2.580233            0.000000            0.000000          143.020000
            0.155373            0.051870            0.000000            1.570796            2.609939            0.000000            0.000000          143.020000
            0.155428            0.051870            0.000000            1.570796            2.639646            0.000000            0.000000          143.020000
            0.155483            0.051870            0.000000            1.570796            2.669352            0.000000            0.000000          143.020000
            0.155537            0.051870            0.000000            1.570796            5.840651            0.000000            3.141593          143.020000
            0.155592            0.051870            0.000000            1.570796            5.870357            0.000000            3.141593          143.020000
            0.155647            0.051870            0.000000            1.570796            5.900063            0.000000            3.141593          143.020000
            0.155702            0.051870            0.000000            1.570796            5.929769            0.000000            3.141593          143.020000
            0.155756            0.051870            0.000000            1.570796            5.959476            0.000000            3.141593          143.020000
            0.155811            0.051870            0.000000            1.570796            5.989182            0.000000            3.141593          143.020000
            0.155866            0.051870            0.000000            1.570796            6.018888            0.000000            3.141593          143.020000
            0.155921            0.051870            0.000000            1.570796            6.048594            0.000000            3.141593          143.020000
            0.155975            0.051870            0.000000            1.570796            6.078300            0.000000            3.141593          143.020000
            0.156030            0.051870            0.000000            1.570796            6.108007            0.000000            3.141593          143.020000
            0.156085            0.051870            0.000000            1.570796            6.137713            0.000000            3.141593          143.020000
            0.156140            0.051870            0.000000            1.570796            1.455030            0.000000            1.570797          143.020000
            0.156194            0.051870            0.000000            1.570796            1.484736            0.000000            1.570797          143.020000
            0.156249            0.051870            0.000000            1.570796            6.226831            0.000000            3.141593          143.020000
            0.156304            0.051870            0.000000            1.570796            6.256538            0.000000            3.141593          143.020000
            0.156359            0.051870            0.000000            1.570796            1.573855            0.000000            1.570797          143.020000
            0.156413            0.051870            0.000000            1.570796            0.032765            0.000000            3.141593          143.020000
            0.156468            0.051870            0.000000            1.570796            0.062471            0.000000            3.141593          143.020000
            0.156523            0.051870            0.000000            1.570796            1.662973            0.000000            1.570797          143.020000
            0.156578            0.051870            0.000000            1.570796            0.121883            0.000000            3.141593          143.020000
            0.156632            0.051870            0.000000            1.570796            0.151589            0.000000            3.141593          143.020000
            0.156687            0.051870            0.000000            1.570796            0.181296            0.000000            3.141593          143.020000
            0.156742            0.051870            0.000000            1.570796            0.211002            0.000000            3.141593          143.020000
            0.156797            0.051870            0.000000            1.570796            0.240708            0.000000            3.141593          143.020000
            0.156851            0.051870            0.000000            1.570796            1.841210            0.000000            1.570797          143.020000
            0.156906            0.051870            0.000000            1.570796            1.870916            0.000000            1.570797          143.020000
            0.156961            0.051870            0.000000            1.570796            0.329827            0.000000            3.141593          143.020000
            0.157016            0.051870            0.000000            1.570796            0.359533            0.000000            3.141593          143.020000
            0.157070            0.051870            0.000000            1.570796            0.389239            0.000000            3.141593          143.020000
            0.157125            0.051870            0.000000            1.570796            1.989741            0.000000            1.570797          143.020000
            0.157180            0.051870            0.000000            1.570796            0.448651            0.000000            3.141593          143.020000
            0.157235            0.051870            0.000000            1.570796            0.478358            0.000000            3.141593          143.020000
            0.157290            0.051870            0.000000            1.570796            2.078860            0.000000            1.570797          143.020000
            0.157344            0.051870            0.000000            1.570796            2.108566            0.000000            1.570797          143.020000
            0.157399            0.051870            0.000000            1.570796            0.567476            0.000000            3.141593          143.020000
            0.157454            0.051870            0.000000            1.570796            0.597183            0.000000            3.141593          143.020000
            0.157509            0.051870            0.000000            1.570796            0.626889            0.000000            3.141593          143.020000
            0.157563            0.051870            0.000000            1.570796            0.656595            0.000000            3.141593          143.020000
            0.157618            0.051870            0.000000            1.570796            2.257097            0.000000            1.570797          143.020000
            0.157673            0.051870            0.000000            1.570796            2.286803            0.000000            1.570797          143.020000
            0.157728            0.051870            0.000000            1.570796            2.316509            0.000000            1.570797          143.020000
            0.157782            0.051870            0.000000            1.570796            0.775420            0.000000            3.141593          143.020000
            0.157837            0.051870            0.000000            1.570796            0.805126            0.000000            3.141593          143.020000
            0.157892            0.051870            0.000000            1.570796            2.405628            0.000000            1.570797          143.020000
            0.157947            0.051870            0.000000            1.570796            0.864538            0.000000            3.141593          143.020000
            0.158001            0.051870            0.000000            1.570796            0.894245            0.000000            3.141593          143.020000
            0.158056            0.051870            0.000000            1.570796            0.923951            0.000000            3.141593          143.020000
            0.158111            0.051870            0.000000            1.570796            0.953657            0.000000            3.141593          143.020000
            0.158166            0.051870            0.000000            1.570796            0.983363            0.000000            3.141593          143.020000
            0.158220            0.051870            0.000000            1.570796            1.013069            0.000000            3.141593          143.020000
            0.158275            0.051870            0.000000            1.570796            1.042776            0.000000            3.141593          143.020000
            0.158330            0.051870            0.000000            1.570796            1.072482            0.000000            3.141593          143.020000
            0.158385            0.051870            0.000000            1.570796            1.102188            0.000000            3.141593          143.020000
            0.158439            0.051870            0.000000            1.570796            2.702690            0.000000            1.570797          143.020000
            0.158494            0.051870            0.000000            1.570796            1.161600            0.000000            3.141593          143.020000
            0.158549            0.051870            0.000000            1.570796            1.191307            0.000000            3.141593          143.020000
            0.158604            0.051870            0.000000            1.570796            2.791808            0.000000            1.570797          143.020000
            0.158658            0.051870            0.000000            1.570796            1.250719            0.000000            3.141593          143.020000
            0.158713            0.051870            0.000000            1.570796            2.851221            0.000000            1.570797          143.020000
            0.158768            0.051870            0.000000            1.570796            2.880927            0.000000            1.570797          143.020000
            0.158823            0.051870            0.000000            1.570796            1.339838            0.000000            3.141593          143.020000
            0.158877            0.051870            0.000000            1.570796            1.369544            0.000000            3.141593          143.020000
            0.158932            0.051870            0.000000            1.570796            2.970046            0.000000            1.570797          143.020000
            0.158987            0.051870            0.000000            1.570796            1.428956            0.000000            3.141593          143.020000
            0.159042            0.051870            0.000000            1.570796            1.458662            0.000000            3.141593          143.020000
            0.159097            0.051870            0.000000            1.570796            1.488369            0.000000            3.141593          143.020000
            0.159151            0.051870            0.000000            1.570796            3.088871            0.000000            1.570797          143.020000
            0.159206            0.051870            0.000000            1.570796            3.118577            0.000000            1.570797          143.020000
            0.159261            0.051870            0.000000            1.570796            1.577487            0.000000            3.141593          143.020000
            0.159316            0.051870            0.000000            1.570796            1.607193            0.000000            3.141593          143.020000
            0.159370            0.051870            0.000000            1.570796            1.636900            0.000000            3.141593          143.020000
            0.159425            0.051870            0.000000            1.570796            1.666606            0.000000            3.141593          143.020000
            0.159480            0.051870            0.000000            1.570796            1.696312            0.000000            3.141593          143.020000
            0.159535            0.051870            0.000000            1.570796            1.726018            0.000000            3.141593          143.020000
            0.159589            0.051870            0.000000            1.570796            1.755724            0.000000            3.141593          143.020000
            0.159644            0.051870            0.000000            1.570796            1.785431            0.000000            3.141593          143.020000
            0.159699            0.051870            0.000000            1.570796            3.385933            0.000000            1.570797          143.020000
            0.159754            0.051870            0.000000            1.570796            3.415639            0.000000            1.570797          143.020000
            0.159808            0.051870            0.000000            1.570796            1.874549            0.000000            3.141593          143.020000
            0.159863            0.051870            0.000000            1.570796            3.475051            0.000000            1.570797          143.020000
            0.159918            0.051870            0.000000            1.570796            1.933962            0.000000            3.141593          143.020000
            0.159973            0.051870            0.000000            1.570796            1.963668            0.000000            3.141593          143.020000
            0.160027            0.051870            0.000000            1.570796            1.993374            0.000000            3.141593          143.020000
            0.160082            0.051870            0.000000            1.570796            3.593876            0.000000            1.570797          143.020000
            0.160137            0.051870            0.000000            1.570796            3.623582            0.000000            1.570797          143.020000
            0.160192            0.051870            0.000000            1.570796            3.653289            0.000000            1.570797          143.020000
            0.160246            0.051870            0.000000            1.570796            2.112199            0.000000            3.141593          143.020000
            0.160301            0.051870            0.000000            1.570796            2.141905            0.000000            3.141593          143.020000
            0.160356            0.051870            0.000000            1.570796            2.171611            0.000000            3.141593          143.020000
            0.160411            0.051870            0.000000            1.570796            2.201317            0.000000            3.141593          143.020000
            0.160465            0.051870            0.000000            1.570796            2.231024            0.000000            3.141593          143.020000
            0.160520            0.051870            0.000000            1.570796            2.260730            0.000000            3.141593          143.020000
            0.160575            0.051870            0.000000            1.570796            3.861232            0.000000            1.570797          143.020000
            0.160630            0.051870            0.000000            1.570796            2.320142            0.000000            3.141593          143.020000
            0.160684            0.051870            0.000000            1.570796            3.920645            0.000000            1.570797          143.020000
            0.160739            0.051870            0.000000            1.570796            2.379555            0.000000            3.141593          143.020000
            0.160821            0.051870            0.000000            1.570796            2.424114            0.000000            3.141593          143.020000
            0.160876            0.051870            0.000000            1.570796            4.024616            0.000000            1.570796          143.020000
            0.160931            0.051870            0.000000            1.570796            2.483526            0.000000            3.141593          143.020000
            0.160986            0.051870            0.000000            1.570796            2.513233            0.000000            3.141593          143.020000
            0.161040            0.051870            0.000000            1.570796            2.542939            0.000000            3.141593          143.020000
            0.161095            0.051870            0.000000            1.570796            2.572645            0.000000            3.141593          143.020000
            0.161150            0.051870            0.000000            1.570796            2.602351            0.000000            3.141593          143.020000
            0.161205            0.051870            0.000000            1.570796            2.632057            0.000000            3.141593          143.020000
            0.161259            0.051870            0.000000            1.570796            2.661764            0.000000            3.141593          143.020000
            0.161314            0.051870            0.000000            1.570796            2.691470            0.000000            3.141593          143.020000
            0.161369            0.051870            0.000000            1.570796            5.862769            0.000000            0.000000          143.020000
            0.161424            0.051870            0.000000            1.570796            5.892475            0.000000            0.000000          143.020000
            0.161478            0.051870            0.000000            1.570796            4.351385            0.000000            1.570796          143.020000
            0.161506            0.051870            0.000000            1.570796            5.937034            0.000000            0.000000          143.020000
            0.161561            0.051870            0.000000            1.570796            5.966740            0.000000            0.000000          143.020000
            0.161615            0.051870            0.000000            1.570796            5.996447            0.000000            0.000000          143.020000
            0.161670            0.051870            0.000000            1.570796            4.455357            0.000000            1.570796          143.020000
            0.161725            0.051870            0.000000            1.570796            6.055859            0.000000            0.000000          143.020000
            0.161780            0.051870            0.000000            1.570796            4.514769            0.000000            1.570796          143.020000
            0.161834            0.051870            0.000000            1.570796            6.115271            0.000000            0.000000          143.020000
            0.161889            0.051870            0.000000            1.570796            4.574181            0.000000            1.570796          143.020000
            0.161944            0.051870            0.000000            1.570796            6.174684            0.000000            0.000000          143.020000
            0.161999            0.051870            0.000000            1.570796            4.633594            0.000000            1.570796          143.020000
            0.162053            0.051870            0.000000            1.570796            6.234096            0.000000            0.000000          143.020000
            0.162108            0.051870            0.000000            1.570796            6.263802            0.000000            0.000000          143.020000
            0.162163            0.051870            0.000000            1.570796            0.010323            0.000000            0.000000          143.020000
            0.162218            0.051870            0.000000            1.570796            0.040029            0.000000            0.000000          143.020000
            0.162272            0.051870            0.000000            1.570796            0.069736            0.000000            0.000000          143.020000
            0.162327            0.051870            0.000000            1.570796            4.811831            0.000000            1.570796          143.020000
            0.162382            0.051870            0.000000            1.570796            0.129148            0.000000            0.000000          143.020000
            0.162437            0.051870            0.000000            1.570796            4.871244            0.000000            1.570796          143.020000
            0.162491            0.051870            0.000000            1.570796            0.188560            0.000000            0.000000          143.020000
            0.162546            0.051870            0.000000            1.570796            4.930656            0.000000            1.570796          143.020000
            0.162601            0.051870            0.000000            1.570796            0.247973            0.000000            0.000000          143.020000
            0.162656            0.051870            0.000000            1.570796            0.277679            0.000000            0.000000          143.020000
            0.162710            0.051870            0.000000            1.570796            0.307385            0.000000            0.000000          143.020000
            0.162765            0.051870            0.000000            1.570796            0.337091            0.000000            0.000000          143.020000
            0.162820            0.051870            0.000000            1.570796            0.366798            0.000000            0.000000          143.020000
            0.162875            0.051870            0.000000            1.570796            5.108893            0.000000            1.570796          143.020000
            0.162930            0.051870            0.000000            1.570796            5.138599            0.000000            1.570796          143.020000
            0.162984            0.051870            0.000000            1.570796            0.455916            0.000000            0.000000          143.020000
            0.163039            0.051870            0.000000            1.570796            5.198012            0.000000            1.570796          143.020000
            0.163094            0.051870            0.000000            1.570796            5.227718            0.000000            1.570796          143.020000
            0.163149            0.051870            0.000000            1.570796            0.545035            0.000000            0.000000          143.020000
            0.163203            0.051870            0.000000            1.570796            0.574741            0.000000            0.000000          143.020000
            0.163258            0.051870            0.000000            1.570796            0.604447            0.000000            0.000000          143.020000
            0.163313            0.051870            0.000000            1.570796            0.634153            0.000000            0.000000          143.020000
            0.163368            0.051870            0.000000            1.570796            5.376249            0.000000            1.570796          143.020000
            0.163422            0.051870            0.000000            1.570796            5.405956            0.000000            1.570796          143.020000
            0.163477            0.051870            0.000000            1.570796            0.723272            0.000000            0.000000          143.020000
            0.163532            0.051870            0.000000            1.570796            0.752978            0.000000            0.000000          143.020000
            0.163587            0.051870            0.000000            1.570796            0.782684            0.000000            0.000000          143.020000
            0.163641            0.051870            0.000000            1.570796            5.524780            0.000000            1.570796          143.020000
            0.163696            0.051870            0.000000            1.570796            0.842097            0.000000            0.000000          143.020000
            0.163751            0.051870            0.000000            1.570796            0.871803            0.000000            0.000000          143.020000
            0.163806            0.051870            0.000000            1.570796            0.901509            0.000000            0.000000          143.020000
            0.163860            0.051870            0.000000            1.570796            0.931215            0.000000            0.000000          143.020000
            0.163915            0.051870            0.000000            1.570796            5.673311            0.000000            1.570796          143.020000
            0.163970            0.051870            0.000000            1.570796            0.990628            0.000000            0.000000          143.020000
            0.164025            0.051870            0.000000            1.570796            1.020334            0.000000            0.000000          143.020000
            0.164079            0.051870            0.000000            1.570796            1.050040            0.000000            0.000000          143.020000
            0.164134            0.051870            0.000000            1.570796            1.079747            0.000000            0.000000          143.020000
            0.164189            0.051870            0.000000            1.570796            1.109453            0.000000            0.000000          143.020000
            0.164244            0.051870            0.000000            1.570796            1.139159            0.000000            0.000000          143.020000
