            0.000055            0.000021           -0.999559           -0.000000           -0.029702            0.051849            0.999559            0.000000            0.029702
            0.000110            0.000021           -0.998236           -0.000000           -0.059377            0.051849            0.998236            0.000000            0.059377
            0.000164            0.000021           -0.996032           -0.000000           -0.089001            0.051849            0.996032            0.000000            0.089001
            0.000219            0.000021           -0.992949           -0.000000           -0.118545            0.051849            0.992949            0.000000            0.118545
            0.000274            0.000021           -0.988990           -0.000000           -0.147985            0.051849            0.988990            0.000000            0.147985
            0.000329            0.000021           -0.984158           -0.000000           -0.177295            0.051849            0.984158            0.000000            0.177295
            0.000383            0.000021           -0.978458           -0.000000           -0.206448            0.051849            0.978458            0.000000            0.206448
            0.000438            0.000021           -0.971894           -0.000000           -0.235419            0.051849            0.971894            0.000000            0.235419
            0.000493            0.000021           -0.964473           -0.000000           -0.264182            0.051849            0.964473            0.000000            0.264182
            0.000548            0.000021           -0.956201           -0.000000           -0.292712            0.051849            0.956201            0.000000            0.292712
            0.000602            0.000021           -0.947085           -0.000000           -0.320984            0.051849            0.947085            0.000000            0.320984
            0.000657            0.000021           -0.937133           -0.000000           -0.348972            0.051849            0.937133            0.000000            0.348972
            0.000712            0.000021           -0.926354           -0.000000           -0.376653            0.051849            0.926354            0.000000            0.376653
            0.000767            0.000021           -0.914758           -0.000000           -0.404001            0.051849            0.914758            0.000000            0.404001
            0.000821            0.000021           -0.902355           -0.000000           -0.430993            0.051849            0.902355            0.000000            0.430993
            0.000876            0.000021           -0.889156           -0.000000           -0.457605            0.051849            0.889156            0.000000            0.457605
            0.000931            0.000021           -0.875172           -0.000000           -0.483812            0.051849            0.875172            0.000000            0.483812
            0.000986            0.000021           -0.860416           -0.000000           -0.509593            0.051849            0.860416            0.000000            0.509593
            0.001040            0.000021           -0.844900           -0.000000           -0.534924            0.051849            0.844900            0.000000            0.534924
            0.001095            0.000021           -0.828639           -0.000000           -0.559783            0.051849            0.828639            0.000000            0.559783
            0.001150            0.000021           -0.811647           -0.000000           -0.584148            0.051849            0.811647            0.000000            0.584148
            0.001205            0.000021           -0.793939           -0.000000           -0.607998            0.051849            0.793939            0.000000            0.607998
            0.001259            0.000021           -0.775530           -0.000000           -0.631311            0.051849            0.775530            0.000000            0.631311
            0.001314            0.000021           -0.756436           -0.000000           -0.654067            0.051849            0.756436            0.000000            0.654067
            0.001369            0.000021           -0.736676           -0.000000           -0.676246            0.051849            0.736676            0.000000            0.676246
            0.001424            0.000021           -0.716265           -0.000000           -0.697828            0.051849            0.716265            0.000000            0.697828
            0.001478            0.000021           -0.695222           -0.000000           -0.718795            0.051849            0.695222            0.000000            0.718795
            0.001533            0.000021           -0.673566           -0.000000           -0.739127            0.051849            0.673566            0.000000            0.739127
            0.001588            0.000021           -0.651315           -0.000000           -0.758807            0.051849            0.651315            0.000000            0.758807
            0.001643            0.000021           -0.628490           -0.000000           -0.777818            0.051849            0.628490            0.000000            0.777818
            0.001697            0.000021           -0.605110           -0.000000           -0.796142            0.051849            0.605110            0.000000            0.796142
            0.001752            0.000021           -0.581196           -0.000000           -0.813763            0.051849            0.581196            0.000000            0.813763
            0.001807            0.000021           -0.556769           -0.000000           -0.830667            0.051849            0.556769            0.000000            0.830667
            0.001862            0.000021           -0.531852           -0.000000           -0.846838            0.051849            0.531852            0.000000            0.846838
            0.001916            0.000021           -0.506464           -0.000000           -0.862261            0.051849            0.506464            0.000000            0.862261
            0.001971            0.000021           -0.480630           -0.000000           -0.876923            0.051849            0.480630            0.000000            0.876923
            0.002026            0.000021           -0.454372           -0.000000           -0.890812            0.051849            0.454372            0.000000            0.890812
            0.002081            0.000021           -0.427713           -0.000000           -0.903915            0.051849            0.427713            0.000000            0.903915
            0.002136            0.000021           -0.400676           -0.000000           -0.916220            0.051849            0.400676            0.000000            0.916220
            0.002190            0.000021           -0.373286           -0.000000           -0.927716            0.051849            0.373286            0.000000            0.927716
            0.002245            0.000021           -0.345566           -0.000000           -0.938394            0.051849            0.345566            0.000000            0.938394
            0.002300            0.000021           -0.317542           -0.000000           -0.948244            0.051849            0.317542            0.000000            0.948244
            0.002355            0.000021           -0.289237           -0.000000           -0.957258            0.051849            0.289237            0.000000            0.957258
            0.002409            0.000021           -0.260677           -0.000000           -0.965426            0.051849            0.260677            0.000000            0.965426
            0.002464            0.000021           -0.231887           -0.000000           -0.972743            0.051849            0.231887            0.000000            0.972743
            0.002519            0.000021           -0.202893           -0.000000           -0.979201            0.051849            0.202893            0.000000            0.979201
            0.002574            0.000021           -0.173719           -0.000000           -0.984795            0.051849            0.173719            0.000000            0.984795
            0.002628            0.000021           -0.144392           -0.000000           -0.989521            0.051849            0.144392            0.000000            0.989521
            0.002683            0.000021           -0.114938           -0.000000           -0.993373            0.051849            0.114938            0.000000            0.993373
            0.002738            0.000021           -0.085382           -0.000000           -0.996348            0.051849            0.085382            0.000000            0.996348
            0.002793            0.000021           -0.055751           -0.000000           -0.998445            0.051849            0.055751            0.000000            0.998445
            0.002847            0.000021           -0.026071           -0.000000           -0.999660            0.051849            0.026071            0.000000            0.999660
            0.002902            0.000021            0.003632           -0.000000           -0.999993            0.051849           -0.003632            0.000000            0.999993
            0.002957            0.000021            0.033332           -0.000000           -0.999444            0.051849           -0.033332            0.000000            0.999444
            0.003012            0.000021            0.063003           -0.000000           -0.998013            0.051849           -0.063003            0.000000            0.998013
            0.003066            0.000021            0.092618           -0.000000           -0.995702            0.051849           -0.092618            0.000000            0.995702
            0.003121            0.000021            0.122151           -0.000000           -0.992511            0.051849           -0.122151            0.000000            0.992511
            0.003176            0.000021            0.151577           -0.000000           -0.988445            0.051849           -0.151577            0.000000            0.988445
            0.003231            0.000021            0.180869           -0.000000           -0.983507            0.051849           -0.180869            0.000000            0.983507
            0.003285            0.000021            0.210001           -0.000000           -0.977701            0.051849           -0.210001            0.000000            0.977701
            0.003340            0.000021            0.238948           -0.000000           -0.971032            0.051849           -0.238948            0.000000            0.971032
            0.003395            0.000021            0.267684           -0.000000           -0.963507            0.051849           -0.267684            0.000000            0.963507
            0.003450            0.000021            0.296184           -0.000000           -0.955131            0.051849           -0.296184            0.000000            0.955131
            0.003504            0.000021            0.324422           -0.000000           -0.945912            0.051849           -0.324422            0.000000            0.945912
            0.003559            0.000021            0.352374           -0.000000           -0.935859            0.051849           -0.352374            0.000000            0.935859
            0.003614            0.000021            0.380015           -0.000000           -0.924980            0.051849           -0.380015            0.000000            0.924980
            0.003669            0.000021            0.407321           -0.000000           -0.913285            0.051849           -0.407321            0.000000            0.913285
            0.003723            0.000021            0.434268           -0.000000           -0.900784            0.051849           -0.434268            0.000000            0.900784
            0.003778            0.000021            0.460831           -0.000000           -0.887488            0.051849           -0.460831            0.000000            0.887488
            0.003833            0.000021            0.486988           -0.000000           -0.873409            0.051849           -0.486988            0.000000            0.873409
            0.003888            0.000021            0.512715           -0.000000           -0.858559            0.051849           -0.512715            0.000000            0.858559
            0.003943            0.000021            0.537990           -0.000000           -0.842952            0.051849           -0.537990            0.000000            0.842952
            0.003997            0.000021            0.562789           -0.000000           -0.826600            0.051849           -0.562789            0.000000            0.826600
            0.004052            0.000021            0.587093           -0.000000           -0.809520            0.051849           -0.587093            0.000000            0.809520
            0.004107            0.000021            0.610878           -0.000000           -0.791725            0.051849           -0.610878            0.000000            0.791725
            0.004162            0.000021            0.634124           -0.000000           -0.773231            0.051849           -0.634124            0.000000            0.773231
            0.004216            0.000021            0.656811           -0.000000           -0.754056            0.051849           -0.656811            0.000000            0.754056
            0.004271            0.000021            0.678918           -0.000000           -0.734214            0.051849           -0.678918            0.000000            0.734214
            0.004326            0.000021            0.700426           -0.000000           -0.713725            0.051849           -0.700426            0.000000            0.713725
            0.004381            0.000021            0.721316           -0.000000           -0.692607            0.051849           -0.721316            0.000000            0.692607
            0.004435            0.000021            0.741569           -0.000000           -0.670877            0.051849           -0.741569            0.000000            0.670877
            0.004490            0.000021            0.761168           -0.000000           -0.648555            0.051849           -0.761168            0.000000            0.648555
            0.004545            0.000021            0.780096           -0.000000           -0.625660            0.051849           -0.780096            0.000000            0.625660
            0.004600            0.000021            0.798335           -0.000000           -0.602214            0.051849           -0.798335            0.000000            0.602214
            0.004654            0.000021            0.815869           -0.000000           -0.578236            0.051849           -0.815869            0.000000            0.578236
            0.004709            0.000021            0.832684           -0.000000           -0.553749            0.051849           -0.832684            0.000000            0.553749
            0.004764            0.000021            0.848764           -0.000000           -0.528772            0.051849           -0.848764            0.000000            0.528772
            0.004819            0.000021            0.864095           -0.000000           -0.503329            0.051849           -0.864095            0.000000            0.503329
            0.004873            0.000021            0.878664           -0.000000           -0.477442            0.051849           -0.878664            0.000000            0.477442
            0.004928            0.000021            0.892457           -0.000000           -0.451133            0.051849           -0.892457            0.000000            0.451133
            0.004983            0.000021            0.905462           -0.000000           -0.424426            0.051849           -0.905462            0.000000            0.424426
            0.005038            0.000021            0.917669           -0.000000           -0.397345            0.051849           -0.917669            0.000000            0.397345
            0.005092            0.000021            0.929066           -0.000000           -0.369913            0.051849           -0.929066            0.000000            0.369913
            0.005147            0.000021            0.939643           -0.000000           -0.342155            0.051849           -0.939643            0.000000            0.342155
            0.005202            0.000021            0.949391           -0.000000           -0.314095            0.051849           -0.949391            0.000000            0.314095
            0.005257            0.000021            0.958302           -0.000000           -0.285758            0.051849           -0.958302            0.000000            0.285758
            0.005311            0.000021            0.966367           -0.000000           -0.257169            0.051849           -0.966367            0.000000            0.257169
            0.005366            0.000021            0.973579           -0.000000           -0.228352            0.051849           -0.973579            0.000000            0.228352
            0.005421            0.000021            0.979932           -0.000000           -0.199334            0.051849           -0.979932            0.000000            0.199334
            0.005476            0.000021            0.985420           -0.000000           -0.170141            0.051849           -0.985420            0.000000            0.170141
            0.005530            0.000021            0.990039           -0.000000           -0.140797            0.051849           -0.990039            0.000000            0.140797
            0.005585            0.000021            0.993784           -0.000000           -0.111329            0.051849           -0.993784            0.000000            0.111329
            0.005640            0.000021            0.996652           -0.000000           -0.081762            0.051849           -0.996652            0.000000            0.081762
            0.005695            0.000021            0.998641           -0.000000           -0.052124            0.051849           -0.998641            0.000000            0.052124
            0.005749            0.000021            0.999748           -0.000000           -0.022440            0.051849           -0.999748            0.000000            0.022440
            0.005804            0.000021            0.999974            0.000000            0.007265            0.051849           -0.999974           -0.000000           -0.007265
            0.005859            0.000021            0.999317            0.000000            0.036963            0.051849           -0.999317           -0.000000           -0.036963
            0.005914            0.000021            0.997778            0.000000            0.066628            0.051849           -0.997778           -0.000000           -0.066628
            0.005969            0.000021            0.995359            0.000000            0.096234            0.051849           -0.995359           -0.000000           -0.096234
            0.006023            0.000021            0.992061            0.000000            0.125756            0.051849           -0.992061           -0.000000           -0.125756
            0.006078            0.000021            0.987888            0.000000            0.155166            0.051849           -0.987888           -0.000000           -0.155166
            0.006133            0.000021            0.982844            0.000000            0.184440            0.051849           -0.982844           -0.000000           -0.184440
            0.006188            0.000021            0.976932            0.000000            0.213551            0.051849           -0.976932           -0.000000           -0.213551
            0.006242            0.000021            0.970158            0.000000            0.242473            0.051849           -0.970158           -0.000000           -0.242473
            0.006297            0.000021            0.962528            0.000000            0.271182            0.051849           -0.962528           -0.000000           -0.271182
            0.006352            0.000021            0.954049            0.000000            0.299651            0.051849           -0.954049           -0.000000           -0.299651
            0.006407            0.000021            0.944728            0.000000            0.327856            0.051849           -0.944728           -0.000000           -0.327856
            0.006461            0.000021            0.934573            0.000000            0.355771            0.051849           -0.934573           -0.000000           -0.355771
            0.006516            0.000021            0.923594            0.000000            0.383373            0.051849           -0.923594           -0.000000           -0.383373
            0.006571            0.000021            0.911799            0.000000            0.410636            0.051849           -0.911799           -0.000000           -0.410636
            0.006626            0.000021            0.899200            0.000000            0.437537            0.051849           -0.899200           -0.000000           -0.437537
            0.006680            0.000021            0.885808            0.000000            0.464052            0.051849           -0.885808           -0.000000           -0.464052
            0.006735            0.000021            0.871634            0.000000            0.490157            0.051849           -0.871634           -0.000000           -0.490157
            0.006790            0.000021            0.856691            0.000000            0.515830            0.051849           -0.856691           -0.000000           -0.515830
            0.006845            0.000021            0.840992            0.000000            0.541048            0.051849           -0.840992           -0.000000           -0.541048
            0.006899            0.000021            0.824551            0.000000            0.565788            0.051849           -0.824551           -0.000000           -0.565788
            0.006954            0.000021            0.807382            0.000000            0.590029            0.051849           -0.807382           -0.000000           -0.590029
            0.007009            0.000021            0.789501            0.000000            0.613750            0.051849           -0.789501           -0.000000           -0.613750
            0.007064            0.000021            0.770923            0.000000            0.636928            0.051849           -0.770923           -0.000000           -0.636928
            0.007118            0.000021            0.751665            0.000000            0.659545            0.051849           -0.751665           -0.000000           -0.659545
            0.007173            0.000021            0.731744            0.000000            0.681580            0.051849           -0.731744           -0.000000           -0.681580
            0.007228            0.000021            0.711176            0.000000            0.703014            0.051849           -0.711176           -0.000000           -0.703014
            0.007283            0.000021            0.689982            0.000000            0.723827            0.051849           -0.689982           -0.000000           -0.723827
            0.007337            0.000021            0.668179            0.000000            0.744001            0.051849           -0.668179           -0.000000           -0.744001
            0.007392            0.000021            0.645786            0.000000            0.763519            0.051849           -0.645786           -0.000000           -0.763519
            0.007447            0.000021            0.622823            0.000000            0.782363            0.051849           -0.622823           -0.000000           -0.782363
            0.007502            0.000021            0.599310            0.000000            0.800517            0.051849           -0.599310           -0.000000           -0.800517
            0.007556            0.000021            0.575269            0.000000            0.817964            0.051849           -0.575269           -0.000000           -0.817964
            0.007611            0.000021            0.550720            0.000000            0.834690            0.051849           -0.550720           -0.000000           -0.834690
            0.007666            0.000021            0.525685            0.000000            0.850679            0.051849           -0.525685           -0.000000           -0.850679
            0.007721            0.000021            0.500187            0.000000            0.865918            0.051849           -0.500187           -0.000000           -0.865918
            0.007775            0.000021            0.474247            0.000000            0.880392            0.051849           -0.474247           -0.000000           -0.880392
            0.007830            0.000021            0.447888            0.000000            0.894090            0.051849           -0.447888           -0.000000           -0.894090
            0.007885            0.000021            0.421135            0.000000            0.906998            0.051849           -0.421135           -0.000000           -0.906998
            0.007940            0.000021            0.394009            0.000000            0.919106            0.051849           -0.394009           -0.000000           -0.919106
            0.007995            0.000021            0.366536            0.000000            0.930404            0.051849           -0.366536           -0.000000           -0.930404
            0.008049            0.000021            0.338740            0.000000            0.940880            0.051849           -0.338740           -0.000000           -0.940880
            0.008104            0.000021            0.310645            0.000000            0.950526            0.051849           -0.310645           -0.000000           -0.950526
            0.008159            0.000021            0.282275            0.000000            0.959333            0.051849           -0.282275           -0.000000           -0.959333
            0.008214            0.000021            0.253657            0.000000            0.967294            0.051849           -0.253657           -0.000000           -0.967294
            0.008268            0.000021            0.224814            0.000000            0.974402            0.051849           -0.224814           -0.000000           -0.974402
            0.008323            0.000021            0.195774            0.000000            0.980649            0.051849           -0.195774           -0.000000           -0.980649
            0.008378            0.000021            0.166560            0.000000            0.986031            0.051849           -0.166560           -0.000000           -0.986031
            0.008433            0.000021            0.137200            0.000000            0.990543            0.051849           -0.137200           -0.000000           -0.990543
            0.008487            0.000021            0.107718            0.000000            0.994181            0.051849           -0.107718           -0.000000           -0.994181
            0.008542            0.000021            0.078142            0.000000            0.996942            0.051849           -0.078142           -0.000000           -0.996942
            0.008597            0.000021            0.048496            0.000000            0.998823            0.051849           -0.048496           -0.000000           -0.998823
            0.008652            0.000021            0.018808            0.000000            0.999823            0.051849           -0.018808           -0.000000           -0.999823
            0.008706            0.000021           -0.010897            0.000000            0.999941            0.051849            0.010897           -0.000000           -0.999941
            0.008761            0.000021           -0.040592            0.000000            0.999176            0.051849            0.040592           -0.000000           -0.999176
            0.008816            0.000021           -0.070252            0.000000            0.997529            0.051849            0.070252           -0.000000           -0.997529
            0.008871            0.000021           -0.099849            0.000000            0.995003            0.051849            0.099849           -0.000000           -0.995003
            0.008925            0.000021           -0.129358            0.000000            0.991598            0.051849            0.129358           -0.000000           -0.991598
            0.008980            0.000021           -0.158754            0.000000            0.987318            0.051849            0.158754           -0.000000           -0.987318
            0.009035            0.000021           -0.188009            0.000000            0.982167            0.051849            0.188009           -0.000000           -0.982167
            0.009090            0.000021           -0.217098            0.000000            0.976150            0.051849            0.217098           -0.000000           -0.976150
            0.009144            0.000021           -0.245996            0.000000            0.969271            0.051849            0.245996           -0.000000           -0.969271
            0.009199            0.000021           -0.274676            0.000000            0.961537            0.051849            0.274676           -0.000000           -0.961537
            0.009254            0.000021           -0.303114            0.000000            0.952954            0.051849            0.303114           -0.000000           -0.952954
            0.009309            0.000021           -0.331285            0.000000            0.943531            0.051849            0.331285           -0.000000           -0.943531
            0.009363            0.000021           -0.359164            0.000000            0.933275            0.051849            0.359164           -0.000000           -0.933275
            0.009418            0.000021           -0.386725            0.000000            0.922195            0.051849            0.386725           -0.000000           -0.922195
            0.009473            0.000021           -0.413945            0.000000            0.910302            0.051849            0.413945           -0.000000           -0.910302
            0.009528            0.000021           -0.440800            0.000000            0.897605            0.051849            0.440800           -0.000000           -0.897605
            0.009582            0.000021           -0.467266            0.000000            0.884117            0.051849            0.467266           -0.000000           -0.884117
            0.009637            0.000021           -0.493320            0.000000            0.869848            0.051849            0.493320           -0.000000           -0.869848
            0.009692            0.000021           -0.518939            0.000000            0.854812            0.051849            0.518939           -0.000000           -0.854812
            0.009747            0.000021           -0.544099            0.000000            0.839021            0.051849            0.544099           -0.000000           -0.839021
            0.009802            0.000021           -0.568780            0.000000            0.822490            0.051849            0.568780           -0.000000           -0.822490
            0.009856            0.000021           -0.592958            0.000000            0.805233            0.051849            0.592958           -0.000000           -0.805233
            0.009911            0.000021           -0.616613            0.000000            0.787266            0.051849            0.616613           -0.000000           -0.787266
            0.009966            0.000021           -0.639725            0.000000            0.768604            0.051849            0.639725           -0.000000           -0.768604
            0.010021            0.000021           -0.662271            0.000000            0.749264            0.051849            0.662271           -0.000000           -0.749264
            0.010103            0.000021           -0.694990            0.000000            0.719020            0.051849            0.694990           -0.000000           -0.719020
            0.010157            0.000021           -0.716039            0.000000            0.698060            0.051849            0.716039           -0.000000           -0.698060
            0.010212            0.000021           -0.736457            0.000000            0.676485            0.051849            0.736457           -0.000000           -0.676485
            0.010267            0.000021           -0.756225            0.000000            0.654312            0.051849            0.756225           -0.000000           -0.654312
            0.010322            0.000021           -0.775325            0.000000            0.631562            0.051849            0.775325           -0.000000           -0.631562
            0.010376            0.000021           -0.793742            0.000000            0.608255            0.051849            0.793742           -0.000000           -0.608255
            0.010431            0.000021           -0.811458            0.000000            0.584411            0.051849            0.811458           -0.000000           -0.584411
            0.010486            0.000021           -0.828458            0.000000            0.560051            0.051849            0.828458           -0.000000           -0.560051
            0.010541            0.000021           -0.844727            0.000000            0.535197            0.051849            0.844727           -0.000000           -0.535197
            0.010595            0.000021           -0.860251            0.000000            0.509871            0.051849            0.860251           -0.000000           -0.509871
            0.010650            0.000021           -0.875015            0.000000            0.484095            0.051849            0.875015           -0.000000           -0.484095
            0.010705            0.000021           -0.889008            0.000000            0.457892            0.051849            0.889008           -0.000000           -0.457892
            0.010760            0.000021           -0.902216            0.000000            0.431285            0.051849            0.902216           -0.000000           -0.431285
            0.010815            0.000021           -0.914628            0.000000            0.404297            0.051849            0.914628           -0.000000           -0.404297
            0.010869            0.000021           -0.926232            0.000000            0.376953            0.051849            0.926232           -0.000000           -0.376953
            0.010924            0.000021           -0.937020            0.000000            0.349276            0.051849            0.937020           -0.000000           -0.349276
            0.010979            0.000021           -0.946981            0.000000            0.321290            0.051849            0.946981           -0.000000           -0.321290
            0.011034            0.000021           -0.956106            0.000000            0.293022            0.051849            0.956106           -0.000000           -0.293022
            0.011088            0.000021           -0.964387            0.000000            0.264494            0.051849            0.964387           -0.000000           -0.264494
            0.011143            0.000021           -0.971818            0.000000            0.235733            0.051849            0.971818           -0.000000           -0.235733
            0.011198            0.000021           -0.978391            0.000000            0.206765            0.051849            0.978391           -0.000000           -0.206765
            0.011253            0.000021           -0.984100            0.000000            0.177613            0.051849            0.984100           -0.000000           -0.177613
            0.011307            0.000021           -0.988942            0.000000            0.148305            0.051849            0.988942           -0.000000           -0.148305
            0.011362            0.000021           -0.992910            0.000000            0.118867            0.051849            0.992910           -0.000000           -0.118867
            0.011417            0.000021           -0.996003            0.000000            0.089323            0.051849            0.996003           -0.000000           -0.089323
            0.011472            0.000021           -0.998216            0.000000            0.059700            0.051849            0.998216           -0.000000           -0.059700
            0.011526            0.000021           -0.999549            0.000000            0.030025            0.051849            0.999549           -0.000000           -0.030025
            0.011581            0.000021           -1.000000            0.000000            0.000324            0.051849            1.000000           -0.000000           -0.000324
            0.011636            0.000021           -0.999568           -0.000000           -0.029378            0.051849            0.999568            0.000000            0.029378
            0.011691            0.000021           -0.998255           -0.000000           -0.059054            0.051849            0.998255            0.000000            0.059054
            0.011745            0.000021           -0.996060           -0.000000           -0.088678            0.051849            0.996060            0.000000            0.088678
            0.011800            0.000021           -0.992987           -0.000000           -0.118224            0.051849            0.992987            0.000000            0.118224
            0.011855            0.000021           -0.989037           -0.000000           -0.147665            0.051849            0.989037            0.000000            0.147665
            0.011910            0.000021           -0.984215           -0.000000           -0.176977            0.051849            0.984215            0.000000            0.176977
            0.011964            0.000021           -0.978524           -0.000000           -0.206131            0.051849            0.978524            0.000000            0.206131
            0.012019            0.000021           -0.971970           -0.000000           -0.235104            0.051849            0.971970            0.000000            0.235104
            0.012074            0.000021           -0.964558           -0.000000           -0.263870            0.051849            0.964558            0.000000            0.263870
            0.012129            0.000021           -0.956295           -0.000000           -0.292403            0.051849            0.956295            0.000000            0.292403
            0.012183            0.000021           -0.947188           -0.000000           -0.320677            0.051849            0.947188            0.000000            0.320677
            0.012238            0.000021           -0.937246           -0.000000           -0.348669            0.051849            0.937246            0.000000            0.348669
            0.012293            0.000021           -0.926476           -0.000000           -0.376353            0.051849            0.926476            0.000000            0.376353
            0.012348            0.000021           -0.914889           -0.000000           -0.403705            0.051849            0.914889            0.000000            0.403705
            0.012402            0.000021           -0.902495           -0.000000           -0.430701            0.051849            0.902495            0.000000            0.430701
            0.012457            0.000021           -0.889304           -0.000000           -0.457317            0.051849            0.889304            0.000000            0.457317
            0.012512            0.000021           -0.875328           -0.000000           -0.483529            0.051849            0.875328            0.000000            0.483529
            0.012567            0.000021           -0.860580           -0.000000           -0.509315            0.051849            0.860580            0.000000            0.509315
            0.012621            0.000021           -0.845073           -0.000000           -0.534651            0.051849            0.845073            0.000000            0.534651
            0.012676            0.000021           -0.828820           -0.000000           -0.559515            0.051849            0.828820            0.000000            0.559515
            0.012731            0.000021           -0.811836           -0.000000           -0.583886            0.051849            0.811836            0.000000            0.583886
            0.012786            0.000021           -0.794135           -0.000000           -0.607741            0.051849            0.794135            0.000000            0.607741
            0.012841            0.000021           -0.775734           -0.000000           -0.631060            0.051849            0.775734            0.000000            0.631060
            0.012895            0.000021           -0.756648           -0.000000           -0.653822            0.051849            0.756648            0.000000            0.653822
            0.012977            0.000021           -0.726773           -0.000000           -0.686878            0.051849            0.726773            0.000000            0.686878
            0.013032            0.000021           -0.706051           -0.000000           -0.708161            0.051849            0.706051            0.000000            0.708161
            0.013087            0.000021           -0.684705           -0.000000           -0.728820            0.051849            0.684705            0.000000            0.728820
            0.013142            0.000021           -0.662756           -0.000000           -0.748835            0.051849            0.662756            0.000000            0.748835
            0.013196            0.000021           -0.640222           -0.000000           -0.768190            0.051849            0.640222            0.000000            0.768190
            0.013251            0.000021           -0.617123           -0.000000           -0.786867            0.051849            0.617123            0.000000            0.786867
            0.013306            0.000021           -0.593479           -0.000000           -0.804849            0.051849            0.593479            0.000000            0.804849
            0.013361            0.000021           -0.569312           -0.000000           -0.822122            0.051849            0.569312            0.000000            0.822122
            0.013415            0.000021           -0.544642           -0.000000           -0.838669            0.051849            0.544642            0.000000            0.838669
            0.013470            0.000021           -0.519492           -0.000000           -0.854476            0.051849            0.519492            0.000000            0.854476
            0.013525            0.000021           -0.493883           -0.000000           -0.869528            0.051849            0.493883            0.000000            0.869528
            0.013580            0.000021           -0.467838           -0.000000           -0.883814            0.051849            0.467838            0.000000            0.883814
            0.013634            0.000021           -0.441381           -0.000000           -0.897320            0.051849            0.441381            0.000000            0.897320
            0.013689            0.000021           -0.414534           -0.000000           -0.910034            0.051849            0.414534            0.000000            0.910034
            0.013744            0.000021           -0.387322           -0.000000           -0.921945            0.051849            0.387322            0.000000            0.921945
            0.013799            0.000021           -0.359768           -0.000000           -0.933042            0.051849            0.359768            0.000000            0.933042
            0.013826            0.000021           -0.345870           -0.000000           -0.938283            0.051849            0.345870            0.000000            0.938283
            0.013881            0.000021           -0.317848           -0.000000           -0.948142            0.051849            0.317848            0.000000            0.948142
            0.013936            0.000021           -0.289547           -0.000000           -0.957164            0.051849            0.289547            0.000000            0.957164
            0.013990            0.000021           -0.260989           -0.000000           -0.965342            0.051849            0.260989            0.000000            0.965342
            0.014045            0.000021           -0.232202           -0.000000           -0.972668            0.051849            0.232202            0.000000            0.972668
            0.014100            0.000021           -0.203209           -0.000000           -0.979135            0.051849            0.203209            0.000000            0.979135
            0.014155            0.000021           -0.174038           -0.000000           -0.984739            0.051849            0.174038            0.000000            0.984739
            0.014209            0.000021           -0.144712           -0.000000           -0.989474            0.051849            0.144712            0.000000            0.989474
            0.014264            0.000021           -0.115259           -0.000000           -0.993335            0.051849            0.115259            0.000000            0.993335
            0.014319            0.000021           -0.085705           -0.000000           -0.996321            0.051849            0.085705            0.000000            0.996321
            0.014374            0.000021           -0.056074           -0.000000           -0.998427            0.051849            0.056074            0.000000            0.998427
            0.014428            0.000021           -0.026394           -0.000000           -0.999652            0.051849            0.026394            0.000000            0.999652
            0.014483            0.000021            0.003309           -0.000000           -0.999995            0.051849           -0.003309            0.000000            0.999995
            0.014538            0.000021            0.033009           -0.000000           -0.999455            0.051849           -0.033009            0.000000            0.999455
            0.014593            0.000021            0.062680           -0.000000           -0.998034            0.051849           -0.062680            0.000000            0.998034
            0.014648            0.000021            0.092296           -0.000000           -0.995732            0.051849           -0.092296            0.000000            0.995732
            0.014702            0.000021            0.121830           -0.000000           -0.992551            0.051849           -0.121830            0.000000            0.992551
            0.014757            0.000021            0.151257           -0.000000           -0.988494            0.051849           -0.151257            0.000000            0.988494
            0.014812            0.000021            0.180550           -0.000000           -0.983566            0.051849           -0.180550            0.000000            0.983566
            0.014867            0.000021            0.209684           -0.000000           -0.977769            0.051849           -0.209684            0.000000            0.977769
            0.014921            0.000021            0.238633           -0.000000           -0.971110            0.051849           -0.238633            0.000000            0.971110
            0.014976            0.000021            0.267372           -0.000000           -0.963593            0.051849           -0.267372            0.000000            0.963593
            0.015031            0.000021            0.295874           -0.000000           -0.955227            0.051849           -0.295874            0.000000            0.955227
            0.015086            0.000021            0.324116           -0.000000           -0.946017            0.051849           -0.324116            0.000000            0.946017
            0.015140            0.000021            0.352071           -0.000000           -0.935973            0.051849           -0.352071            0.000000            0.935973
            0.015195            0.000021            0.379716           -0.000000           -0.925103            0.051849           -0.379716            0.000000            0.925103
            0.015250            0.000021            0.407026           -0.000000           -0.913417            0.051849           -0.407026            0.000000            0.913417
            0.015305            0.000021            0.433976           -0.000000           -0.900924            0.051849           -0.433976            0.000000            0.900924
            0.015359            0.000021            0.460544           -0.000000           -0.887637            0.051849           -0.460544            0.000000            0.887637
            0.015414            0.000021            0.486705           -0.000000           -0.873566            0.051849           -0.486705            0.000000            0.873566
            0.015469            0.000021            0.512437           -0.000000           -0.858725            0.051849           -0.512437            0.000000            0.858725
            0.015524            0.000021            0.537717           -0.000000           -0.843126            0.051849           -0.537717            0.000000            0.843126
            0.015578            0.000021            0.562522           -0.000000           -0.826782            0.051849           -0.562522            0.000000            0.826782
            0.015661            0.000021            0.598792           -0.000000           -0.800904            0.051849           -0.598792            0.000000            0.800904
            0.015715            0.000021            0.622316           -0.000000           -0.782766            0.051849           -0.622316            0.000000            0.782766
            0.015770            0.000021            0.645291           -0.000000           -0.763937            0.051849           -0.645291            0.000000            0.763937
            0.015825            0.000021            0.667697           -0.000000           -0.744433            0.051849           -0.667697            0.000000            0.744433
            0.015880            0.000021            0.689513           -0.000000           -0.724273            0.051849           -0.689513            0.000000            0.724273
            0.015934            0.000021            0.710721           -0.000000           -0.703474            0.051849           -0.710721            0.000000            0.703474
            0.015989            0.000021            0.731302           -0.000000           -0.682053            0.051849           -0.731302            0.000000            0.682053
            0.016044            0.000021            0.751238           -0.000000           -0.660032            0.051849           -0.751238            0.000000            0.660032
            0.016099            0.000021            0.770511           -0.000000           -0.637427            0.051849           -0.770511            0.000000            0.637427
            0.016153            0.000021            0.789103           -0.000000           -0.614260            0.051849           -0.789103            0.000000            0.614260
            0.016208            0.000021            0.807000           -0.000000           -0.590552            0.051849           -0.807000            0.000000            0.590552
            0.016263            0.000021            0.824184           -0.000000           -0.566322            0.051849           -0.824184            0.000000            0.566322
            0.016318            0.000021            0.840641           -0.000000           -0.541592            0.051849           -0.840641            0.000000            0.541592
            0.016372            0.000021            0.856357           -0.000000           -0.516384            0.051849           -0.856357            0.000000            0.516384
            0.016427            0.000021            0.871317           -0.000000           -0.490721            0.051849           -0.871317            0.000000            0.490721
            0.016482            0.000021            0.885508           -0.000000           -0.464625            0.051849           -0.885508            0.000000            0.464625
            0.016537            0.000021            0.898917           -0.000000           -0.438119            0.051849           -0.898917            0.000000            0.438119
            0.016591            0.000021            0.911533           -0.000000           -0.411226            0.051849           -0.911533            0.000000            0.411226
            0.016646            0.000021            0.923345           -0.000000           -0.383970            0.051849           -0.923345            0.000000            0.383970
            0.016701            0.000021            0.934343           -0.000000           -0.356376            0.051849           -0.934343            0.000000            0.356376
            0.016728            0.000021            0.939533           -0.000000           -0.342459            0.051849           -0.939533            0.000000            0.342459
            0.016783            0.000021            0.949290           -0.000000           -0.314402            0.051849           -0.949290            0.000000            0.314402
            0.016838            0.000021            0.958209           -0.000000           -0.286068            0.051849           -0.958209            0.000000            0.286068
            0.016893            0.000021            0.966283           -0.000000           -0.257481            0.051849           -0.966283            0.000000            0.257481
            0.016947            0.000021            0.973505           -0.000000           -0.228667            0.051849           -0.973505            0.000000            0.228667
            0.017002            0.000021            0.979867           -0.000000           -0.199651            0.051849           -0.979867            0.000000            0.199651
            0.017057            0.000021            0.985365           -0.000000           -0.170460            0.051849           -0.985365            0.000000            0.170460
            0.017112            0.000021            0.989993           -0.000000           -0.141117            0.051849           -0.989993            0.000000            0.141117
            0.017166            0.000021            0.993748           -0.000000           -0.111650            0.051849           -0.993748            0.000000            0.111650
            0.017221            0.000021            0.996625           -0.000000           -0.082085            0.051849           -0.996625            0.000000            0.082085
            0.017276            0.000021            0.998624           -0.000000           -0.052447            0.051849           -0.998624            0.000000            0.052447
            0.017331            0.000021            0.999741           -0.000000           -0.022763            0.051849           -0.999741            0.000000            0.022763
            0.017385            0.000021            0.999976            0.000000            0.006941            0.051849           -0.999976           -0.000000           -0.006941
            0.017440            0.000021            0.999329            0.000000            0.036639            0.051849           -0.999329           -0.000000           -0.036639
            0.017495            0.000021            0.997799            0.000000            0.066305            0.051849           -0.997799           -0.000000           -0.066305
            0.017550            0.000021            0.995390            0.000000            0.095912            0.051849           -0.995390           -0.000000           -0.095912
            0.017604            0.000021            0.992102            0.000000            0.125435            0.051849           -0.992102           -0.000000           -0.125435
            0.017659            0.000021            0.987939            0.000000            0.154847            0.051849           -0.987939           -0.000000           -0.154847
            0.017714            0.000021            0.982903            0.000000            0.184122            0.051849           -0.982903           -0.000000           -0.184122
            0.017769            0.000021            0.977001            0.000000            0.213235            0.051849           -0.977001           -0.000000           -0.213235
            0.017823            0.000021            0.970236            0.000000            0.242159            0.051849           -0.970236           -0.000000           -0.242159
            0.017878            0.000021            0.962616            0.000000            0.270870            0.051849           -0.962616           -0.000000           -0.270870
            0.017933            0.000021            0.954146            0.000000            0.299342            0.051849           -0.954146           -0.000000           -0.299342
            0.017988            0.000021            0.944834            0.000000            0.327550            0.051849           -0.944834           -0.000000           -0.327550
            0.018042            0.000021            0.934688            0.000000            0.355469            0.051849           -0.934688           -0.000000           -0.355469
            0.018097            0.000021            0.923718            0.000000            0.383074            0.051849           -0.923718           -0.000000           -0.383074
            0.018152            0.000021            0.911932            0.000000            0.410341            0.051849           -0.911932           -0.000000           -0.410341
            0.018207            0.000021            0.899342            0.000000            0.437246            0.051849           -0.899342           -0.000000           -0.437246
            0.018261            0.000021            0.885958            0.000000            0.463765            0.051849           -0.885958           -0.000000           -0.463765
            0.018316            0.000021            0.871793            0.000000            0.489875            0.051849           -0.871793           -0.000000           -0.489875
            0.018371            0.000021            0.856858            0.000000            0.515553            0.051849           -0.856858           -0.000000           -0.515553
            0.018426            0.000021            0.841167            0.000000            0.540776            0.051849           -0.841167           -0.000000           -0.540776
            0.018480            0.000021            0.824734            0.000000            0.565521            0.051849           -0.824734           -0.000000           -0.565521
            0.018535            0.000021            0.807573            0.000000            0.589768            0.051849           -0.807573           -0.000000           -0.589768
            0.018590            0.000021            0.789699            0.000000            0.613494            0.051849           -0.789699           -0.000000           -0.613494
            0.018645            0.000021            0.771129            0.000000            0.636679            0.051849           -0.771129           -0.000000           -0.636679
            0.018700            0.000021            0.751878            0.000000            0.659302            0.051849           -0.751878           -0.000000           -0.659302
            0.018754            0.000021            0.731964            0.000000            0.681343            0.051849           -0.731964           -0.000000           -0.681343
            0.018809            0.000021            0.711404            0.000000            0.702783            0.051849           -0.711404           -0.000000           -0.702783
            0.018864            0.000021            0.690216            0.000000            0.723603            0.051849           -0.690216           -0.000000           -0.723603
            0.018919            0.000021            0.668419            0.000000            0.743785            0.051849           -0.668419           -0.000000           -0.743785
            0.018973            0.000021            0.646033            0.000000            0.763310            0.051849           -0.646033           -0.000000           -0.763310
            0.019028            0.000021            0.623076            0.000000            0.782161            0.051849           -0.623076           -0.000000           -0.782161
            0.019083            0.000021            0.599569            0.000000            0.800323            0.051849           -0.599569           -0.000000           -0.800323
            0.019138            0.000021            0.575534            0.000000            0.817778            0.051849           -0.575534           -0.000000           -0.817778
            0.019192            0.000021            0.550990            0.000000            0.834512            0.051849           -0.550990           -0.000000           -0.834512
            0.019247            0.000021            0.525961            0.000000            0.850509            0.051849           -0.525961           -0.000000           -0.850509
            0.019302            0.000021            0.500467            0.000000            0.865756            0.051849           -0.500467           -0.000000           -0.865756
            0.019357            0.000021            0.474532            0.000000            0.880238            0.051849           -0.474532           -0.000000           -0.880238
            0.019411            0.000021            0.448178            0.000000            0.893945            0.051849           -0.448178           -0.000000           -0.893945
            0.019466            0.000021            0.421428            0.000000            0.906862            0.051849           -0.421428           -0.000000           -0.906862
            0.019521            0.000021            0.394307            0.000000            0.918979            0.051849           -0.394307           -0.000000           -0.918979
            0.019576            0.000021            0.366837            0.000000            0.930285            0.051849           -0.366837           -0.000000           -0.930285
            0.019630            0.000021            0.339044            0.000000            0.940770            0.051849           -0.339044           -0.000000           -0.940770
            0.019685            0.000021            0.310952            0.000000            0.950426            0.051849           -0.310952           -0.000000           -0.950426
            0.019740            0.000021            0.282586            0.000000            0.959242            0.051849           -0.282586           -0.000000           -0.959242
            0.019795            0.000021            0.253970            0.000000            0.967212            0.051849           -0.253970           -0.000000           -0.967212
            0.019849            0.000021            0.225130            0.000000            0.974329            0.051849           -0.225130           -0.000000           -0.974329
            0.019904            0.000021            0.196091            0.000000            0.980586            0.051849           -0.196091           -0.000000           -0.980586
            0.019959            0.000021            0.166879            0.000000            0.985977            0.051849           -0.166879           -0.000000           -0.985977
            0.020014            0.000021            0.137520            0.000000            0.990499            0.051849           -0.137520           -0.000000           -0.990499
            0.020068            0.000021            0.108040            0.000000            0.994147            0.051849           -0.108040           -0.000000           -0.994147
            0.020123            0.000021            0.078464            0.000000            0.996917            0.051849           -0.078464           -0.000000           -0.996917
            0.020178            0.000021            0.048819            0.000000            0.998808            0.051849           -0.048819           -0.000000           -0.998808
            0.020233            0.000021            0.019131            0.000000            0.999817            0.051849           -0.019131           -0.000000           -0.999817
            0.020287            0.000021           -0.010573            0.000000            0.999944            0.051849            0.010573           -0.000000           -0.999944
            0.020342            0.000021           -0.040269            0.000000            0.999189            0.051849            0.040269           -0.000000           -0.999189
            0.020397            0.000021           -0.069929            0.000000            0.997552            0.051849            0.069929           -0.000000           -0.997552
            0.020452            0.000021           -0.099527            0.000000            0.995035            0.051849            0.099527           -0.000000           -0.995035
            0.020507            0.000021           -0.129038            0.000000            0.991640            0.051849            0.129038           -0.000000           -0.991640
            0.020561            0.000021           -0.158434            0.000000            0.987370            0.051849            0.158434           -0.000000           -0.987370
            0.020616            0.000021           -0.187691            0.000000            0.982228            0.051849            0.187691           -0.000000           -0.982228
            0.020671            0.000021           -0.216782            0.000000            0.976220            0.051849            0.216782           -0.000000           -0.976220
            0.020726            0.000021           -0.245682            0.000000            0.969350            0.051849            0.245682           -0.000000           -0.969350
            0.020780            0.000021           -0.274365            0.000000            0.961626            0.051849            0.274365           -0.000000           -0.961626
            0.020835            0.000021           -0.302806            0.000000            0.953052            0.051849            0.302806           -0.000000           -0.953052
            0.020890            0.000021           -0.330980            0.000000            0.943638            0.051849            0.330980           -0.000000           -0.943638
            0.020945            0.000021           -0.358862            0.000000            0.933391            0.051849            0.358862           -0.000000           -0.933391
            0.020999            0.000021           -0.386427            0.000000            0.922320            0.051849            0.386427           -0.000000           -0.922320
            0.021054            0.000021           -0.413651            0.000000            0.910436            0.051849            0.413651           -0.000000           -0.910436
            0.021109            0.000021           -0.440510            0.000000            0.897748            0.051849            0.440510           -0.000000           -0.897748
            0.021164            0.000021           -0.466980            0.000000            0.884268            0.051849            0.466980           -0.000000           -0.884268
            0.021218            0.000021           -0.493039            0.000000            0.870007            0.051849            0.493039           -0.000000           -0.870007
            0.021273            0.000021           -0.518662            0.000000            0.854979            0.051849            0.518662           -0.000000           -0.854979
            0.021355            0.000021           -0.556232            0.000000            0.831027            0.051849            0.556232           -0.000000           -0.831027
            0.021410            0.000021           -0.580669            0.000000            0.814139            0.051849            0.580669           -0.000000           -0.814139
            0.021465            0.000021           -0.604595            0.000000            0.796533            0.051849            0.604595           -0.000000           -0.796533
            0.021520            0.000021           -0.627986            0.000000            0.778224            0.051849            0.627986           -0.000000           -0.778224
            0.021574            0.000021           -0.650824            0.000000            0.759229            0.051849            0.650824           -0.000000           -0.759229
            0.021629            0.000021           -0.673087            0.000000            0.739563            0.051849            0.673087           -0.000000           -0.739563
            0.021684            0.000021           -0.694757            0.000000            0.719245            0.051849            0.694757           -0.000000           -0.719245
            0.021739            0.000021           -0.715813            0.000000            0.698292            0.051849            0.715813           -0.000000           -0.698292
            0.021793            0.000021           -0.736238            0.000000            0.676723            0.051849            0.736238           -0.000000           -0.676723
            0.021848            0.000021           -0.756013            0.000000            0.654557            0.051849            0.756013           -0.000000           -0.654557
            0.021903            0.000021           -0.775121            0.000000            0.631813            0.051849            0.775121           -0.000000           -0.631813
            0.021958            0.000021           -0.793545            0.000000            0.608512            0.051849            0.793545           -0.000000           -0.608512
            0.022012            0.000021           -0.811269            0.000000            0.584673            0.051849            0.811269           -0.000000           -0.584673
            0.022067            0.000021           -0.828277            0.000000            0.560319            0.051849            0.828277           -0.000000           -0.560319
            0.022122            0.000021           -0.844554            0.000000            0.535471            0.051849            0.844554           -0.000000           -0.535471
            0.022177            0.000021           -0.860086            0.000000            0.510150            0.051849            0.860086           -0.000000           -0.510150
            0.022231            0.000021           -0.874859            0.000000            0.484378            0.051849            0.874859           -0.000000           -0.484378
            0.022286            0.000021           -0.888860            0.000000            0.458180            0.051849            0.888860           -0.000000           -0.458180
            0.022341            0.000021           -0.902076            0.000000            0.431577            0.051849            0.902076           -0.000000           -0.431577
            0.022396            0.000021           -0.914497            0.000000            0.404593            0.051849            0.914497           -0.000000           -0.404593
            0.022450            0.000021           -0.926110            0.000000            0.377252            0.051849            0.926110           -0.000000           -0.377252
            0.022505            0.000021           -0.936907            0.000000            0.349579            0.051849            0.936907           -0.000000           -0.349579
            0.022533            0.000021           -0.941996            0.000000            0.335625            0.051849            0.941996           -0.000000           -0.335625
            0.022587            0.000021           -0.951549            0.000000            0.307498            0.051849            0.951549           -0.000000           -0.307498
            0.022642            0.000021           -0.960262            0.000000            0.279099            0.051849            0.960262           -0.000000           -0.279099
            0.022697            0.000021           -0.968128            0.000000            0.250455            0.051849            0.968128           -0.000000           -0.250455
            0.022752            0.000021           -0.975140            0.000000            0.221589            0.051849            0.975140           -0.000000           -0.221589
            0.022806            0.000021           -0.981292            0.000000            0.192528            0.051849            0.981292           -0.000000           -0.192528
            0.022861            0.000021           -0.986577            0.000000            0.163297            0.051849            0.986577           -0.000000           -0.163297
            0.022916            0.000021           -0.990992            0.000000            0.133921            0.051849            0.990992           -0.000000           -0.133921
            0.022971            0.000021           -0.994532            0.000000            0.104428            0.051849            0.994532           -0.000000           -0.104428
            0.023025            0.000021           -0.997195            0.000000            0.074843            0.051849            0.997195           -0.000000           -0.074843
            0.023080            0.000021           -0.998978            0.000000            0.045191            0.051849            0.998978           -0.000000           -0.045191
            0.023135            0.000021           -0.999880            0.000000            0.015500            0.051849            0.999880           -0.000000           -0.015500
            0.023190            0.000021           -0.999899           -0.000000           -0.014205            0.051849            0.999899            0.000000            0.014205
            0.023244            0.000021           -0.999036           -0.000000           -0.043898            0.051849            0.999036            0.000000            0.043898
            0.023299            0.000021           -0.997291           -0.000000           -0.073552            0.051849            0.997291            0.000000            0.073552
            0.023354            0.000021           -0.994667           -0.000000           -0.103141            0.051849            0.994667            0.000000            0.103141
            0.023409            0.000021           -0.991164           -0.000000           -0.132639            0.051849            0.991164            0.000000            0.132639
            0.023463            0.000021           -0.986788           -0.000000           -0.162020            0.051849            0.986788            0.000000            0.162020
            0.023518            0.000021           -0.981540           -0.000000           -0.191258            0.051849            0.981540            0.000000            0.191258
            0.023573            0.000021           -0.975426           -0.000000           -0.220327            0.051849            0.975426            0.000000            0.220327
            0.023628            0.000021           -0.968452           -0.000000           -0.249201            0.051849            0.968452            0.000000            0.249201
            0.023682            0.000021           -0.960623           -0.000000           -0.277856            0.051849            0.960623            0.000000            0.277856
            0.023737            0.000021           -0.951946           -0.000000           -0.306266            0.051849            0.951946            0.000000            0.306266
            0.023792            0.000021           -0.942429           -0.000000           -0.334405            0.051849            0.942429            0.000000            0.334405
            0.023847            0.000021           -0.932081           -0.000000           -0.362250            0.051849            0.932081            0.000000            0.362250
            0.023901            0.000021           -0.920910           -0.000000           -0.389774            0.051849            0.920910            0.000000            0.389774
            0.023956            0.000021           -0.908927           -0.000000           -0.416955            0.051849            0.908927            0.000000            0.416955
            0.024011            0.000021           -0.896142           -0.000000           -0.443768            0.051849            0.896142            0.000000            0.443768
            0.024066            0.000021           -0.882566           -0.000000           -0.470189            0.051849            0.882566            0.000000            0.470189
            0.024120            0.000021           -0.868211           -0.000000           -0.496196            0.051849            0.868211            0.000000            0.496196
            0.024175            0.000021           -0.853090           -0.000000           -0.521764            0.051849            0.853090            0.000000            0.521764
            0.024230            0.000021           -0.837216           -0.000000           -0.546872            0.051849            0.837216            0.000000            0.546872
            0.024285            0.000021           -0.820604           -0.000000           -0.571498            0.051849            0.820604            0.000000            0.571498
            0.024339            0.000021           -0.803267           -0.000000           -0.595619            0.051849            0.803267            0.000000            0.595619
            0.024394            0.000021           -0.785222           -0.000000           -0.619215            0.051849            0.785222            0.000000            0.619215
            0.024449            0.000021           -0.766483           -0.000000           -0.642264            0.051849            0.766483            0.000000            0.642264
            0.024504            0.000021           -0.747069           -0.000000           -0.664747            0.051849            0.747069            0.000000            0.664747
            0.024559            0.000021           -0.726995           -0.000000           -0.686643            0.051849            0.726995            0.000000            0.686643
            0.024613            0.000021           -0.706280           -0.000000           -0.707933            0.051849            0.706280            0.000000            0.707933
            0.024668            0.000021           -0.684941           -0.000000           -0.728598            0.051849            0.684941            0.000000            0.728598
            0.024723            0.000021           -0.662998           -0.000000           -0.748621            0.051849            0.662998            0.000000            0.748621
            0.024778            0.000021           -0.640470           -0.000000           -0.767983            0.051849            0.640470            0.000000            0.767983
            0.024832            0.000021           -0.617377           -0.000000           -0.786667            0.051849            0.617377            0.000000            0.786667
            0.024887            0.000021           -0.593739           -0.000000           -0.804657            0.051849            0.593739            0.000000            0.804657
            0.024942            0.000021           -0.569578           -0.000000           -0.821938            0.051849            0.569578            0.000000            0.821938
            0.024997            0.000021           -0.544913           -0.000000           -0.838492            0.051849            0.544913            0.000000            0.838492
            0.025051            0.000021           -0.519768           -0.000000           -0.854307            0.051849            0.519768            0.000000            0.854307
            0.025106            0.000021           -0.494164           -0.000000           -0.869369            0.051849            0.494164            0.000000            0.869369
            0.025161            0.000021           -0.468124           -0.000000           -0.883663            0.051849            0.468124            0.000000            0.883663
            0.025216            0.000021           -0.441671           -0.000000           -0.897177            0.051849            0.441671            0.000000            0.897177
            0.025270            0.000021           -0.414829           -0.000000           -0.909899            0.051849            0.414829            0.000000            0.909899
            0.025325            0.000021           -0.387620           -0.000000           -0.921819            0.051849            0.387620            0.000000            0.921819
            0.025380            0.000021           -0.360069           -0.000000           -0.932926            0.051849            0.360069            0.000000            0.932926
            0.025435            0.000021           -0.332201           -0.000000           -0.943209            0.051849            0.332201            0.000000            0.943209
            0.025489            0.000021           -0.304039           -0.000000           -0.952659            0.051849            0.304039            0.000000            0.952659
            0.025544            0.000021           -0.275609           -0.000000           -0.961270            0.051849            0.275609            0.000000            0.961270
            0.025599            0.000021           -0.246936           -0.000000           -0.969032            0.051849            0.246936            0.000000            0.969032
            0.025654            0.000021           -0.218045           -0.000000           -0.975939            0.051849            0.218045            0.000000            0.975939
            0.025708            0.000021           -0.188962           -0.000000           -0.981984            0.051849            0.188962            0.000000            0.981984
            0.025763            0.000021           -0.159712           -0.000000           -0.987164            0.051849            0.159712            0.000000            0.987164
            0.025818            0.000021           -0.130321           -0.000000           -0.991472            0.051849            0.130321            0.000000            0.991472
            0.025873            0.000021           -0.100815           -0.000000           -0.994905            0.051849            0.100815            0.000000            0.994905
            0.025927            0.000021           -0.071220           -0.000000           -0.997461            0.051849            0.071220            0.000000            0.997461
            0.025982            0.000021           -0.041562           -0.000000           -0.999136            0.051849            0.041562            0.000000            0.999136
            0.026037            0.000021           -0.011868           -0.000000           -0.999930            0.051849            0.011868            0.000000            0.999930
            0.026092            0.000021            0.017837           -0.000000           -0.999841            0.051849           -0.017837            0.000000            0.999841
            0.026146            0.000021            0.047527           -0.000000           -0.998870            0.051849           -0.047527            0.000000            0.998870
            0.026201            0.000021            0.077174           -0.000000           -0.997018            0.051849           -0.077174            0.000000            0.997018
            0.026256            0.000021            0.106753           -0.000000           -0.994286            0.051849           -0.106753            0.000000            0.994286
            0.026311            0.000021            0.136238           -0.000000           -0.990676            0.051849           -0.136238            0.000000            0.990676
            0.026366            0.000021            0.165603           -0.000000           -0.986193            0.051849           -0.165603            0.000000            0.986193
            0.026420            0.000021            0.194822           -0.000000           -0.980839            0.051849           -0.194822            0.000000            0.980839
            0.026475            0.000021            0.223868           -0.000000           -0.974619            0.051849           -0.223868            0.000000            0.974619
            0.026530            0.000021            0.252718           -0.000000           -0.967540            0.051849           -0.252718            0.000000            0.967540
            0.026585            0.000021            0.281344           -0.000000           -0.959607            0.051849           -0.281344            0.000000            0.959607
            0.026639            0.000021            0.309722           -0.000000           -0.950827            0.051849           -0.309722            0.000000            0.950827
            0.026694            0.000021            0.337826           -0.000000           -0.941208            0.051849           -0.337826            0.000000            0.941208
            0.026749            0.000021            0.365633           -0.000000           -0.930759            0.051849           -0.365633            0.000000            0.930759
            0.026804            0.000021            0.393117           -0.000000           -0.919488            0.051849           -0.393117            0.000000            0.919488
            0.026858            0.000021            0.420254           -0.000000           -0.907407            0.051849           -0.420254            0.000000            0.907407
            0.026913            0.000021            0.447020           -0.000000           -0.894524            0.051849           -0.447020            0.000000            0.894524
            0.026968            0.000021            0.473392           -0.000000           -0.880852            0.051849           -0.473392            0.000000            0.880852
            0.027023            0.000021            0.499346           -0.000000           -0.866403            0.051849           -0.499346            0.000000            0.866403
            0.027077            0.000021            0.524859           -0.000000           -0.851189            0.051849           -0.524859            0.000000            0.851189
            0.027132            0.000021            0.549910           -0.000000           -0.835224            0.051849           -0.549910            0.000000            0.835224
            0.027187            0.000021            0.574475           -0.000000           -0.818522            0.051849           -0.574475            0.000000            0.818522
            0.027242            0.000021            0.598533           -0.000000           -0.801098            0.051849           -0.598533            0.000000            0.801098
            0.027296            0.000021            0.622063           -0.000000           -0.782967            0.051849           -0.622063            0.000000            0.782967
            0.027351            0.000021            0.645044           -0.000000           -0.764145            0.051849           -0.645044            0.000000            0.764145
            0.027406            0.000021            0.667456           -0.000000           -0.744649            0.051849           -0.667456            0.000000            0.744649
            0.027461            0.000021            0.689279           -0.000000           -0.724496            0.051849           -0.689279            0.000000            0.724496
            0.027515            0.000021            0.710494           -0.000000           -0.703704            0.051849           -0.710494            0.000000            0.703704
            0.027570            0.000021            0.731082           -0.000000           -0.682290            0.051849           -0.731082            0.000000            0.682290
            0.027625            0.000021            0.751024           -0.000000           -0.660275            0.051849           -0.751024            0.000000            0.660275
            0.027680            0.000021            0.770304           -0.000000           -0.637676            0.051849           -0.770304            0.000000            0.637676
            0.027734            0.000021            0.788905           -0.000000           -0.614516            0.051849           -0.788905            0.000000            0.614516
            0.027789            0.000021            0.806809           -0.000000           -0.590813            0.051849           -0.806809            0.000000            0.590813
            0.027844            0.000021            0.824001           -0.000000           -0.566588            0.051849           -0.824001            0.000000            0.566588
            0.027899            0.000021            0.840466           -0.000000           -0.541864            0.051849           -0.840466            0.000000            0.541864
            0.027953            0.000021            0.856190           -0.000000           -0.516662            0.051849           -0.856190            0.000000            0.516662
            0.028008            0.000021            0.871158           -0.000000           -0.491003            0.051849           -0.871158            0.000000            0.491003
            0.028063            0.000021            0.885357           -0.000000           -0.464912            0.051849           -0.885357            0.000000            0.464912
            0.028118            0.000021            0.898775           -0.000000           -0.438410            0.051849           -0.898775            0.000000            0.438410
            0.028172            0.000021            0.911400           -0.000000           -0.411521            0.051849           -0.911400            0.000000            0.411521
            0.028227            0.000021            0.923221           -0.000000           -0.384269            0.051849           -0.923221            0.000000            0.384269
            0.028282            0.000021            0.934227           -0.000000           -0.356678            0.051849           -0.934227            0.000000            0.356678
            0.028337            0.000021            0.944409           -0.000000           -0.328773            0.051849           -0.944409            0.000000            0.328773
            0.028392            0.000021            0.953758           -0.000000           -0.300577            0.051849           -0.953758            0.000000            0.300577
            0.028446            0.000021            0.962264           -0.000000           -0.272116            0.051849           -0.962264            0.000000            0.272116
            0.028501            0.000021            0.969922           -0.000000           -0.243415            0.051849           -0.969922            0.000000            0.243415
            0.028556            0.000021            0.976724           -0.000000           -0.214499            0.051849           -0.976724            0.000000            0.214499
            0.028611            0.000021            0.982664           -0.000000           -0.185394            0.051849           -0.982664            0.000000            0.185394
            0.028665            0.000021            0.987737           -0.000000           -0.156125            0.051849           -0.987737            0.000000            0.156125
            0.028720            0.000021            0.991939           -0.000000           -0.126719            0.051849           -0.991939            0.000000            0.126719
            0.028775            0.000021            0.995265           -0.000000           -0.097200            0.051849           -0.995265            0.000000            0.097200
            0.028830            0.000021            0.997713           -0.000000           -0.067596            0.051849           -0.997713            0.000000            0.067596
            0.028884            0.000021            0.999280           -0.000000           -0.037933            0.051849           -0.999280            0.000000            0.037933
            0.028939            0.000021            0.999966           -0.000000           -0.008235            0.051849           -0.999966            0.000000            0.008235
            0.028994            0.000021            0.999770            0.000000            0.021469            0.051849           -0.999770           -0.000000           -0.021469
            0.029049            0.000021            0.998691            0.000000            0.051155            0.051849           -0.998691           -0.000000           -0.051155
            0.029103            0.000021            0.996731            0.000000            0.080795            0.051849           -0.996731           -0.000000           -0.080795
            0.029158            0.000021            0.993891            0.000000            0.110364            0.051849           -0.993891           -0.000000           -0.110364
            0.029213            0.000021            0.990175            0.000000            0.139836            0.051849           -0.990175           -0.000000           -0.139836
            0.029268            0.000021            0.985584            0.000000            0.169184            0.051849           -0.985584           -0.000000           -0.169184
            0.029322            0.000021            0.980125            0.000000            0.198383            0.051849           -0.980125           -0.000000           -0.198383
            0.029377            0.000021            0.973800            0.000000            0.227407            0.051849           -0.973800           -0.000000           -0.227407
            0.029432            0.000021            0.966616            0.000000            0.256230            0.051849           -0.966616           -0.000000           -0.256230
            0.029487            0.000021            0.958579            0.000000            0.284828            0.051849           -0.958579           -0.000000           -0.284828
            0.029541            0.000021            0.949696            0.000000            0.313173            0.051849           -0.949696           -0.000000           -0.313173
            0.029596            0.000021            0.939975            0.000000            0.341243            0.051849           -0.939975           -0.000000           -0.341243
            0.029651            0.000021            0.929425            0.000000            0.369011            0.051849           -0.929425           -0.000000           -0.369011
            0.029706            0.000021            0.918054            0.000000            0.396454            0.051849           -0.918054           -0.000000           -0.396454
            0.029760            0.000021            0.905874            0.000000            0.423547            0.051849           -0.905874           -0.000000           -0.423547
            0.029815            0.000021            0.892894            0.000000            0.450266            0.051849           -0.892894           -0.000000           -0.450266
            0.029870            0.000021            0.879127            0.000000            0.476588            0.051849           -0.879127           -0.000000           -0.476588
            0.029952            0.000021            0.857024            0.000000            0.515276            0.051849           -0.857024           -0.000000           -0.515276
            0.030007            0.000021            0.841342            0.000000            0.540504            0.051849           -0.841342           -0.000000           -0.540504
            0.030062            0.000021            0.824917            0.000000            0.565254            0.051849           -0.824917           -0.000000           -0.565254
            0.030116            0.000021            0.807764            0.000000            0.589507            0.051849           -0.807764           -0.000000           -0.589507
            0.030171            0.000021            0.789898            0.000000            0.613239            0.051849           -0.789898           -0.000000           -0.613239
            0.030226            0.000021            0.771335            0.000000            0.636429            0.051849           -0.771335           -0.000000           -0.636429
            0.030281            0.000021            0.752092            0.000000            0.659059            0.051849           -0.752092           -0.000000           -0.659059
            0.030335            0.000021            0.732184            0.000000            0.681106            0.051849           -0.732184           -0.000000           -0.681106
            0.030390            0.000021            0.711631            0.000000            0.702553            0.051849           -0.711631           -0.000000           -0.702553
            0.030445            0.000021            0.690450            0.000000            0.723380            0.051849           -0.690450           -0.000000           -0.723380
            0.030500            0.000021            0.668660            0.000000            0.743568            0.051849           -0.668660           -0.000000           -0.743568
            0.030554            0.000021            0.646280            0.000000            0.763101            0.051849           -0.646280           -0.000000           -0.763101
            0.030609            0.000021            0.623329            0.000000            0.781960            0.051849           -0.623329           -0.000000           -0.781960
            0.030664            0.000021            0.599828            0.000000            0.800129            0.051849           -0.599828           -0.000000           -0.800129
            0.030719            0.000021            0.575798            0.000000            0.817592            0.051849           -0.575798           -0.000000           -0.817592
            0.030773            0.000021            0.551260            0.000000            0.834333            0.051849           -0.551260           -0.000000           -0.834333
            0.030828            0.000021            0.526236            0.000000            0.850339            0.051849           -0.526236           -0.000000           -0.850339
            0.030883            0.000021            0.500747            0.000000            0.865594            0.051849           -0.500747           -0.000000           -0.865594
            0.030938            0.000021            0.474816            0.000000            0.880085            0.051849           -0.474816           -0.000000           -0.880085
            0.030992            0.000021            0.448467            0.000000            0.893800            0.051849           -0.448467           -0.000000           -0.893800
            0.031047            0.000021            0.421721            0.000000            0.906725            0.051849           -0.421721           -0.000000           -0.906725
            0.031102            0.000021            0.394604            0.000000            0.918851            0.051849           -0.394604           -0.000000           -0.918851
            0.031129            0.000021            0.380913            0.000000            0.924611            0.051849           -0.380913           -0.000000           -0.924611
            0.031184            0.000021            0.353282            0.000000            0.935517            0.051849           -0.353282           -0.000000           -0.935517
            0.031239            0.000021            0.325340            0.000000            0.945597            0.051849           -0.325340           -0.000000           -0.945597
            0.031294            0.000021            0.297111            0.000000            0.954843            0.051849           -0.297111           -0.000000           -0.954843
            0.031348            0.000021            0.268619            0.000000            0.963247            0.051849           -0.268619           -0.000000           -0.963247
            0.031403            0.000021            0.239890            0.000000            0.970800            0.051849           -0.239890           -0.000000           -0.970800
            0.031458            0.000021            0.210950            0.000000            0.977497            0.051849           -0.210950           -0.000000           -0.977497
            0.031513            0.000021            0.181823            0.000000            0.983331            0.051849           -0.181823           -0.000000           -0.983331
            0.031567            0.000021            0.152536            0.000000            0.988298            0.051849           -0.152536           -0.000000           -0.988298
            0.031622            0.000021            0.123115            0.000000            0.992392            0.051849           -0.123115           -0.000000           -0.992392
            0.031677            0.000021            0.093585            0.000000            0.995611            0.051849           -0.093585           -0.000000           -0.995611
            0.031732            0.000021            0.063972            0.000000            0.997952            0.051849           -0.063972           -0.000000           -0.997952
            0.031786            0.000021            0.034303            0.000000            0.999411            0.051849           -0.034303           -0.000000           -0.999411
            0.031841            0.000021            0.004603            0.000000            0.999989            0.051849           -0.004603           -0.000000           -0.999989
            0.031896            0.000021           -0.025100            0.000000            0.999685            0.051849            0.025100           -0.000000           -0.999685
            0.031951            0.000021           -0.054782            0.000000            0.998498            0.051849            0.054782           -0.000000           -0.998498
            0.032005            0.000021           -0.084415            0.000000            0.996431            0.051849            0.084415           -0.000000           -0.996431
            0.032060            0.000021           -0.113974            0.000000            0.993484            0.051849            0.113974           -0.000000           -0.993484
            0.032115            0.000021           -0.143432            0.000000            0.989660            0.051849            0.143432           -0.000000           -0.989660
            0.032170            0.000021           -0.172763            0.000000            0.984963            0.051849            0.172763           -0.000000           -0.984963
            0.032225            0.000021           -0.201942            0.000000            0.979397            0.051849            0.201942           -0.000000           -0.979397
            0.032279            0.000021           -0.230943            0.000000            0.972967            0.051849            0.230943           -0.000000           -0.972967
            0.032334            0.000021           -0.259740            0.000000            0.965679            0.051849            0.259740           -0.000000           -0.965679
            0.032389            0.000021           -0.288308            0.000000            0.957538            0.051849            0.288308           -0.000000           -0.957538
            0.032444            0.000021           -0.316621            0.000000            0.948552            0.051849            0.316621           -0.000000           -0.948552
            0.032498            0.000021           -0.344655            0.000000            0.938729            0.051849            0.344655           -0.000000           -0.938729
            0.032553            0.000021           -0.372385            0.000000            0.928078            0.051849            0.372385           -0.000000           -0.928078
            0.032608            0.000021           -0.399786            0.000000            0.916608            0.051849            0.399786           -0.000000           -0.916608
            0.032663            0.000021           -0.426835            0.000000            0.904330            0.051849            0.426835           -0.000000           -0.904330
            0.032717            0.000021           -0.453507            0.000000            0.891253            0.051849            0.453507           -0.000000           -0.891253
            0.032772            0.000021           -0.479779            0.000000            0.877390            0.051849            0.479779           -0.000000           -0.877390
            0.032827            0.000021           -0.505627            0.000000            0.862752            0.051849            0.505627           -0.000000           -0.862752
            0.032882            0.000021           -0.531029            0.000000            0.847353            0.051849            0.531029           -0.000000           -0.847353
            0.032936            0.000021           -0.555963            0.000000            0.831207            0.051849            0.555963           -0.000000           -0.831207
            0.032991            0.000021           -0.580406            0.000000            0.814327            0.051849            0.580406           -0.000000           -0.814327
            0.033046            0.000021           -0.604337            0.000000            0.796729            0.051849            0.604337           -0.000000           -0.796729
            0.033101            0.000021           -0.627735            0.000000            0.778427            0.051849            0.627735           -0.000000           -0.778427
            0.033183            0.000021           -0.661786            0.000000            0.749693            0.051849            0.661786           -0.000000           -0.749693
            0.033238            0.000021           -0.683761            0.000000            0.729706            0.051849            0.683761           -0.000000           -0.729706
            0.033292            0.000021           -0.705133            0.000000            0.709075            0.051849            0.705133           -0.000000           -0.709075
            0.033347            0.000021           -0.725883            0.000000            0.687818            0.051849            0.725883           -0.000000           -0.687818
            0.033402            0.000021           -0.745992            0.000000            0.665955            0.051849            0.745992           -0.000000           -0.665955
            0.033457            0.000021           -0.765443            0.000000            0.643503            0.051849            0.765443           -0.000000           -0.643503
            0.033511            0.000021           -0.784219            0.000000            0.620484            0.051849            0.784219           -0.000000           -0.620484
            0.033566            0.000021           -0.802302            0.000000            0.596918            0.051849            0.802302           -0.000000           -0.596918
            0.033621            0.000021           -0.819678            0.000000            0.572825            0.051849            0.819678           -0.000000           -0.572825
            0.033676            0.000021           -0.836330            0.000000            0.548226            0.051849            0.836330           -0.000000           -0.548226
            0.033730            0.000021           -0.852245            0.000000            0.523144            0.051849            0.852245           -0.000000           -0.523144
            0.033785            0.000021           -0.867407            0.000000            0.497600            0.051849            0.867407           -0.000000           -0.497600
            0.033840            0.000021           -0.881804            0.000000            0.471616            0.051849            0.881804           -0.000000           -0.471616
            0.033895            0.000021           -0.895423            0.000000            0.445217            0.051849            0.895423           -0.000000           -0.445217
            0.033949            0.000021           -0.908251            0.000000            0.418425            0.051849            0.908251           -0.000000           -0.418425
            0.034004            0.000021           -0.920279            0.000000            0.391264            0.051849            0.920279           -0.000000           -0.391264
            0.034059            0.000021           -0.931494            0.000000            0.363757            0.051849            0.931494           -0.000000           -0.363757
            0.034086            0.000021           -0.936794            0.000000            0.349882            0.051849            0.936794           -0.000000           -0.349882
            0.034141            0.000021           -0.946773            0.000000            0.321903            0.051849            0.946773           -0.000000           -0.321903
            0.034196            0.000021           -0.955916            0.000000            0.293640            0.051849            0.955916           -0.000000           -0.293640
            0.034251            0.000021           -0.964216            0.000000            0.265118            0.051849            0.964216           -0.000000           -0.265118
            0.034305            0.000021           -0.971665            0.000000            0.236362            0.051849            0.971665           -0.000000           -0.236362
            0.034360            0.000021           -0.978257            0.000000            0.207398            0.051849            0.978257           -0.000000           -0.207398
            0.034415            0.000021           -0.983985            0.000000            0.178250            0.051849            0.983985           -0.000000           -0.178250
            0.034470            0.000021           -0.988845            0.000000            0.148945            0.051849            0.988845           -0.000000           -0.148945
            0.034524            0.000021           -0.992833            0.000000            0.119509            0.051849            0.992833           -0.000000           -0.119509
            0.034579            0.000021           -0.995945            0.000000            0.089967            0.051849            0.995945           -0.000000           -0.089967
            0.034634            0.000021           -0.998177            0.000000            0.060346            0.051849            0.998177           -0.000000           -0.060346
            0.034689            0.000021           -0.999530            0.000000            0.030672            0.051849            0.999530           -0.000000           -0.030672
            0.034743            0.000021           -1.000000            0.000000            0.000971            0.051849            1.000000           -0.000000           -0.000971
            0.034798            0.000021           -0.999587           -0.000000           -0.028732            0.051849            0.999587            0.000000            0.028732
            0.034853            0.000021           -0.998293           -0.000000           -0.058408            0.051849            0.998293            0.000000            0.058408
            0.034908            0.000021           -0.996117           -0.000000           -0.088034            0.051849            0.996117            0.000000            0.088034
            0.034962            0.000021           -0.993063           -0.000000           -0.117581            0.051849            0.993063            0.000000            0.117581
            0.035017            0.000021           -0.989133           -0.000000           -0.147025            0.051849            0.989133            0.000000            0.147025
            0.035072            0.000021           -0.984329           -0.000000           -0.176340            0.051849            0.984329            0.000000            0.176340
            0.035127            0.000021           -0.978657           -0.000000           -0.205498            0.051849            0.978657            0.000000            0.205498
            0.035181            0.000021           -0.972122           -0.000000           -0.234475            0.051849            0.972122            0.000000            0.234475
            0.035236            0.000021           -0.964729           -0.000000           -0.263246            0.051849            0.964729            0.000000            0.263246
            0.035291            0.000021           -0.956484           -0.000000           -0.291784            0.051849            0.956484            0.000000            0.291784
            0.035346            0.000021           -0.947396           -0.000000           -0.320064            0.051849            0.947396            0.000000            0.320064
            0.035400            0.000021           -0.937471           -0.000000           -0.348063            0.051849            0.937471            0.000000            0.348063
            0.035455            0.000021           -0.926720           -0.000000           -0.375754            0.051849            0.926720            0.000000            0.375754
            0.035510            0.000021           -0.915150           -0.000000           -0.403113            0.051849            0.915150            0.000000            0.403113
            0.035565            0.000021           -0.902773           -0.000000           -0.430117            0.051849            0.902773            0.000000            0.430117
            0.035619            0.000021           -0.889600           -0.000000           -0.456741            0.051849            0.889600            0.000000            0.456741
            0.035674            0.000021           -0.875641           -0.000000           -0.482962            0.051849            0.875641            0.000000            0.482962
            0.035729            0.000021           -0.860910           -0.000000           -0.508758            0.051849            0.860910            0.000000            0.508758
            0.035784            0.000021           -0.845419           -0.000000           -0.534104            0.051849            0.845419            0.000000            0.534104
            0.035838            0.000021           -0.829182           -0.000000           -0.558979            0.051849            0.829182            0.000000            0.558979
            0.035893            0.000021           -0.812214           -0.000000           -0.583360            0.051849            0.812214            0.000000            0.583360
            0.035948            0.000021           -0.794528           -0.000000           -0.607227            0.051849            0.794528            0.000000            0.607227
            0.036003            0.000021           -0.776142           -0.000000           -0.630558            0.051849            0.776142            0.000000            0.630558
            0.036057            0.000021           -0.757071           -0.000000           -0.653333            0.051849            0.757071            0.000000            0.653333
            0.036112            0.000021           -0.737332           -0.000000           -0.675531            0.051849            0.737332            0.000000            0.675531
            0.036167            0.000021           -0.716942           -0.000000           -0.697133            0.051849            0.716942            0.000000            0.697133
            0.036222            0.000021           -0.695920           -0.000000           -0.718120            0.051849            0.695920            0.000000            0.718120
            0.036277            0.000021           -0.674283           -0.000000           -0.738473            0.051849            0.674283            0.000000            0.738473
            0.036331            0.000021           -0.652052           -0.000000           -0.758175            0.051849            0.652052            0.000000            0.758175
            0.036386            0.000021           -0.629245           -0.000000           -0.777207            0.051849            0.629245            0.000000            0.777207
            0.036441            0.000021           -0.605883           -0.000000           -0.795554            0.051849            0.605883            0.000000            0.795554
            0.036496            0.000021           -0.581986           -0.000000           -0.813199            0.051849            0.581986            0.000000            0.813199
            0.036550            0.000021           -0.557576           -0.000000           -0.830126            0.051849            0.557576            0.000000            0.830126
            0.036605            0.000021           -0.532673           -0.000000           -0.846321            0.051849            0.532673            0.000000            0.846321
            0.036660            0.000021           -0.507301           -0.000000           -0.861769            0.051849            0.507301            0.000000            0.861769
            0.036715            0.000021           -0.481481           -0.000000           -0.876457            0.051849            0.481481            0.000000            0.876457
            0.036769            0.000021           -0.455236           -0.000000           -0.890371            0.051849            0.455236            0.000000            0.890371
            0.036824            0.000021           -0.428590           -0.000000           -0.903499            0.051849            0.428590            0.000000            0.903499
            0.036879            0.000021           -0.401565           -0.000000           -0.915830            0.051849            0.401565            0.000000            0.915830
            0.036934            0.000021           -0.374186           -0.000000           -0.927354            0.051849            0.374186            0.000000            0.927354
            0.036988            0.000021           -0.346477           -0.000000           -0.938059            0.051849            0.346477            0.000000            0.938059
            0.037043            0.000021           -0.318462           -0.000000           -0.947936            0.051849            0.318462            0.000000            0.947936
            0.037098            0.000021           -0.290166           -0.000000           -0.956976            0.051849            0.290166            0.000000            0.956976
            0.037153            0.000021           -0.261614           -0.000000           -0.965173            0.051849            0.261614            0.000000            0.965173
            0.037207            0.000021           -0.232831           -0.000000           -0.972517            0.051849            0.232831            0.000000            0.972517
            0.037262            0.000021           -0.203843           -0.000000           -0.979004            0.051849            0.203843            0.000000            0.979004
            0.037317            0.000021           -0.174675           -0.000000           -0.984626            0.051849            0.174675            0.000000            0.984626
            0.037372            0.000021           -0.145353           -0.000000           -0.989380            0.051849            0.145353            0.000000            0.989380
            0.037426            0.000021           -0.115902           -0.000000           -0.993261            0.051849            0.115902            0.000000            0.993261
            0.037481            0.000021           -0.086349           -0.000000           -0.996265            0.051849            0.086349            0.000000            0.996265
            0.037536            0.000021           -0.056720           -0.000000           -0.998390            0.051849            0.056720            0.000000            0.998390
            0.037591            0.000021           -0.027041           -0.000000           -0.999634            0.051849            0.027041            0.000000            0.999634
            0.037645            0.000021            0.002662           -0.000000           -0.999996            0.051849           -0.002662            0.000000            0.999996
            0.037700            0.000021            0.032362           -0.000000           -0.999476            0.051849           -0.032362            0.000000            0.999476
            0.037755            0.000021            0.062034           -0.000000           -0.998074            0.051849           -0.062034            0.000000            0.998074
            0.037810            0.000021            0.091652           -0.000000           -0.995791            0.051849           -0.091652            0.000000            0.995791
            0.037864            0.000021            0.121188           -0.000000           -0.992630            0.051849           -0.121188            0.000000            0.992630
            0.037919            0.000021            0.150617           -0.000000           -0.988592            0.051849           -0.150617            0.000000            0.988592
            0.037974            0.000021            0.179914           -0.000000           -0.983682            0.051849           -0.179914            0.000000            0.983682
            0.038029            0.000021            0.209052           -0.000000           -0.977905            0.051849           -0.209052            0.000000            0.977905
            0.038084            0.000021            0.238005           -0.000000           -0.971264            0.051849           -0.238005            0.000000            0.971264
            0.038138            0.000021            0.266748           -0.000000           -0.963766            0.051849           -0.266748            0.000000            0.963766
            0.038193            0.000021            0.295256           -0.000000           -0.955418            0.051849           -0.295256            0.000000            0.955418
            0.038248            0.000021            0.323504           -0.000000           -0.946227            0.051849           -0.323504            0.000000            0.946227
            0.038303            0.000021            0.351466           -0.000000           -0.936201            0.051849           -0.351466            0.000000            0.936201
            0.038357            0.000021            0.379117           -0.000000           -0.925349            0.051849           -0.379117            0.000000            0.925349
            0.038412            0.000021            0.406435           -0.000000           -0.913680            0.051849           -0.406435            0.000000            0.913680
            0.038467            0.000021            0.433393           -0.000000           -0.901205            0.051849           -0.433393            0.000000            0.901205
            0.038522            0.000021            0.459970           -0.000000           -0.887935            0.051849           -0.459970            0.000000            0.887935
            0.038576            0.000021            0.486140           -0.000000           -0.873881            0.051849           -0.486140            0.000000            0.873881
            0.038631            0.000021            0.511881           -0.000000           -0.859056            0.051849           -0.511881            0.000000            0.859056
            0.038686            0.000021            0.537171           -0.000000           -0.843473            0.051849           -0.537171            0.000000            0.843473
            0.038741            0.000021            0.561987           -0.000000           -0.827146            0.051849           -0.561987            0.000000            0.827146
            0.038795            0.000021            0.586307           -0.000000           -0.810089            0.051849           -0.586307            0.000000            0.810089
            0.038850            0.000021            0.610109           -0.000000           -0.792317            0.051849           -0.610109            0.000000            0.792317
            0.038905            0.000021            0.633373           -0.000000           -0.773847            0.051849           -0.633373            0.000000            0.773847
            0.038960            0.000021            0.656078           -0.000000           -0.754693            0.051849           -0.656078            0.000000            0.754693
            0.039014            0.000021            0.678205           -0.000000           -0.734873            0.051849           -0.678205            0.000000            0.734873
            0.039069            0.000021            0.699732           -0.000000           -0.714405            0.051849           -0.699732            0.000000            0.714405
            0.039124            0.000021            0.720643           -0.000000           -0.693306            0.051849           -0.720643            0.000000            0.693306
            0.039179            0.000021            0.740917           -0.000000           -0.671596            0.051849           -0.740917            0.000000            0.671596
            0.039233            0.000021            0.760538           -0.000000           -0.649293            0.051849           -0.760538            0.000000            0.649293
            0.039288            0.000021            0.779488           -0.000000           -0.626417            0.051849           -0.779488            0.000000            0.626417
            0.039343            0.000021            0.797750           -0.000000           -0.602989            0.051849           -0.797750            0.000000            0.602989
            0.039398            0.000021            0.815308           -0.000000           -0.579028            0.051849           -0.815308            0.000000            0.579028
            0.039452            0.000021            0.832146           -0.000000           -0.554557            0.051849           -0.832146            0.000000            0.554557
            0.039507            0.000021            0.848250           -0.000000           -0.529596            0.051849           -0.848250            0.000000            0.529596
            0.039562            0.000021            0.863606           -0.000000           -0.504167            0.051849           -0.863606            0.000000            0.504167
            0.039617            0.000021            0.878200           -0.000000           -0.478294            0.051849           -0.878200            0.000000            0.478294
            0.039671            0.000021            0.892018           -0.000000           -0.451999            0.051849           -0.892018            0.000000            0.451999
            0.039726            0.000021            0.905050           -0.000000           -0.425305            0.051849           -0.905050            0.000000            0.425305
            0.039781            0.000021            0.917283           -0.000000           -0.398236            0.051849           -0.917283            0.000000            0.398236
            0.039836            0.000021            0.928707           -0.000000           -0.370815            0.051849           -0.928707            0.000000            0.370815
            0.039890            0.000021            0.939311           -0.000000           -0.343067            0.051849           -0.939311            0.000000            0.343067
            0.039945            0.000021            0.949086           -0.000000           -0.315017            0.051849           -0.949086            0.000000            0.315017
            0.040000            0.000021            0.958024           -0.000000           -0.286688            0.051849           -0.958024            0.000000            0.286688
            0.040055            0.000021            0.966116           -0.000000           -0.258106            0.051849           -0.966116            0.000000            0.258106
            0.040110            0.000021            0.973356           -0.000000           -0.229297            0.051849           -0.973356            0.000000            0.229297
            0.040164            0.000021            0.979738           -0.000000           -0.200286            0.051849           -0.979738            0.000000            0.200286
            0.040219            0.000021            0.985254           -0.000000           -0.171097            0.051849           -0.985254            0.000000            0.171097
            0.040274            0.000021            0.989901           -0.000000           -0.141758            0.051849           -0.989901            0.000000            0.141758
            0.040329            0.000021            0.993675           -0.000000           -0.112293            0.051849           -0.993675            0.000000            0.112293
            0.040383            0.000021            0.996572           -0.000000           -0.082730            0.051849           -0.996572            0.000000            0.082730
            0.040438            0.000021            0.998590           -0.000000           -0.053093            0.051849           -0.998590            0.000000            0.053093
            0.040493            0.000021            0.999726           -0.000000           -0.023410            0.051849           -0.999726            0.000000            0.023410
            0.040548            0.000021            0.999980            0.000000            0.006294            0.051849           -0.999980           -0.000000           -0.006294
            0.040602            0.000021            0.999352            0.000000            0.035993            0.051849           -0.999352           -0.000000           -0.035993
            0.040657            0.000021            0.997842            0.000000            0.065659            0.051849           -0.997842           -0.000000           -0.065659
            0.040712            0.000021            0.995452            0.000000            0.095268            0.051849           -0.995452           -0.000000           -0.095268
            0.040767            0.000021            0.992183            0.000000            0.124793            0.051849           -0.992183           -0.000000           -0.124793
            0.040821            0.000021            0.988039            0.000000            0.154207            0.051849           -0.988039           -0.000000           -0.154207
            0.040876            0.000021            0.983022            0.000000            0.183486            0.051849           -0.983022           -0.000000           -0.183486
            0.040931            0.000021            0.977139            0.000000            0.212602            0.051849           -0.977139           -0.000000           -0.212602
            0.040986            0.000021            0.970393            0.000000            0.241531            0.051849           -0.970393           -0.000000           -0.241531
            0.041040            0.000021            0.962791            0.000000            0.270247            0.051849           -0.962791           -0.000000           -0.270247
            0.041095            0.000021            0.954339            0.000000            0.298725            0.051849           -0.954339           -0.000000           -0.298725
            0.041150            0.000021            0.945046            0.000000            0.326939            0.051849           -0.945046           -0.000000           -0.326939
            0.041205            0.000021            0.934918            0.000000            0.354864            0.051849           -0.934918           -0.000000           -0.354864
            0.041259            0.000021            0.923965            0.000000            0.382476            0.051849           -0.923965           -0.000000           -0.382476
            0.041314            0.000021            0.912197            0.000000            0.409751            0.051849           -0.912197           -0.000000           -0.409751
            0.041369            0.000021            0.899625            0.000000            0.436664            0.051849           -0.899625           -0.000000           -0.436664
            0.041424            0.000021            0.886258            0.000000            0.463192            0.051849           -0.886258           -0.000000           -0.463192
            0.041478            0.000021            0.872109            0.000000            0.489311            0.051849           -0.872109           -0.000000           -0.489311
            0.041533            0.000021            0.857191            0.000000            0.514998            0.051849           -0.857191           -0.000000           -0.514998
            0.041615            0.000021            0.833400            0.000000            0.552670            0.051849           -0.833400           -0.000000           -0.552670
            0.041670            0.000021            0.816617            0.000000            0.577180            0.051849           -0.816617           -0.000000           -0.577180
            0.041725            0.000021            0.799113            0.000000            0.601180            0.051849           -0.799113           -0.000000           -0.601180
            0.041780            0.000021            0.780905            0.000000            0.624650            0.051849           -0.780905           -0.000000           -0.624650
            0.041834            0.000021            0.762007            0.000000            0.647569            0.051849           -0.762007           -0.000000           -0.647569
            0.041889            0.000021            0.742437            0.000000            0.669916            0.051849           -0.742437           -0.000000           -0.669916
            0.041944            0.000021            0.722211            0.000000            0.691672            0.051849           -0.722211           -0.000000           -0.691672
            0.041999            0.000021            0.701349            0.000000            0.712818            0.051849           -0.701349           -0.000000           -0.712818
            0.042053            0.000021            0.679867            0.000000            0.733335            0.051849           -0.679867           -0.000000           -0.733335
            0.042108            0.000021            0.657786            0.000000            0.753205            0.051849           -0.657786           -0.000000           -0.753205
            0.042163            0.000021            0.635124            0.000000            0.772410            0.051849           -0.635124           -0.000000           -0.772410
            0.042218            0.000021            0.611902            0.000000            0.790934            0.051849           -0.611902           -0.000000           -0.790934
            0.042272            0.000021            0.588140            0.000000            0.808759            0.051849           -0.588140           -0.000000           -0.808759
            0.042327            0.000021            0.563859            0.000000            0.825871            0.051849           -0.563859           -0.000000           -0.825871
            0.042382            0.000021            0.539080            0.000000            0.842255            0.051849           -0.539080           -0.000000           -0.842255
            0.042437            0.000021            0.513826            0.000000            0.857895            0.051849           -0.513826           -0.000000           -0.857895
            0.042491            0.000021            0.488118            0.000000            0.872778            0.051849           -0.488118           -0.000000           -0.872778
            0.042546            0.000021            0.461980            0.000000            0.886891            0.051849           -0.461980           -0.000000           -0.886891
            0.042601            0.000021            0.435433            0.000000            0.900221            0.051849           -0.435433           -0.000000           -0.900221
            0.042656            0.000021            0.408503            0.000000            0.912757            0.051849           -0.408503           -0.000000           -0.912757
            0.042710            0.000021            0.381212            0.000000            0.924488            0.051849           -0.381212           -0.000000           -0.924488
            0.042738            0.000021            0.367439            0.000000            0.930048            0.051849           -0.367439           -0.000000           -0.930048
            0.042793            0.000021            0.339653            0.000000            0.940551            0.051849           -0.339653           -0.000000           -0.940551
            0.042847            0.000021            0.311567            0.000000            0.950224            0.051849           -0.311567           -0.000000           -0.950224
            0.042902            0.000021            0.283206            0.000000            0.959059            0.051849           -0.283206           -0.000000           -0.959059
            0.042957            0.000021            0.254595            0.000000            0.967048            0.051849           -0.254595           -0.000000           -0.967048
            0.043012            0.000021            0.225760            0.000000            0.974183            0.051849           -0.225760           -0.000000           -0.974183
            0.043066            0.000021            0.196725            0.000000            0.980459            0.051849           -0.196725           -0.000000           -0.980459
            0.043121            0.000021            0.167517            0.000000            0.985869            0.051849           -0.167517           -0.000000           -0.985869
            0.043176            0.000021            0.138161            0.000000            0.990410            0.051849           -0.138161           -0.000000           -0.990410
            0.043231            0.000021            0.108683            0.000000            0.994076            0.051849           -0.108683           -0.000000           -0.994076
            0.043285            0.000021            0.079109            0.000000            0.996866            0.051849           -0.079109           -0.000000           -0.996866
            0.043340            0.000021            0.049466            0.000000            0.998776            0.051849           -0.049466           -0.000000           -0.998776
            0.043395            0.000021            0.019778            0.000000            0.999804            0.051849           -0.019778           -0.000000           -0.999804
            0.043450            0.000021           -0.009926            0.000000            0.999951            0.051849            0.009926           -0.000000           -0.999951
            0.043504            0.000021           -0.039622            0.000000            0.999215            0.051849            0.039622           -0.000000           -0.999215
            0.043559            0.000021           -0.069283            0.000000            0.997597            0.051849            0.069283           -0.000000           -0.997597
            0.043614            0.000021           -0.098883            0.000000            0.995099            0.051849            0.098883           -0.000000           -0.995099
            0.043669            0.000021           -0.128396            0.000000            0.991723            0.051849            0.128396           -0.000000           -0.991723
            0.043723            0.000021           -0.157795            0.000000            0.987472            0.051849            0.157795           -0.000000           -0.987472
            0.043778            0.000021           -0.187055            0.000000            0.982349            0.051849            0.187055           -0.000000           -0.982349
            0.043833            0.000021           -0.216150            0.000000            0.976360            0.051849            0.216150           -0.000000           -0.976360
            0.043888            0.000021           -0.245055            0.000000            0.969509            0.051849            0.245055           -0.000000           -0.969509
            0.043943            0.000021           -0.273743            0.000000            0.961803            0.051849            0.273743           -0.000000           -0.961803
            0.043997            0.000021           -0.302189            0.000000            0.953248            0.051849            0.302189           -0.000000           -0.953248
            0.044052            0.000021           -0.330369            0.000000            0.943852            0.051849            0.330369           -0.000000           -0.943852
            0.044107            0.000021           -0.358258            0.000000            0.933623            0.051849            0.358258           -0.000000           -0.933623
            0.044162            0.000021           -0.385830            0.000000            0.922570            0.051849            0.385830           -0.000000           -0.922570
            0.044244            0.000021           -0.426542            0.000000            0.904468            0.051849            0.426542           -0.000000           -0.904468
            0.044298            0.000021           -0.453218            0.000000            0.891399            0.051849            0.453218           -0.000000           -0.891399
            0.044353            0.000021           -0.479495            0.000000            0.877545            0.051849            0.479495           -0.000000           -0.877545
            0.044408            0.000021           -0.505348            0.000000            0.862916            0.051849            0.505348           -0.000000           -0.862916
            0.044463            0.000021           -0.530755            0.000000            0.847525            0.051849            0.530755           -0.000000           -0.847525
            0.044517            0.000021           -0.555694            0.000000            0.831387            0.051849            0.555694           -0.000000           -0.831387
            0.044572            0.000021           -0.580142            0.000000            0.814515            0.051849            0.580142           -0.000000           -0.814515
            0.044627            0.000021           -0.604079            0.000000            0.796924            0.051849            0.604079           -0.000000           -0.796924
            0.044682            0.000021           -0.627483            0.000000            0.778630            0.051849            0.627483           -0.000000           -0.778630
            0.044736            0.000021           -0.650333            0.000000            0.759650            0.051849            0.650333           -0.000000           -0.759650
            0.044791            0.000021           -0.672609            0.000000            0.739998            0.051849            0.672609           -0.000000           -0.739998
            0.044846            0.000021           -0.694291            0.000000            0.719694            0.051849            0.694291           -0.000000           -0.719694
            0.044901            0.000021           -0.715361            0.000000            0.698755            0.051849            0.715361           -0.000000           -0.698755
            0.044956            0.000021           -0.735800            0.000000            0.677199            0.051849            0.735800           -0.000000           -0.677199
            0.045010            0.000021           -0.755589            0.000000            0.655046            0.051849            0.755589           -0.000000           -0.655046
            0.045065            0.000021           -0.774712            0.000000            0.632314            0.051849            0.774712           -0.000000           -0.632314
            0.045120            0.000021           -0.793151            0.000000            0.609025            0.051849            0.793151           -0.000000           -0.609025
            0.045175            0.000021           -0.810890            0.000000            0.585198            0.051849            0.810890           -0.000000           -0.585198
            0.045229            0.000021           -0.827914            0.000000            0.560855            0.051849            0.827914           -0.000000           -0.560855
            0.045284            0.000021           -0.844207            0.000000            0.536017            0.051849            0.844207           -0.000000           -0.536017
            0.045339            0.000021           -0.859755            0.000000            0.510706            0.051849            0.859755           -0.000000           -0.510706
            0.045394            0.000021           -0.874545            0.000000            0.484944            0.051849            0.874545           -0.000000           -0.484944
            0.045448            0.000021           -0.888563            0.000000            0.458755            0.051849            0.888563           -0.000000           -0.458755
            0.045503            0.000021           -0.901797            0.000000            0.432161            0.051849            0.901797           -0.000000           -0.432161
            0.045558            0.000021           -0.914235            0.000000            0.405185            0.051849            0.914235           -0.000000           -0.405185
            0.045613            0.000021           -0.925866            0.000000            0.377852            0.051849            0.925866           -0.000000           -0.377852
            0.045640            0.000021           -0.931376            0.000000            0.364059            0.051849            0.931376           -0.000000           -0.364059
            0.045695            0.000021           -0.941778            0.000000            0.336234            0.051849            0.941778           -0.000000           -0.336234
            0.045749            0.000021           -0.951350            0.000000            0.308113            0.051849            0.951350           -0.000000           -0.308113
            0.045804            0.000021           -0.960081            0.000000            0.279721            0.051849            0.960081           -0.000000           -0.279721
            0.045859            0.000021           -0.967966            0.000000            0.251081            0.051849            0.967966           -0.000000           -0.251081
            0.045914            0.000021           -0.974997            0.000000            0.222220            0.051849            0.974997           -0.000000           -0.222220
            0.045969            0.000021           -0.981167            0.000000            0.193163            0.051849            0.981167           -0.000000           -0.193163
            0.046023            0.000021           -0.986471            0.000000            0.163935            0.051849            0.986471           -0.000000           -0.163935
            0.046078            0.000021           -0.990905            0.000000            0.134563            0.051849            0.990905           -0.000000           -0.134563
            0.046133            0.000021           -0.994465            0.000000            0.105072            0.051849            0.994465           -0.000000           -0.105072
            0.046188            0.000021           -0.997147            0.000000            0.075488            0.051849            0.997147           -0.000000           -0.075488
            0.046242            0.000021           -0.998949            0.000000            0.045837            0.051849            0.998949           -0.000000           -0.045837
            0.046297            0.000021           -0.999870            0.000000            0.016147            0.051849            0.999870           -0.000000           -0.016147
            0.046352            0.000021           -0.999908           -0.000000           -0.013558            0.051849            0.999908            0.000000            0.013558
            0.046407            0.000021           -0.999064           -0.000000           -0.043252            0.051849            0.999064            0.000000            0.043252
            0.046461            0.000021           -0.997339           -0.000000           -0.072907            0.051849            0.997339            0.000000            0.072907
            0.046516            0.000021           -0.994733           -0.000000           -0.102497            0.051849            0.994733            0.000000            0.102497
            0.046571            0.000021           -0.991250           -0.000000           -0.131997            0.051849            0.991250            0.000000            0.131997
            0.046626            0.000021           -0.986892           -0.000000           -0.161381            0.051849            0.986892            0.000000            0.161381
            0.046680            0.000021           -0.981663           -0.000000           -0.190622            0.051849            0.981663            0.000000            0.190622
            0.046735            0.000021           -0.975569           -0.000000           -0.219695            0.051849            0.975569            0.000000            0.219695
            0.046790            0.000021           -0.968613           -0.000000           -0.248575            0.051849            0.968613            0.000000            0.248575
            0.046845            0.000021           -0.960802           -0.000000           -0.277235            0.051849            0.960802            0.000000            0.277235
            0.046899            0.000021           -0.952144           -0.000000           -0.305650            0.051849            0.952144            0.000000            0.305650
            0.046954            0.000021           -0.942646           -0.000000           -0.333795            0.051849            0.942646            0.000000            0.333795
            0.047009            0.000021           -0.932315           -0.000000           -0.361646            0.051849            0.932315            0.000000            0.361646
            0.047064            0.000021           -0.921162           -0.000000           -0.389178            0.051849            0.921162            0.000000            0.389178
            0.047118            0.000021           -0.909197           -0.000000           -0.416367            0.051849            0.909197            0.000000            0.416367
            0.047173            0.000021           -0.896429           -0.000000           -0.443188            0.051849            0.896429            0.000000            0.443188
            0.047228            0.000021           -0.882870           -0.000000           -0.469618            0.051849            0.882870            0.000000            0.469618
            0.047283            0.000021           -0.868532           -0.000000           -0.495634            0.051849            0.868532            0.000000            0.495634
            0.047337            0.000021           -0.853427           -0.000000           -0.521212            0.051849            0.853427            0.000000            0.521212
            0.047392            0.000021           -0.837570           -0.000000           -0.546330            0.051849            0.837570            0.000000            0.546330
            0.047447            0.000021           -0.820973           -0.000000           -0.570967            0.051849            0.820973            0.000000            0.570967
            0.047502            0.000021           -0.803652           -0.000000           -0.595099            0.051849            0.803652            0.000000            0.595099
            0.047556            0.000021           -0.785622           -0.000000           -0.618707            0.051849            0.785622            0.000000            0.618707
            0.047611            0.000021           -0.766899           -0.000000           -0.641768            0.051849            0.766899            0.000000            0.641768
            0.047666            0.000021           -0.747499           -0.000000           -0.664263            0.051849            0.747499            0.000000            0.664263
            0.047721            0.000021           -0.727439           -0.000000           -0.686172            0.051849            0.727439            0.000000            0.686172
            0.047775            0.000021           -0.706738           -0.000000           -0.707476            0.051849            0.706738            0.000000            0.707476
            0.047830            0.000021           -0.685412           -0.000000           -0.728155            0.051849            0.685412            0.000000            0.728155
            0.047885            0.000021           -0.663483           -0.000000           -0.748192            0.051849            0.663483            0.000000            0.748192
            0.047940            0.000021           -0.640967           -0.000000           -0.767568            0.051849            0.640967            0.000000            0.767568
            0.047995            0.000021           -0.617886           -0.000000           -0.786268            0.051849            0.617886            0.000000            0.786268
            0.048049            0.000021           -0.594260           -0.000000           -0.804273            0.051849            0.594260            0.000000            0.804273
            0.048104            0.000021           -0.570109           -0.000000           -0.821569            0.051849            0.570109            0.000000            0.821569
            0.048159            0.000021           -0.545456           -0.000000           -0.838140            0.051849            0.545456            0.000000            0.838140
            0.048214            0.000021           -0.520321           -0.000000           -0.853971            0.051849            0.520321            0.000000            0.853971
            0.048268            0.000021           -0.494727           -0.000000           -0.869049            0.051849            0.494727            0.000000            0.869049
            0.048323            0.000021           -0.468696           -0.000000           -0.883359            0.051849            0.468696            0.000000            0.883359
            0.048378            0.000021           -0.442252           -0.000000           -0.896891            0.051849            0.442252            0.000000            0.896891
            0.048433            0.000021           -0.415418           -0.000000           -0.909631            0.051849            0.415418            0.000000            0.909631
            0.048487            0.000021           -0.388217           -0.000000           -0.921568            0.051849            0.388217            0.000000            0.921568
            0.048542            0.000021           -0.360673           -0.000000           -0.932692            0.051849            0.360673            0.000000            0.932692
            0.048597            0.000021           -0.332811           -0.000000           -0.942993            0.051849            0.332811            0.000000            0.942993
            0.048652            0.000021           -0.304656           -0.000000           -0.952463            0.051849            0.304656            0.000000            0.952463
            0.048706            0.000021           -0.276231           -0.000000           -0.961091            0.051849            0.276231            0.000000            0.961091
            0.048761            0.000021           -0.247563           -0.000000           -0.968872            0.051849            0.247563            0.000000            0.968872
            0.048816            0.000021           -0.218677           -0.000000           -0.975797            0.051849            0.218677            0.000000            0.975797
            0.048871            0.000021           -0.189597           -0.000000           -0.981862            0.051849            0.189597            0.000000            0.981862
            0.048925            0.000021           -0.160351           -0.000000           -0.987060            0.051849            0.160351            0.000000            0.987060
            0.048980            0.000021           -0.130962           -0.000000           -0.991387            0.051849            0.130962            0.000000            0.991387
            0.049035            0.000021           -0.101459           -0.000000           -0.994840            0.051849            0.101459            0.000000            0.994840
            0.049090            0.000021           -0.071865           -0.000000           -0.997414            0.051849            0.071865            0.000000            0.997414
            0.049144            0.000021           -0.042209           -0.000000           -0.999109            0.051849            0.042209            0.000000            0.999109
            0.049199            0.000021           -0.012515           -0.000000           -0.999922            0.051849            0.012515            0.000000            0.999922
            0.049254            0.000021            0.017190           -0.000000           -0.999852            0.051849           -0.017190            0.000000            0.999852
            0.049309            0.000021            0.046880           -0.000000           -0.998901            0.051849           -0.046880            0.000000            0.998901
            0.049363            0.000021            0.076529           -0.000000           -0.997067            0.051849           -0.076529            0.000000            0.997067
            0.049418            0.000021            0.106110           -0.000000           -0.994354            0.051849           -0.106110            0.000000            0.994354
            0.049473            0.000021            0.135597           -0.000000           -0.990764            0.051849           -0.135597            0.000000            0.990764
            0.049528            0.000021            0.164965           -0.000000           -0.986299            0.051849           -0.164965            0.000000            0.986299
            0.049582            0.000021            0.194187           -0.000000           -0.980965            0.051849           -0.194187            0.000000            0.980965
            0.049637            0.000021            0.223238           -0.000000           -0.974764            0.051849           -0.223238            0.000000            0.974764
            0.049692            0.000021            0.252091           -0.000000           -0.967703            0.051849           -0.252091            0.000000            0.967703
            0.049747            0.000021            0.280723           -0.000000           -0.959789            0.051849           -0.280723            0.000000            0.959789
            0.049802            0.000021            0.309106           -0.000000           -0.951027            0.051849           -0.309106            0.000000            0.951027
            0.049856            0.000021            0.337217           -0.000000           -0.941427            0.051849           -0.337217            0.000000            0.941427
            0.049911            0.000021            0.365031           -0.000000           -0.930996            0.051849           -0.365031            0.000000            0.930996
            0.049966            0.000021            0.392522           -0.000000           -0.919743            0.051849           -0.392522            0.000000            0.919743
            0.050021            0.000021            0.419667           -0.000000           -0.907678            0.051849           -0.419667            0.000000            0.907678
            0.050075            0.000021            0.446441           -0.000000           -0.894813            0.051849           -0.446441            0.000000            0.894813
            0.050130            0.000021            0.472822           -0.000000           -0.881158            0.051849           -0.472822            0.000000            0.881158
            0.050185            0.000021            0.498785           -0.000000           -0.866726            0.051849           -0.498785            0.000000            0.866726
            0.050240            0.000021            0.524309           -0.000000           -0.851528            0.051849           -0.524309            0.000000            0.851528
            0.050294            0.000021            0.549369           -0.000000           -0.835580            0.051849           -0.549369            0.000000            0.835580
            0.050349            0.000021            0.573945           -0.000000           -0.818894            0.051849           -0.573945            0.000000            0.818894
            0.050404            0.000021            0.598014           -0.000000           -0.801485            0.051849           -0.598014            0.000000            0.801485
            0.050459            0.000021            0.621556           -0.000000           -0.783370            0.051849           -0.621556            0.000000            0.783370
            0.050513            0.000021            0.644549           -0.000000           -0.764563            0.051849           -0.644549            0.000000            0.764563
            0.050568            0.000021            0.666974           -0.000000           -0.745081            0.051849           -0.666974            0.000000            0.745081
            0.050623            0.000021            0.688810           -0.000000           -0.724942            0.051849           -0.688810            0.000000            0.724942
            0.050705            0.000021            0.720419           -0.000000           -0.693540            0.051849           -0.720419            0.000000            0.693540
            0.050760            0.000021            0.740700           -0.000000           -0.671836            0.051849           -0.740700            0.000000            0.671836
            0.050815            0.000021            0.760328           -0.000000           -0.649539            0.051849           -0.760328            0.000000            0.649539
            0.050869            0.000021            0.779285           -0.000000           -0.626670            0.051849           -0.779285            0.000000            0.626670
            0.050924            0.000021            0.797555           -0.000000           -0.603247            0.051849           -0.797555            0.000000            0.603247
            0.050979            0.000021            0.815120           -0.000000           -0.579292            0.051849           -0.815120            0.000000            0.579292
            0.051034            0.000021            0.831967           -0.000000           -0.554826            0.051849           -0.831967            0.000000            0.554826
            0.051088            0.000021            0.848079           -0.000000           -0.529870            0.051849           -0.848079            0.000000            0.529870
            0.051143            0.000021            0.863443           -0.000000           -0.504447            0.051849           -0.863443            0.000000            0.504447
            0.051198            0.000021            0.878045           -0.000000           -0.478578            0.051849           -0.878045            0.000000            0.478578
            0.051253            0.000021            0.891872           -0.000000           -0.452288            0.051849           -0.891872            0.000000            0.452288
            0.051307            0.000021            0.904912           -0.000000           -0.425598            0.051849           -0.904912            0.000000            0.425598
            0.051362            0.000021            0.917154           -0.000000           -0.398533            0.051849           -0.917154            0.000000            0.398533
            0.051417            0.000021            0.928587           -0.000000           -0.371116            0.051849           -0.928587            0.000000            0.371116
            0.051472            0.000021            0.939200           -0.000000           -0.343371            0.051849           -0.939200            0.000000            0.343371
            0.051526            0.000021            0.948984           -0.000000           -0.315324            0.051849           -0.948984            0.000000            0.315324
            0.051554            0.000021            0.953563           -0.000000           -0.301194            0.051849           -0.953563            0.000000            0.301194
            0.051608            0.000021            0.962088           -0.000000           -0.272739            0.051849           -0.962088            0.000000            0.272739
            0.051663            0.000021            0.969765           -0.000000           -0.244042            0.051849           -0.969765            0.000000            0.244042
            0.051718            0.000021            0.976585           -0.000000           -0.215131            0.051849           -0.976585            0.000000            0.215131
            0.051773            0.000021            0.982544           -0.000000           -0.186030            0.051849           -0.982544            0.000000            0.186030
            0.051828            0.000021            0.987636           -0.000000           -0.156764            0.051849           -0.987636            0.000000            0.156764
            0.051882            0.000021            0.991856           -0.000000           -0.127361            0.051849           -0.991856            0.000000            0.127361
            0.051937            0.000021            0.995202           -0.000000           -0.097844            0.051849           -0.995202            0.000000            0.097844
            0.051992            0.000021            0.997669           -0.000000           -0.068242            0.051849           -0.997669            0.000000            0.068242
            0.052047            0.000021            0.999256           -0.000000           -0.038579            0.051849           -0.999256            0.000000            0.038579
            0.052101            0.000021            0.999961           -0.000000           -0.008882            0.051849           -0.999961            0.000000            0.008882
            0.052156            0.000021            0.999783            0.000000            0.020822            0.051849           -0.999783           -0.000000           -0.020822
            0.052211            0.000021            0.998724            0.000000            0.050508            0.051849           -0.998724           -0.000000           -0.050508
            0.052266            0.000021            0.996783            0.000000            0.080150            0.051849           -0.996783           -0.000000           -0.080150
            0.052320            0.000021            0.993962            0.000000            0.109721            0.051849           -0.993962           -0.000000           -0.109721
            0.052375            0.000021            0.990265            0.000000            0.139195            0.051849           -0.990265           -0.000000           -0.139195
            0.052430            0.000021            0.985694            0.000000            0.168546            0.051849           -0.985694           -0.000000           -0.168546
            0.052485            0.000021            0.980253            0.000000            0.197749            0.051849           -0.980253           -0.000000           -0.197749
            0.052539            0.000021            0.973947            0.000000            0.226777            0.051849           -0.973947           -0.000000           -0.226777
            0.052594            0.000021            0.966781            0.000000            0.255605            0.051849           -0.966781           -0.000000           -0.255605
            0.052649            0.000021            0.958763            0.000000            0.284207            0.051849           -0.958763           -0.000000           -0.284207
            0.052704            0.000021            0.949898            0.000000            0.312559            0.051849           -0.949898           -0.000000           -0.312559
            0.052758            0.000021            0.940196            0.000000            0.340635            0.051849           -0.940196           -0.000000           -0.340635
            0.052813            0.000021            0.929663            0.000000            0.368410            0.051849           -0.929663           -0.000000           -0.368410
            0.052868            0.000021            0.918311            0.000000            0.395860            0.051849           -0.918311           -0.000000           -0.395860
            0.052923            0.000021            0.906148            0.000000            0.422961            0.051849           -0.906148           -0.000000           -0.422961
            0.052977            0.000021            0.893185            0.000000            0.449689            0.051849           -0.893185           -0.000000           -0.449689
            0.053032            0.000021            0.879435            0.000000            0.476019            0.051849           -0.879435           -0.000000           -0.476019
            0.053087            0.000021            0.864908            0.000000            0.501930            0.051849           -0.864908           -0.000000           -0.501930
            0.053142            0.000021            0.849618            0.000000            0.527398            0.051849           -0.849618           -0.000000           -0.527398
            0.053196            0.000021            0.833579            0.000000            0.552401            0.051849           -0.833579           -0.000000           -0.552401
            0.053251            0.000021            0.816804            0.000000            0.576916            0.051849           -0.816804           -0.000000           -0.576916
            0.053306            0.000021            0.799308            0.000000            0.600922            0.051849           -0.799308           -0.000000           -0.600922
            0.053361            0.000021            0.781107            0.000000            0.624398            0.051849           -0.781107           -0.000000           -0.624398
            0.053415            0.000021            0.762216            0.000000            0.647322            0.051849           -0.762216           -0.000000           -0.647322
            0.053470            0.000021            0.742653            0.000000            0.669676            0.051849           -0.742653           -0.000000           -0.669676
            0.053525            0.000021            0.722435            0.000000            0.691439            0.051849           -0.722435           -0.000000           -0.691439
            0.053580            0.000021            0.701579            0.000000            0.712591            0.051849           -0.701579           -0.000000           -0.712591
            0.053634            0.000021            0.680105            0.000000            0.733115            0.051849           -0.680105           -0.000000           -0.733115
            0.053689            0.000021            0.658030            0.000000            0.752992            0.051849           -0.658030           -0.000000           -0.752992
            0.053744            0.000021            0.635374            0.000000            0.772204            0.051849           -0.635374           -0.000000           -0.772204
            0.053799            0.000021            0.612158            0.000000            0.790736            0.051849           -0.612158           -0.000000           -0.790736
            0.053854            0.000021            0.588401            0.000000            0.808569            0.051849           -0.588401           -0.000000           -0.808569
            0.053908            0.000021            0.564126            0.000000            0.825689            0.051849           -0.564126           -0.000000           -0.825689
            0.053963            0.000021            0.539353            0.000000            0.842080            0.051849           -0.539353           -0.000000           -0.842080
            0.054018            0.000021            0.514103            0.000000            0.857728            0.051849           -0.514103           -0.000000           -0.857728
            0.054073            0.000021            0.488400            0.000000            0.872620            0.051849           -0.488400           -0.000000           -0.872620
            0.054127            0.000021            0.462266            0.000000            0.886741            0.051849           -0.462266           -0.000000           -0.886741
            0.054182            0.000021            0.435725            0.000000            0.900080            0.051849           -0.435725           -0.000000           -0.900080
            0.054237            0.000021            0.408798            0.000000            0.912625            0.051849           -0.408798           -0.000000           -0.912625
            0.054292            0.000021            0.381511            0.000000            0.924364            0.051849           -0.381511           -0.000000           -0.924364
            0.054346            0.000021            0.353888            0.000000            0.935288            0.051849           -0.353888           -0.000000           -0.935288
            0.054401            0.000021            0.325952            0.000000            0.945386            0.051849           -0.325952           -0.000000           -0.945386
            0.054456            0.000021            0.297728            0.000000            0.954651            0.051849           -0.297728           -0.000000           -0.954651
            0.054511            0.000021            0.269242            0.000000            0.963073            0.051849           -0.269242           -0.000000           -0.963073
            0.054565            0.000021            0.240518            0.000000            0.970645            0.051849           -0.240518           -0.000000           -0.970645
            0.054620            0.000021            0.211582            0.000000            0.977360            0.051849           -0.211582           -0.000000           -0.977360
            0.054675            0.000021            0.182460            0.000000            0.983213            0.051849           -0.182460           -0.000000           -0.983213
            0.054730            0.000021            0.153176            0.000000            0.988199            0.051849           -0.153176           -0.000000           -0.988199
            0.054784            0.000021            0.123757            0.000000            0.992313            0.051849           -0.123757           -0.000000           -0.992313
            0.054839            0.000021            0.094229            0.000000            0.995551            0.051849           -0.094229           -0.000000           -0.995551
            0.054894            0.000021            0.064618            0.000000            0.997910            0.051849           -0.064618           -0.000000           -0.997910
            0.054949            0.000021            0.034949            0.000000            0.999389            0.051849           -0.034949           -0.000000           -0.999389
            0.055003            0.000021            0.005250            0.000000            0.999986            0.051849           -0.005250           -0.000000           -0.999986
            0.055058            0.000021           -0.024454            0.000000            0.999701            0.051849            0.024454           -0.000000           -0.999701
            0.055113            0.000021           -0.054136            0.000000            0.998534            0.051849            0.054136           -0.000000           -0.998534
            0.055168            0.000021           -0.083770            0.000000            0.996485            0.051849            0.083770           -0.000000           -0.996485
            0.055222            0.000021           -0.113331            0.000000            0.993557            0.051849            0.113331           -0.000000           -0.993557
            0.055277            0.000021           -0.142791            0.000000            0.989753            0.051849            0.142791           -0.000000           -0.989753
            0.055332            0.000021           -0.172126            0.000000            0.985075            0.051849            0.172126           -0.000000           -0.985075
            0.055387            0.000021           -0.201308            0.000000            0.979528            0.051849            0.201308           -0.000000           -0.979528
            0.055441            0.000021           -0.230313            0.000000            0.973117            0.051849            0.230313           -0.000000           -0.973117
            0.055496            0.000021           -0.259115            0.000000            0.965847            0.051849            0.259115           -0.000000           -0.965847
            0.055551            0.000021           -0.287688            0.000000            0.957724            0.051849            0.287688           -0.000000           -0.957724
            0.055606            0.000021           -0.316007            0.000000            0.948757            0.051849            0.316007           -0.000000           -0.948757
            0.055661            0.000021           -0.344048            0.000000            0.938952            0.051849            0.344048           -0.000000           -0.938952
            0.055715            0.000021           -0.371784            0.000000            0.928319            0.051849            0.371784           -0.000000           -0.928319
            0.055770            0.000021           -0.399193            0.000000            0.916867            0.051849            0.399193           -0.000000           -0.916867
            0.055825            0.000021           -0.426250            0.000000            0.904606            0.051849            0.426250           -0.000000           -0.904606
            0.055880            0.000021           -0.452930            0.000000            0.891546            0.051849            0.452930           -0.000000           -0.891546
            0.055934            0.000021           -0.479211            0.000000            0.877700            0.051849            0.479211           -0.000000           -0.877700
            0.055989            0.000021           -0.505069            0.000000            0.863079            0.051849            0.505069           -0.000000           -0.863079
            0.056044            0.000021           -0.530481            0.000000            0.847697            0.051849            0.530481           -0.000000           -0.847697
            0.056099            0.000021           -0.555425            0.000000            0.831567            0.051849            0.555425           -0.000000           -0.831567
            0.056181            0.000021           -0.591915            0.000000            0.806000            0.051849            0.591915           -0.000000           -0.806000
            0.056235            0.000021           -0.615594            0.000000            0.788064            0.051849            0.615594           -0.000000           -0.788064
            0.056290            0.000021           -0.638729            0.000000            0.769432            0.051849            0.638729           -0.000000           -0.769432
            0.056345            0.000021           -0.661301            0.000000            0.750121            0.051849            0.661301           -0.000000           -0.750121
            0.056400            0.000021           -0.683289            0.000000            0.730148            0.051849            0.683289           -0.000000           -0.730148
            0.056454            0.000021           -0.704674            0.000000            0.709531            0.051849            0.704674           -0.000000           -0.709531
            0.056509            0.000021           -0.725438            0.000000            0.688288            0.051849            0.725438           -0.000000           -0.688288
            0.056564            0.000021           -0.745561            0.000000            0.666437            0.051849            0.745561           -0.000000           -0.666437
            0.056619            0.000021           -0.765027            0.000000            0.643999            0.051849            0.765027           -0.000000           -0.643999
            0.056674            0.000021           -0.783817            0.000000            0.620992            0.051849            0.783817           -0.000000           -0.620992
            0.056728            0.000021           -0.801916            0.000000            0.597437            0.051849            0.801916           -0.000000           -0.597437
            0.056783            0.000021           -0.819307            0.000000            0.573355            0.051849            0.819307           -0.000000           -0.573355
            0.056838            0.000021           -0.835975            0.000000            0.548767            0.051849            0.835975           -0.000000           -0.548767
            0.056893            0.000021           -0.851906            0.000000            0.523695            0.051849            0.851906           -0.000000           -0.523695
            0.056947            0.000021           -0.867085            0.000000            0.498161            0.051849            0.867085           -0.000000           -0.498161
            0.057002            0.000021           -0.881498            0.000000            0.472187            0.051849            0.881498           -0.000000           -0.472187
            0.057057            0.000021           -0.895134            0.000000            0.445797            0.051849            0.895134           -0.000000           -0.445797
            0.057112            0.000021           -0.907980            0.000000            0.419013            0.051849            0.907980           -0.000000           -0.419013
            0.057166            0.000021           -0.920025            0.000000            0.391859            0.051849            0.920025           -0.000000           -0.391859
            0.057221            0.000021           -0.931258            0.000000            0.364360            0.051849            0.931258           -0.000000           -0.364360
            0.057276            0.000021           -0.941670            0.000000            0.336539            0.051849            0.941670           -0.000000           -0.336539
            0.057303            0.000021           -0.946564            0.000000            0.322516            0.051849            0.946564           -0.000000           -0.322516
            0.057358            0.000021           -0.955726            0.000000            0.294259            0.051849            0.955726           -0.000000           -0.294259
            0.057413            0.000021           -0.964044            0.000000            0.265742            0.051849            0.964044           -0.000000           -0.265742
            0.057467            0.000021           -0.971512            0.000000            0.236991            0.051849            0.971512           -0.000000           -0.236991
            0.057522            0.000021           -0.978122            0.000000            0.208031            0.051849            0.978122           -0.000000           -0.208031
            0.057577            0.000021           -0.983870            0.000000            0.178887            0.051849            0.983870           -0.000000           -0.178887
            0.057632            0.000021           -0.988749            0.000000            0.149585            0.051849            0.988749           -0.000000           -0.149585
            0.057687            0.000021           -0.992756            0.000000            0.120152            0.051849            0.992756           -0.000000           -0.120152
            0.057741            0.000021           -0.995886            0.000000            0.090612            0.051849            0.995886           -0.000000           -0.090612
            0.057796            0.000021           -0.998138            0.000000            0.060992            0.051849            0.998138           -0.000000           -0.060992
            0.057851            0.000021           -0.999509            0.000000            0.031319            0.051849            0.999509           -0.000000           -0.031319
            0.057906            0.000021           -0.999999            0.000000            0.001618            0.051849            0.999999           -0.000000           -0.001618
            0.057960            0.000021           -0.999606           -0.000000           -0.028085            0.051849            0.999606            0.000000            0.028085
            0.058015            0.000021           -0.998330           -0.000000           -0.057762            0.051849            0.998330            0.000000            0.057762
            0.058070            0.000021           -0.996174           -0.000000           -0.087389            0.051849            0.996174            0.000000            0.087389
            0.058125            0.000021           -0.993139           -0.000000           -0.116939            0.051849            0.993139            0.000000            0.116939
            0.058179            0.000021           -0.989228           -0.000000           -0.146385            0.051849            0.989228            0.000000            0.146385
            0.058234            0.000021           -0.984443           -0.000000           -0.175703            0.051849            0.984443            0.000000            0.175703
            0.058289            0.000021           -0.978790           -0.000000           -0.204865            0.051849            0.978790            0.000000            0.204865
            0.058344            0.000021           -0.972274           -0.000000           -0.233846            0.051849            0.972274            0.000000            0.233846
            0.058398            0.000021           -0.964899           -0.000000           -0.262621            0.051849            0.964899            0.000000            0.262621
            0.058453            0.000021           -0.956673           -0.000000           -0.291165            0.051849            0.956673            0.000000            0.291165
            0.058508            0.000021           -0.947603           -0.000000           -0.319451            0.051849            0.947603            0.000000            0.319451
            0.058563            0.000021           -0.937696           -0.000000           -0.347456            0.051849            0.937696            0.000000            0.347456
            0.058617            0.000021           -0.926963           -0.000000           -0.375154            0.051849            0.926963            0.000000            0.375154
            0.058672            0.000021           -0.915411           -0.000000           -0.402521            0.051849            0.915411            0.000000            0.402521
            0.058727            0.000021           -0.903051           -0.000000           -0.429533            0.051849            0.903051            0.000000            0.429533
            0.058782            0.000021           -0.889895           -0.000000           -0.456165            0.051849            0.889895            0.000000            0.456165
            0.058836            0.000021           -0.875953           -0.000000           -0.482396            0.051849            0.875953            0.000000            0.482396
            0.058891            0.000021           -0.861239           -0.000000           -0.508200            0.051849            0.861239            0.000000            0.508200
            0.058946            0.000021           -0.845764           -0.000000           -0.533556            0.051849            0.845764            0.000000            0.533556
            0.059001            0.000021           -0.829544           -0.000000           -0.558442            0.051849            0.829544            0.000000            0.558442
            0.059055            0.000021           -0.812591           -0.000000           -0.582834            0.051849            0.812591            0.000000            0.582834
            0.059110            0.000021           -0.794921           -0.000000           -0.606713            0.051849            0.794921            0.000000            0.606713
            0.059165            0.000021           -0.776550           -0.000000           -0.630056            0.051849            0.776550            0.000000            0.630056
            0.059220            0.000021           -0.757494           -0.000000           -0.652843            0.051849            0.757494            0.000000            0.652843
            0.059274            0.000021           -0.737769           -0.000000           -0.675054            0.051849            0.737769            0.000000            0.675054
            0.059329            0.000021           -0.717393           -0.000000           -0.696669            0.051849            0.717393            0.000000            0.696669
            0.059384            0.000021           -0.696384           -0.000000           -0.717669            0.051849            0.696384            0.000000            0.717669
            0.059439            0.000021           -0.674761           -0.000000           -0.738037            0.051849            0.674761            0.000000            0.738037
            0.059493            0.000021           -0.652542           -0.000000           -0.757753            0.051849            0.652542            0.000000            0.757753
            0.059548            0.000021           -0.629747           -0.000000           -0.776800            0.051849            0.629747            0.000000            0.776800
            0.059603            0.000021           -0.606397           -0.000000           -0.795162            0.051849            0.606397            0.000000            0.795162
            0.059658            0.000021           -0.582512           -0.000000           -0.812822            0.051849            0.582512            0.000000            0.812822
            0.059713            0.000021           -0.558113           -0.000000           -0.829765            0.051849            0.558113            0.000000            0.829765
            0.059767            0.000021           -0.533221           -0.000000           -0.845976            0.051849            0.533221            0.000000            0.845976
            0.059822            0.000021           -0.507859           -0.000000           -0.861440            0.051849            0.507859            0.000000            0.861440
            0.059877            0.000021           -0.482048           -0.000000           -0.876145            0.051849            0.482048            0.000000            0.876145
            0.059932            0.000021           -0.455812           -0.000000           -0.890076            0.051849            0.455812            0.000000            0.890076
            0.059986            0.000021           -0.429174           -0.000000           -0.903222            0.051849            0.429174            0.000000            0.903222
            0.060041            0.000021           -0.402158           -0.000000           -0.915570            0.051849            0.402158            0.000000            0.915570
            0.060096            0.000021           -0.374786           -0.000000           -0.927111            0.051849            0.374786            0.000000            0.927111
            0.060151            0.000021           -0.347084           -0.000000           -0.937834            0.051849            0.347084            0.000000            0.937834
            0.060205            0.000021           -0.319075           -0.000000           -0.947729            0.051849            0.319075            0.000000            0.947729
            0.060260            0.000021           -0.290785           -0.000000           -0.956788            0.051849            0.290785            0.000000            0.956788
            0.060315            0.000021           -0.262239           -0.000000           -0.965003            0.051849            0.262239            0.000000            0.965003
            0.060370            0.000021           -0.233461           -0.000000           -0.972366            0.051849            0.233461            0.000000            0.972366
            0.060424            0.000021           -0.204476           -0.000000           -0.978871            0.051849            0.204476            0.000000            0.978871
            0.060479            0.000021           -0.175312           -0.000000           -0.984513            0.051849            0.175312            0.000000            0.984513
            0.060534            0.000021           -0.145993           -0.000000           -0.989286            0.051849            0.145993            0.000000            0.989286
            0.060589            0.000021           -0.116545           -0.000000           -0.993185            0.051849            0.116545            0.000000            0.993185
            0.060643            0.000021           -0.086994           -0.000000           -0.996209            0.051849            0.086994            0.000000            0.996209
            0.060698            0.000021           -0.057366           -0.000000           -0.998353            0.051849            0.057366            0.000000            0.998353
            0.060753            0.000021           -0.027688           -0.000000           -0.999617            0.051849            0.027688            0.000000            0.999617
            0.060808            0.000021            0.002015           -0.000000           -0.999998            0.051849           -0.002015            0.000000            0.999998
            0.060862            0.000021            0.031715           -0.000000           -0.999497            0.051849           -0.031715            0.000000            0.999497
            0.060917            0.000021            0.061388           -0.000000           -0.998114            0.051849           -0.061388            0.000000            0.998114
            0.060972            0.000021            0.091007           -0.000000           -0.995850            0.051849           -0.091007            0.000000            0.995850
            0.061027            0.000021            0.120546           -0.000000           -0.992708            0.051849           -0.120546            0.000000            0.992708
            0.061081            0.000021            0.149978           -0.000000           -0.988689            0.051849           -0.149978            0.000000            0.988689
            0.061136            0.000021            0.179277           -0.000000           -0.983799            0.051849           -0.179277            0.000000            0.983799
            0.061191            0.000021            0.208419           -0.000000           -0.978040            0.051849           -0.208419            0.000000            0.978040
            0.061246            0.000021            0.237376           -0.000000           -0.971418            0.051849           -0.237376            0.000000            0.971418
            0.061300            0.000021            0.266125           -0.000000           -0.963939            0.051849           -0.266125            0.000000            0.963939
            0.061355            0.000021            0.294638           -0.000000           -0.955609            0.051849           -0.294638            0.000000            0.955609
            0.061410            0.000021            0.322891           -0.000000           -0.946436            0.051849           -0.322891            0.000000            0.946436
            0.061465            0.000021            0.350860           -0.000000           -0.936428            0.051849           -0.350860            0.000000            0.936428
            0.061520            0.000021            0.378519           -0.000000           -0.925594            0.051849           -0.378519            0.000000            0.925594
            0.061574            0.000021            0.405843           -0.000000           -0.913943            0.051849           -0.405843            0.000000            0.913943
            0.061629            0.000021            0.432810           -0.000000           -0.901485            0.051849           -0.432810            0.000000            0.901485
            0.061684            0.000021            0.459395           -0.000000           -0.888232            0.051849           -0.459395            0.000000            0.888232
            0.061739            0.000021            0.485574           -0.000000           -0.874195            0.051849           -0.485574            0.000000            0.874195
            0.061793            0.000021            0.511325           -0.000000           -0.859387            0.051849           -0.511325            0.000000            0.859387
            0.061848            0.000021            0.536625           -0.000000           -0.843821            0.051849           -0.536625            0.000000            0.843821
            0.061903            0.000021            0.561451           -0.000000           -0.827510            0.051849           -0.561451            0.000000            0.827510
            0.061958            0.000021            0.585782           -0.000000           -0.810469            0.051849           -0.585782            0.000000            0.810469
            0.062012            0.000021            0.609596           -0.000000           -0.792712            0.051849           -0.609596            0.000000            0.792712
            0.062067            0.000021            0.632872           -0.000000           -0.774256            0.051849           -0.632872            0.000000            0.774256
            0.062122            0.000021            0.655590           -0.000000           -0.755117            0.051849           -0.655590            0.000000            0.755117
            0.062177            0.000021            0.677729           -0.000000           -0.735312            0.051849           -0.677729            0.000000            0.735312
            0.062231            0.000021            0.699270           -0.000000           -0.714858            0.051849           -0.699270            0.000000            0.714858
            0.062286            0.000021            0.720194           -0.000000           -0.693773            0.051849           -0.720194            0.000000            0.693773
            0.062341            0.000021            0.740483           -0.000000           -0.672075            0.051849           -0.740483            0.000000            0.672075
            0.062396            0.000021            0.760118           -0.000000           -0.649785            0.051849           -0.760118            0.000000            0.649785
            0.062450            0.000021            0.779082           -0.000000           -0.626922            0.051849           -0.779082            0.000000            0.626922
            0.062505            0.000021            0.797359           -0.000000           -0.603505            0.051849           -0.797359            0.000000            0.603505
            0.062560            0.000021            0.814933           -0.000000           -0.579556            0.051849           -0.814933            0.000000            0.579556
            0.062615            0.000021            0.831787           -0.000000           -0.555095            0.051849           -0.831787            0.000000            0.555095
            0.062669            0.000021            0.847907           -0.000000           -0.530144            0.051849           -0.847907            0.000000            0.530144
            0.062724            0.000021            0.863280           -0.000000           -0.504726            0.051849           -0.863280            0.000000            0.504726
            0.062779            0.000021            0.877890           -0.000000           -0.478862            0.051849           -0.877890            0.000000            0.478862
            0.062834            0.000021            0.891726           -0.000000           -0.452576            0.051849           -0.891726            0.000000            0.452576
            0.062888            0.000021            0.904775           -0.000000           -0.425891            0.051849           -0.904775            0.000000            0.425891
            0.062943            0.000021            0.917025           -0.000000           -0.398829            0.051849           -0.917025            0.000000            0.398829
            0.062998            0.000021            0.928467           -0.000000           -0.371416            0.051849           -0.928467            0.000000            0.371416
            0.063053            0.000021            0.939089           -0.000000           -0.343675            0.051849           -0.939089            0.000000            0.343675
            0.063107            0.000021            0.948882           -0.000000           -0.315631            0.051849           -0.948882            0.000000            0.315631
            0.063162            0.000021            0.957838           -0.000000           -0.287308            0.051849           -0.957838            0.000000            0.287308
            0.063217            0.000021            0.965949           -0.000000           -0.258732            0.051849           -0.965949            0.000000            0.258732
            0.063272            0.000021            0.973208           -0.000000           -0.229927            0.051849           -0.973208            0.000000            0.229927
            0.063326            0.000021            0.979608           -0.000000           -0.200919            0.051849           -0.979608            0.000000            0.200919
            0.063381            0.000021            0.985143           -0.000000           -0.171735            0.051849           -0.985143            0.000000            0.171735
            0.063436            0.000021            0.989809           -0.000000           -0.142398            0.051849           -0.989809            0.000000            0.142398
            0.063491            0.000021            0.993602           -0.000000           -0.112936            0.051849           -0.993602            0.000000            0.112936
            0.063546            0.000021            0.996518           -0.000000           -0.083375            0.051849           -0.996518            0.000000            0.083375
            0.063600            0.000021            0.998555           -0.000000           -0.053740            0.051849           -0.998555            0.000000            0.053740
            0.063655            0.000021            0.999711           -0.000000           -0.024057            0.051849           -0.999711            0.000000            0.024057
            0.063710            0.000021            0.999984            0.000000            0.005647            0.051849           -0.999984           -0.000000           -0.005647
            0.063765            0.000021            0.999375            0.000000            0.035346            0.051849           -0.999375           -0.000000           -0.035346
            0.063819            0.000021            0.997884            0.000000            0.065013            0.051849           -0.997884           -0.000000           -0.065013
            0.063874            0.000021            0.995513            0.000000            0.094624            0.051849           -0.995513           -0.000000           -0.094624
            0.063929            0.000021            0.992263            0.000000            0.124151            0.051849           -0.992263           -0.000000           -0.124151
            0.063984            0.000021            0.988138            0.000000            0.153568            0.051849           -0.988138           -0.000000           -0.153568
            0.064038            0.000021            0.983141            0.000000            0.182850            0.051849           -0.983141           -0.000000           -0.182850
            0.064093            0.000021            0.977276            0.000000            0.211970            0.051849           -0.977276           -0.000000           -0.211970
            0.064148            0.000021            0.970549            0.000000            0.240903            0.051849           -0.970549           -0.000000           -0.240903
            0.064203            0.000021            0.962966            0.000000            0.269624            0.051849           -0.962966           -0.000000           -0.269624
            0.064257            0.000021            0.954532            0.000000            0.298107            0.051849           -0.954532           -0.000000           -0.298107
            0.064312            0.000021            0.945257            0.000000            0.326327            0.051849           -0.945257           -0.000000           -0.326327
            0.064367            0.000021            0.935147            0.000000            0.354259            0.051849           -0.935147           -0.000000           -0.354259
            0.064422            0.000021            0.924213            0.000000            0.381878            0.051849           -0.924213           -0.000000           -0.381878
            0.064476            0.000021            0.912462            0.000000            0.409160            0.051849           -0.912462           -0.000000           -0.409160
            0.064559            0.000021            0.893331            0.000000            0.449400            0.051849           -0.893331           -0.000000           -0.449400
            0.064613            0.000021            0.879589            0.000000            0.475735            0.051849           -0.879589           -0.000000           -0.475735
            0.064668            0.000021            0.865070            0.000000            0.501650            0.051849           -0.865070           -0.000000           -0.501650
            0.064723            0.000021            0.849789            0.000000            0.527123            0.051849           -0.849789           -0.000000           -0.527123
            0.064778            0.000021            0.833757            0.000000            0.552131            0.051849           -0.833757           -0.000000           -0.552131
            0.064832            0.000021            0.816990            0.000000            0.576651            0.051849           -0.816990           -0.000000           -0.576651
            0.064887            0.000021            0.799502            0.000000            0.600663            0.051849           -0.799502           -0.000000           -0.600663
            0.064942            0.000021            0.781309            0.000000            0.624145            0.051849           -0.781309           -0.000000           -0.624145
            0.064997            0.000021            0.762426            0.000000            0.647076            0.051849           -0.762426           -0.000000           -0.647076
            0.065051            0.000021            0.742870            0.000000            0.669436            0.051849           -0.742870           -0.000000           -0.669436
            0.065106            0.000021            0.722659            0.000000            0.691205            0.051849           -0.722659           -0.000000           -0.691205
            0.065161            0.000021            0.701810            0.000000            0.712364            0.051849           -0.701810           -0.000000           -0.712364
            0.065216            0.000021            0.680342            0.000000            0.732895            0.051849           -0.680342           -0.000000           -0.732895
            0.065270            0.000021            0.658273            0.000000            0.752779            0.051849           -0.658273           -0.000000           -0.752779
            0.065325            0.000021            0.635624            0.000000            0.771999            0.051849           -0.635624           -0.000000           -0.771999
            0.065380            0.000021            0.612414            0.000000            0.790537            0.051849           -0.612414           -0.000000           -0.790537
            0.065435            0.000021            0.588663            0.000000            0.808378            0.051849           -0.588663           -0.000000           -0.808378
            0.065489            0.000021            0.564393            0.000000            0.825506            0.051849           -0.564393           -0.000000           -0.825506
            0.065544            0.000021            0.539625            0.000000            0.841906            0.051849           -0.539625           -0.000000           -0.841906
            0.065599            0.000021            0.514381            0.000000            0.857562            0.051849           -0.514381           -0.000000           -0.857562
            0.065654            0.000021            0.488683            0.000000            0.872462            0.051849           -0.488683           -0.000000           -0.872462
            0.065708            0.000021            0.462553            0.000000            0.886591            0.051849           -0.462553           -0.000000           -0.886591
            0.065763            0.000021            0.436016            0.000000            0.899939            0.051849           -0.436016           -0.000000           -0.899939
            0.065818            0.000021            0.409094            0.000000            0.912492            0.051849           -0.409094           -0.000000           -0.912492
            0.065873            0.000021            0.381810            0.000000            0.924241            0.051849           -0.381810           -0.000000           -0.924241
            0.065900            0.000021            0.368041            0.000000            0.929810            0.051849           -0.368041           -0.000000           -0.929810
            0.065955            0.000021            0.340262            0.000000            0.940331            0.051849           -0.340262           -0.000000           -0.940331
            0.066010            0.000021            0.312182            0.000000            0.950022            0.051849           -0.312182           -0.000000           -0.950022
            0.066064            0.000021            0.283827            0.000000            0.958876            0.051849           -0.283827           -0.000000           -0.958876
            0.066119            0.000021            0.255221            0.000000            0.966883            0.051849           -0.255221           -0.000000           -0.966883
            0.066174            0.000021            0.226390            0.000000            0.974037            0.051849           -0.226390           -0.000000           -0.974037
            0.066229            0.000021            0.197360            0.000000            0.980331            0.051849           -0.197360           -0.000000           -0.980331
            0.066283            0.000021            0.168155            0.000000            0.985761            0.051849           -0.168155           -0.000000           -0.985761
            0.066338            0.000021            0.138802            0.000000            0.990320            0.051849           -0.138802           -0.000000           -0.990320
            0.066393            0.000021            0.109327            0.000000            0.994006            0.051849           -0.109327           -0.000000           -0.994006
            0.066448            0.000021            0.079754            0.000000            0.996815            0.051849           -0.079754           -0.000000           -0.996815
            0.066502            0.000021            0.050112            0.000000            0.998744            0.051849           -0.050112           -0.000000           -0.998744
            0.066557            0.000021            0.020425            0.000000            0.999791            0.051849           -0.020425           -0.000000           -0.999791
            0.066612            0.000021           -0.009279            0.000000            0.999957            0.051849            0.009279           -0.000000           -0.999957
            0.066667            0.000021           -0.038976            0.000000            0.999240            0.051849            0.038976           -0.000000           -0.999240
            0.066721            0.000021           -0.068638            0.000000            0.997642            0.051849            0.068638           -0.000000           -0.997642
            0.066776            0.000021           -0.098239            0.000000            0.995163            0.051849            0.098239           -0.000000           -0.995163
            0.066831            0.000021           -0.127754            0.000000            0.991806            0.051849            0.127754           -0.000000           -0.991806
            0.066886            0.000021           -0.157156            0.000000            0.987574            0.051849            0.157156           -0.000000           -0.987574
            0.066940            0.000021           -0.186420            0.000000            0.982470            0.051849            0.186420           -0.000000           -0.982470
            0.066995            0.000021           -0.215518            0.000000            0.976500            0.051849            0.215518           -0.000000           -0.976500
            0.067050            0.000021           -0.244427            0.000000            0.969668            0.051849            0.244427           -0.000000           -0.969668
            0.067105            0.000021           -0.273120            0.000000            0.961980            0.051849            0.273120           -0.000000           -0.961980
            0.067159            0.000021           -0.301572            0.000000            0.953443            0.051849            0.301572           -0.000000           -0.953443
            0.067214            0.000021           -0.329758            0.000000            0.944065            0.051849            0.329758           -0.000000           -0.944065
            0.067269            0.000021           -0.357653            0.000000            0.933854            0.051849            0.357653           -0.000000           -0.933854
            0.067324            0.000021           -0.385233            0.000000            0.922819            0.051849            0.385233           -0.000000           -0.922819
            0.067379            0.000021           -0.412472            0.000000            0.910970            0.051849            0.412472           -0.000000           -0.910970
            0.067433            0.000021           -0.439348            0.000000            0.898317            0.051849            0.439348           -0.000000           -0.898317
            0.067488            0.000021           -0.465835            0.000000            0.884871            0.051849            0.465835           -0.000000           -0.884871
            0.067543            0.000021           -0.491912            0.000000            0.870645            0.051849            0.491912           -0.000000           -0.870645
            0.067598            0.000021           -0.517555            0.000000            0.855650            0.051849            0.517555           -0.000000           -0.855650
            0.067652            0.000021           -0.542741            0.000000            0.839900            0.051849            0.542741           -0.000000           -0.839900
            0.067707            0.000021           -0.567448            0.000000            0.823409            0.051849            0.567448           -0.000000           -0.823409
            0.067762            0.000021           -0.591655            0.000000            0.806192            0.051849            0.591655           -0.000000           -0.806192
            0.067817            0.000021           -0.615339            0.000000            0.788263            0.051849            0.615339           -0.000000           -0.788263
            0.067871            0.000021           -0.638480            0.000000            0.769638            0.051849            0.638480           -0.000000           -0.769638
            0.067926            0.000021           -0.661058            0.000000            0.750335            0.051849            0.661058           -0.000000           -0.750335
            0.067981            0.000021           -0.683053            0.000000            0.730369            0.051849            0.683053           -0.000000           -0.730369
            0.068036            0.000021           -0.704445            0.000000            0.709759            0.051849            0.704445           -0.000000           -0.709759
            0.068090            0.000021           -0.725215            0.000000            0.688522            0.051849            0.725215           -0.000000           -0.688522
            0.068145            0.000021           -0.745346            0.000000            0.666678            0.051849            0.745346           -0.000000           -0.666678
            0.068200            0.000021           -0.764818            0.000000            0.644246            0.051849            0.764818           -0.000000           -0.644246
            0.068255            0.000021           -0.783616            0.000000            0.621245            0.051849            0.783616           -0.000000           -0.621245
            0.068309            0.000021           -0.801723            0.000000            0.597696            0.051849            0.801723           -0.000000           -0.597696
            0.068364            0.000021           -0.819121            0.000000            0.573620            0.051849            0.819121           -0.000000           -0.573620
            0.068419            0.000021           -0.835798            0.000000            0.549038            0.051849            0.835798           -0.000000           -0.549038
            0.068474            0.000021           -0.851736            0.000000            0.523971            0.051849            0.851736           -0.000000           -0.523971
            0.068528            0.000021           -0.866923            0.000000            0.498441            0.051849            0.866923           -0.000000           -0.498441
            0.068583            0.000021           -0.881346            0.000000            0.472472            0.051849            0.881346           -0.000000           -0.472472
            0.068638            0.000021           -0.894990            0.000000            0.446086            0.051849            0.894990           -0.000000           -0.446086
            0.068693            0.000021           -0.907845            0.000000            0.419307            0.051849            0.907845           -0.000000           -0.419307
            0.068747            0.000021           -0.919898            0.000000            0.392157            0.051849            0.919898           -0.000000           -0.392157
            0.068802            0.000021           -0.931140            0.000000            0.364661            0.051849            0.931140           -0.000000           -0.364661
            0.068857            0.000021           -0.941561            0.000000            0.336844            0.051849            0.941561           -0.000000           -0.336844
            0.068912            0.000021           -0.951150            0.000000            0.308729            0.051849            0.951150           -0.000000           -0.308729
            0.068966            0.000021           -0.959900            0.000000            0.280342            0.051849            0.959900           -0.000000           -0.280342
            0.069021            0.000021           -0.967803            0.000000            0.251707            0.051849            0.967803           -0.000000           -0.251707
            0.069076            0.000021           -0.974853            0.000000            0.222851            0.051849            0.974853           -0.000000           -0.222851
            0.069131            0.000021           -0.981042            0.000000            0.193798            0.051849            0.981042           -0.000000           -0.193798
            0.069185            0.000021           -0.986365            0.000000            0.164573            0.051849            0.986365           -0.000000           -0.164573
            0.069240            0.000021           -0.990818            0.000000            0.135204            0.051849            0.990818           -0.000000           -0.135204
            0.069295            0.000021           -0.994396            0.000000            0.105715            0.051849            0.994396           -0.000000           -0.105715
            0.069350            0.000021           -0.997098            0.000000            0.076133            0.051849            0.997098           -0.000000           -0.076133
            0.069405            0.000021           -0.998919            0.000000            0.046484            0.051849            0.998919           -0.000000           -0.046484
            0.069459            0.000021           -0.999859            0.000000            0.016794            0.051849            0.999859           -0.000000           -0.016794
            0.069514            0.000021           -0.999917           -0.000000           -0.012911            0.051849            0.999917            0.000000            0.012911
            0.069569            0.000021           -0.999092           -0.000000           -0.042605            0.051849            0.999092            0.000000            0.042605
            0.069624            0.000021           -0.997386           -0.000000           -0.072261            0.051849            0.997386            0.000000            0.072261
            0.069678            0.000021           -0.994799           -0.000000           -0.101853            0.051849            0.994799            0.000000            0.101853
            0.069733            0.000021           -0.991335           -0.000000           -0.131356            0.051849            0.991335            0.000000            0.131356
            0.069788            0.000021           -0.986996           -0.000000           -0.160742            0.051849            0.986996            0.000000            0.160742
            0.069843            0.000021           -0.981787           -0.000000           -0.189987            0.051849            0.981787            0.000000            0.189987
            0.069897            0.000021           -0.975710           -0.000000           -0.219064            0.051849            0.975710            0.000000            0.219064
            0.069952            0.000021           -0.968773           -0.000000           -0.247948            0.051849            0.968773            0.000000            0.247948
            0.070007            0.000021           -0.960981           -0.000000           -0.276613            0.051849            0.960981            0.000000            0.276613
            0.070062            0.000021           -0.952342           -0.000000           -0.305034            0.051849            0.952342            0.000000            0.305034
            0.070116            0.000021           -0.942861           -0.000000           -0.333185            0.051849            0.942861            0.000000            0.333185
            0.070171            0.000021           -0.932549           -0.000000           -0.361043            0.051849            0.932549            0.000000            0.361043
            0.070226            0.000021           -0.921414           -0.000000           -0.388582            0.051849            0.921414            0.000000            0.388582
            0.070281            0.000021           -0.909466           -0.000000           -0.415778            0.051849            0.909466            0.000000            0.415778
            0.070335            0.000021           -0.896715           -0.000000           -0.442608            0.051849            0.896715            0.000000            0.442608
            0.070390            0.000021           -0.883173           -0.000000           -0.469047            0.051849            0.883173            0.000000            0.469047
            0.070445            0.000021           -0.868852           -0.000000           -0.495072            0.051849            0.868852            0.000000            0.495072
            0.070500            0.000021           -0.853764           -0.000000           -0.520660            0.051849            0.853764            0.000000            0.520660
            0.070554            0.000021           -0.837923           -0.000000           -0.545788            0.051849            0.837923            0.000000            0.545788
            0.070609            0.000021           -0.821343           -0.000000           -0.570435            0.051849            0.821343            0.000000            0.570435
            0.070664            0.000021           -0.804037           -0.000000           -0.594579            0.051849            0.804037            0.000000            0.594579
            0.070719            0.000021           -0.786022           -0.000000           -0.618198            0.051849            0.786022            0.000000            0.618198
            0.070773            0.000021           -0.767314           -0.000000           -0.641272            0.051849            0.767314            0.000000            0.641272
            0.070828            0.000021           -0.747928           -0.000000           -0.663779            0.051849            0.747928            0.000000            0.663779
            0.070883            0.000021           -0.727883           -0.000000           -0.685701            0.051849            0.727883            0.000000            0.685701
            0.070938            0.000021           -0.707195           -0.000000           -0.707018            0.051849            0.707195            0.000000            0.707018
            0.071020            0.000021           -0.675000           -0.000000           -0.737818            0.051849            0.675000            0.000000            0.737818
            0.071075            0.000021           -0.652787           -0.000000           -0.757541            0.051849            0.652787            0.000000            0.757541
            0.071129            0.000021           -0.629999           -0.000000           -0.776596            0.051849            0.629999            0.000000            0.776596
            0.071184            0.000021           -0.606654           -0.000000           -0.794966            0.051849            0.606654            0.000000            0.794966
            0.071239            0.000021           -0.582775           -0.000000           -0.812634            0.051849            0.582775            0.000000            0.812634
            0.071294            0.000021           -0.558381           -0.000000           -0.829585            0.051849            0.558381            0.000000            0.829585
            0.071348            0.000021           -0.533495           -0.000000           -0.845804            0.051849            0.533495            0.000000            0.845804
            0.071403            0.000021           -0.508137           -0.000000           -0.861276            0.051849            0.508137            0.000000            0.861276
            0.071458            0.000021           -0.482332           -0.000000           -0.875989            0.051849            0.482332            0.000000            0.875989
            0.071513            0.000021           -0.456100           -0.000000           -0.889928            0.051849            0.456100            0.000000            0.889928
            0.071567            0.000021           -0.429467           -0.000000           -0.903083            0.051849            0.429467            0.000000            0.903083
            0.071622            0.000021           -0.402454           -0.000000           -0.915440            0.051849            0.402454            0.000000            0.915440
            0.071677            0.000021           -0.375086           -0.000000           -0.926990            0.051849            0.375086            0.000000            0.926990
            0.071732            0.000021           -0.347387           -0.000000           -0.937722            0.051849            0.347387            0.000000            0.937722
            0.071759            0.000021           -0.333421           -0.000000           -0.942778            0.051849            0.333421            0.000000            0.942778
            0.071814            0.000021           -0.305272           -0.000000           -0.952265            0.051849            0.305272            0.000000            0.952265
            0.071869            0.000021           -0.276853           -0.000000           -0.960912            0.051849            0.276853            0.000000            0.960912
            0.071923            0.000021           -0.248190           -0.000000           -0.968711            0.051849            0.248190            0.000000            0.968711
            0.071978            0.000021           -0.219308           -0.000000           -0.975656            0.051849            0.219308            0.000000            0.975656
            0.072033            0.000021           -0.190233           -0.000000           -0.981739            0.051849            0.190233            0.000000            0.981739
            0.072088            0.000021           -0.160989           -0.000000           -0.986956            0.051849            0.160989            0.000000            0.986956
            0.072142            0.000021           -0.131604           -0.000000           -0.991302            0.051849            0.131604            0.000000            0.991302
            0.072197            0.000021           -0.102102           -0.000000           -0.994774            0.051849            0.102102            0.000000            0.994774
            0.072252            0.000021           -0.072511           -0.000000           -0.997368            0.051849            0.072511            0.000000            0.997368
            0.072307            0.000021           -0.042855           -0.000000           -0.999081            0.051849            0.042855            0.000000            0.999081
            0.072361            0.000021           -0.013162           -0.000000           -0.999913            0.051849            0.013162            0.000000            0.999913
            0.072416            0.000021            0.016543           -0.000000           -0.999863            0.051849           -0.016543            0.000000            0.999863
            0.072471            0.000021            0.046234           -0.000000           -0.998931            0.051849           -0.046234            0.000000            0.998931
            0.072526            0.000021            0.075884           -0.000000           -0.997117            0.051849           -0.075884            0.000000            0.997117
            0.072580            0.000021            0.105466           -0.000000           -0.994423            0.051849           -0.105466            0.000000            0.994423
            0.072635            0.000021            0.134956           -0.000000           -0.990852            0.051849           -0.134956            0.000000            0.990852
            0.072690            0.000021            0.164326           -0.000000           -0.986406            0.051849           -0.164326            0.000000            0.986406
            0.072745            0.000021            0.193552           -0.000000           -0.981090            0.051849           -0.193552            0.000000            0.981090
            0.072799            0.000021            0.222607           -0.000000           -0.974908            0.051849           -0.222607            0.000000            0.974908
            0.072854            0.000021            0.251465           -0.000000           -0.967866            0.051849           -0.251465            0.000000            0.967866
            0.072909            0.000021            0.280102           -0.000000           -0.959970            0.051849           -0.280102            0.000000            0.959970
            0.072964            0.000021            0.308491           -0.000000           -0.951227            0.051849           -0.308491            0.000000            0.951227
            0.073018            0.000021            0.336608           -0.000000           -0.941645            0.051849           -0.336608            0.000000            0.941645
            0.073073            0.000021            0.364428           -0.000000           -0.931232            0.051849           -0.364428            0.000000            0.931232
            0.073128            0.000021            0.391927           -0.000000           -0.919997            0.051849           -0.391927            0.000000            0.919997
            0.073183            0.000021            0.419079           -0.000000           -0.907950            0.051849           -0.419079            0.000000            0.907950
            0.073238            0.000021            0.445862           -0.000000           -0.895102            0.051849           -0.445862            0.000000            0.895102
            0.073292            0.000021            0.472252           -0.000000           -0.881464            0.051849           -0.472252            0.000000            0.881464
            0.073347            0.000021            0.498224           -0.000000           -0.867048            0.051849           -0.498224            0.000000            0.867048
            0.073402            0.000021            0.523757           -0.000000           -0.851867            0.051849           -0.523757            0.000000            0.851867
            0.073457            0.000021            0.548828           -0.000000           -0.835935            0.051849           -0.548828            0.000000            0.835935
            0.073511            0.000021            0.573415           -0.000000           -0.819265            0.051849           -0.573415            0.000000            0.819265
            0.073566            0.000021            0.597496           -0.000000           -0.801872            0.051849           -0.597496            0.000000            0.801872
            0.073621            0.000021            0.621049           -0.000000           -0.783772            0.051849           -0.621049            0.000000            0.783772
            0.073676            0.000021            0.644055           -0.000000           -0.764980            0.051849           -0.644055            0.000000            0.764980
            0.073730            0.000021            0.666492           -0.000000           -0.745512            0.051849           -0.666492            0.000000            0.745512
            0.073785            0.000021            0.688341           -0.000000           -0.725387            0.051849           -0.688341            0.000000            0.725387
            0.073840            0.000021            0.709582           -0.000000           -0.704622            0.051849           -0.709582            0.000000            0.704622
            0.073895            0.000021            0.730198           -0.000000           -0.683236            0.051849           -0.730198            0.000000            0.683236
            0.073949            0.000021            0.750169           -0.000000           -0.661246            0.051849           -0.750169            0.000000            0.661246
            0.074004            0.000021            0.769478           -0.000000           -0.638673            0.051849           -0.769478            0.000000            0.638673
            0.074059            0.000021            0.788109           -0.000000           -0.615536            0.051849           -0.788109            0.000000            0.615536
            0.074114            0.000021            0.806043           -0.000000           -0.591856            0.051849           -0.806043            0.000000            0.591856
            0.074168            0.000021            0.823267           -0.000000           -0.567654            0.051849           -0.823267            0.000000            0.567654
            0.074223            0.000021            0.839764           -0.000000           -0.542951            0.051849           -0.839764            0.000000            0.542951
            0.074278            0.000021            0.855520           -0.000000           -0.517769            0.051849           -0.855520            0.000000            0.517769
            0.074333            0.000021            0.870522           -0.000000           -0.492130            0.051849           -0.870522            0.000000            0.492130
            0.074387            0.000021            0.884755           -0.000000           -0.466057            0.051849           -0.884755            0.000000            0.466057
            0.074442            0.000021            0.898207           -0.000000           -0.439573            0.051849           -0.898207            0.000000            0.439573
            0.074497            0.000021            0.910867           -0.000000           -0.412700            0.051849           -0.910867            0.000000            0.412700
            0.074552            0.000021            0.922723           -0.000000           -0.385464            0.051849           -0.922723            0.000000            0.385464
            0.074606            0.000021            0.933765           -0.000000           -0.357887            0.051849           -0.933765            0.000000            0.357887
            0.074661            0.000021            0.943983           -0.000000           -0.329995            0.051849           -0.943983            0.000000            0.329995
            0.074716            0.000021            0.953368           -0.000000           -0.301811            0.051849           -0.953368            0.000000            0.301811
            0.074771            0.000021            0.961911           -0.000000           -0.273361            0.051849           -0.961911            0.000000            0.273361
            0.074825            0.000021            0.969606           -0.000000           -0.244670            0.051849           -0.969606            0.000000            0.244670
            0.074880            0.000021            0.976446           -0.000000           -0.215763            0.051849           -0.976446            0.000000            0.215763
            0.074935            0.000021            0.982424           -0.000000           -0.186666            0.051849           -0.982424            0.000000            0.186666
            0.074990            0.000021            0.987534           -0.000000           -0.157403            0.051849           -0.987534            0.000000            0.157403
            0.075044            0.000021            0.991774           -0.000000           -0.128002            0.051849           -0.991774            0.000000            0.128002
            0.075099            0.000021            0.995138           -0.000000           -0.098488            0.051849           -0.995138            0.000000            0.098488
            0.075154            0.000021            0.997624           -0.000000           -0.068888            0.051849           -0.997624            0.000000            0.068888
            0.075209            0.000021            0.999230           -0.000000           -0.039226            0.051849           -0.999230            0.000000            0.039226
            0.075264            0.000021            0.999955           -0.000000           -0.009530            0.051849           -0.999955            0.000000            0.009530
            0.075318            0.000021            0.999796            0.000000            0.020175            0.051849           -0.999796           -0.000000           -0.020175
            0.075373            0.000021            0.998756            0.000000            0.049862            0.051849           -0.998756           -0.000000           -0.049862
            0.075428            0.000021            0.996834            0.000000            0.079505            0.051849           -0.996834           -0.000000           -0.079505
            0.075483            0.000021            0.994033            0.000000            0.109078            0.051849           -0.994033           -0.000000           -0.109078
            0.075537            0.000021            0.990355            0.000000            0.138554            0.051849           -0.990355           -0.000000           -0.138554
            0.075592            0.000021            0.985803            0.000000            0.167908            0.051849           -0.985803           -0.000000           -0.167908
            0.075647            0.000021            0.980380            0.000000            0.197114            0.051849           -0.980380           -0.000000           -0.197114
            0.075702            0.000021            0.974093            0.000000            0.226147            0.051849           -0.974093           -0.000000           -0.226147
            0.075756            0.000021            0.966947            0.000000            0.254979            0.051849           -0.966947           -0.000000           -0.254979
            0.075811            0.000021            0.958947            0.000000            0.283587            0.051849           -0.958947           -0.000000           -0.283587
            0.075866            0.000021            0.950100            0.000000            0.311944            0.051849           -0.950100           -0.000000           -0.311944
            0.075921            0.000021            0.940416            0.000000            0.340026            0.051849           -0.940416           -0.000000           -0.340026
            0.075975            0.000021            0.929902            0.000000            0.367808            0.051849           -0.929902           -0.000000           -0.367808
            0.076030            0.000021            0.918567            0.000000            0.395266            0.051849           -0.918567           -0.000000           -0.395266
            0.076085            0.000021            0.906421            0.000000            0.422374            0.051849           -0.906421           -0.000000           -0.422374
            0.076140            0.000021            0.893476            0.000000            0.449110            0.051849           -0.893476           -0.000000           -0.449110
            0.076194            0.000021            0.879743            0.000000            0.475450            0.051849           -0.879743           -0.000000           -0.475450
            0.076249            0.000021            0.865233            0.000000            0.501370            0.051849           -0.865233           -0.000000           -0.501370
            0.076304            0.000021            0.849959            0.000000            0.526848            0.051849           -0.849959           -0.000000           -0.526848
            0.076359            0.000021            0.833936            0.000000            0.551861            0.051849           -0.833936           -0.000000           -0.551861
            0.076413            0.000021            0.817177            0.000000            0.576387            0.051849           -0.817177           -0.000000           -0.576387
            0.076468            0.000021            0.799697            0.000000            0.600404            0.051849           -0.799697           -0.000000           -0.600404
            0.076523            0.000021            0.781511            0.000000            0.623892            0.051849           -0.781511           -0.000000           -0.623892
            0.076578            0.000021            0.762635            0.000000            0.646829            0.051849           -0.762635           -0.000000           -0.646829
            0.076632            0.000021            0.743087            0.000000            0.669195            0.051849           -0.743087           -0.000000           -0.669195
            0.076687            0.000021            0.722882            0.000000            0.690971            0.051849           -0.722882           -0.000000           -0.690971
            0.076742            0.000021            0.702040            0.000000            0.712137            0.051849           -0.702040           -0.000000           -0.712137
            0.076797            0.000021            0.680579            0.000000            0.732675            0.051849           -0.680579           -0.000000           -0.732675
            0.076851            0.000021            0.658517            0.000000            0.752566            0.051849           -0.658517           -0.000000           -0.752566
            0.076906            0.000021            0.635874            0.000000            0.771793            0.051849           -0.635874           -0.000000           -0.771793
            0.076961            0.000021            0.612669            0.000000            0.790339            0.051849           -0.612669           -0.000000           -0.790339
            0.077016            0.000021            0.588925            0.000000            0.808188            0.051849           -0.588925           -0.000000           -0.808188
            0.077070            0.000021            0.564660            0.000000            0.825324            0.051849           -0.564660           -0.000000           -0.825324
            0.077125            0.000021            0.539897            0.000000            0.841731            0.051849           -0.539897           -0.000000           -0.841731
            0.077180            0.000021            0.514658            0.000000            0.857395            0.051849           -0.514658           -0.000000           -0.857395
            0.077235            0.000021            0.488965            0.000000            0.872303            0.051849           -0.488965           -0.000000           -0.872303
            0.077290            0.000021            0.462840            0.000000            0.886442            0.051849           -0.462840           -0.000000           -0.886442
            0.077344            0.000021            0.436307            0.000000            0.899798            0.051849           -0.436307           -0.000000           -0.899798
            0.077399            0.000021            0.409389            0.000000            0.912360            0.051849           -0.409389           -0.000000           -0.912360
            0.077454            0.000021            0.382110            0.000000            0.924117            0.051849           -0.382110           -0.000000           -0.924117
            0.077509            0.000021            0.354493            0.000000            0.935059            0.051849           -0.354493           -0.000000           -0.935059
            0.077563            0.000021            0.326564            0.000000            0.945175            0.051849           -0.326564           -0.000000           -0.945175
            0.077618            0.000021            0.298346            0.000000            0.954458            0.051849           -0.298346           -0.000000           -0.954458
            0.077673            0.000021            0.269865            0.000000            0.962898            0.051849           -0.269865           -0.000000           -0.962898
            0.077728            0.000021            0.241146            0.000000            0.970489            0.051849           -0.241146           -0.000000           -0.970489
            0.077782            0.000021            0.212215            0.000000            0.977223            0.051849           -0.212215           -0.000000           -0.977223
            0.077837            0.000021            0.183096            0.000000            0.983095            0.051849           -0.183096           -0.000000           -0.983095
            0.077892            0.000021            0.153815            0.000000            0.988100            0.051849           -0.153815           -0.000000           -0.988100
            0.077947            0.000021            0.124399            0.000000            0.992232            0.051849           -0.124399           -0.000000           -0.992232
            0.078001            0.000021            0.094873            0.000000            0.995489            0.051849           -0.094873           -0.000000           -0.995489
            0.078056            0.000021            0.065263            0.000000            0.997868            0.051849           -0.065263           -0.000000           -0.997868
            0.078111            0.000021            0.035596            0.000000            0.999366            0.051849           -0.035596           -0.000000           -0.999366
            0.078166            0.000021            0.005897            0.000000            0.999983            0.051849           -0.005897           -0.000000           -0.999983
            0.078220            0.000021           -0.023807            0.000000            0.999717            0.051849            0.023807           -0.000000           -0.999717
            0.078275            0.000021           -0.053490            0.000000            0.998568            0.051849            0.053490           -0.000000           -0.998568
            0.078330            0.000021           -0.083125            0.000000            0.996539            0.051849            0.083125           -0.000000           -0.996539
            0.078385            0.000021           -0.112688            0.000000            0.993630            0.051849            0.112688           -0.000000           -0.993630
            0.078439            0.000021           -0.142151            0.000000            0.989845            0.051849            0.142151           -0.000000           -0.989845
            0.078494            0.000021           -0.171488            0.000000            0.985186            0.051849            0.171488           -0.000000           -0.985186
            0.078549            0.000021           -0.200674            0.000000            0.979658            0.051849            0.200674           -0.000000           -0.979658
            0.078604            0.000021           -0.229683            0.000000            0.973265            0.051849            0.229683           -0.000000           -0.973265
            0.078658            0.000021           -0.258490            0.000000            0.966014            0.051849            0.258490           -0.000000           -0.966014
            0.078713            0.000021           -0.287068            0.000000            0.957910            0.051849            0.287068           -0.000000           -0.957910
            0.078768            0.000021           -0.315393            0.000000            0.948961            0.051849            0.315393           -0.000000           -0.948961
            0.078823            0.000021           -0.343440            0.000000            0.939175            0.051849            0.343440           -0.000000           -0.939175
            0.078877            0.000021           -0.371184            0.000000            0.928560            0.051849            0.371184           -0.000000           -0.928560
            0.078932            0.000021           -0.398600            0.000000            0.917125            0.051849            0.398600           -0.000000           -0.917125
            0.078987            0.000021           -0.425664            0.000000            0.904881            0.051849            0.425664           -0.000000           -0.904881
            0.079042            0.000021           -0.452353            0.000000            0.891839            0.051849            0.452353           -0.000000           -0.891839
            0.079097            0.000021           -0.478643            0.000000            0.878010            0.051849            0.478643           -0.000000           -0.878010
            0.079151            0.000021           -0.504510            0.000000            0.863406            0.051849            0.504510           -0.000000           -0.863406
            0.079206            0.000021           -0.529932            0.000000            0.848040            0.051849            0.529932           -0.000000           -0.848040
            0.079261            0.000021           -0.554887            0.000000            0.831926            0.051849            0.554887           -0.000000           -0.831926
            0.079316            0.000021           -0.579352            0.000000            0.815078            0.051849            0.579352           -0.000000           -0.815078
            0.079370            0.000021           -0.603305            0.000000            0.797510            0.051849            0.603305           -0.000000           -0.797510
            0.079425            0.000021           -0.626727            0.000000            0.779239            0.051849            0.626727           -0.000000           -0.779239
            0.079480            0.000021           -0.649595            0.000000            0.760280            0.051849            0.649595           -0.000000           -0.760280
            0.079535            0.000021           -0.671890            0.000000            0.740651            0.051849            0.671890           -0.000000           -0.740651
            0.079589            0.000021           -0.693592            0.000000            0.720368            0.051849            0.693592           -0.000000           -0.720368
            0.079644            0.000021           -0.714683            0.000000            0.699449            0.051849            0.714683           -0.000000           -0.699449
            0.079699            0.000021           -0.735142            0.000000            0.677913            0.051849            0.735142           -0.000000           -0.677913
            0.079754            0.000021           -0.754953            0.000000            0.655779            0.051849            0.754953           -0.000000           -0.655779
            0.079808            0.000021           -0.774098            0.000000            0.633066            0.051849            0.774098           -0.000000           -0.633066
            0.079863            0.000021           -0.792560            0.000000            0.609795            0.051849            0.792560           -0.000000           -0.609795
            0.079918            0.000021           -0.810322            0.000000            0.585985            0.051849            0.810322           -0.000000           -0.585985
            0.079973            0.000021           -0.827369            0.000000            0.561658            0.051849            0.827369           -0.000000           -0.561658
            0.080027            0.000021           -0.843686            0.000000            0.536836            0.051849            0.843686           -0.000000           -0.536836
            0.080082            0.000021           -0.859259            0.000000            0.511540            0.051849            0.859259           -0.000000           -0.511540
            0.080137            0.000021           -0.874074            0.000000            0.485793            0.051849            0.874074           -0.000000           -0.485793
            0.080192            0.000021           -0.888117            0.000000            0.459617            0.051849            0.888117           -0.000000           -0.459617
            0.080246            0.000021           -0.901377            0.000000            0.433036            0.051849            0.901377           -0.000000           -0.433036
            0.080301            0.000021           -0.913841            0.000000            0.406072            0.051849            0.913841           -0.000000           -0.406072
            0.080356            0.000021           -0.925499            0.000000            0.378750            0.051849            0.925499           -0.000000           -0.378750
            0.080411            0.000021           -0.936340            0.000000            0.351094            0.051849            0.936340           -0.000000           -0.351094
            0.080465            0.000021           -0.946355            0.000000            0.323128            0.051849            0.946355           -0.000000           -0.323128
            0.080520            0.000021           -0.955535            0.000000            0.294877            0.051849            0.955535           -0.000000           -0.294877
            0.080575            0.000021           -0.963872            0.000000            0.266366            0.051849            0.963872           -0.000000           -0.266366
            0.080630            0.000021           -0.971358            0.000000            0.237620            0.051849            0.971358           -0.000000           -0.237620
            0.080684            0.000021           -0.977987            0.000000            0.208664            0.051849            0.977987           -0.000000           -0.208664
            0.080739            0.000021           -0.983754            0.000000            0.179524            0.051849            0.983754           -0.000000           -0.179524
            0.080794            0.000021           -0.988652            0.000000            0.150225            0.051849            0.988652           -0.000000           -0.150225
            0.080849            0.000021           -0.992678            0.000000            0.120794            0.051849            0.992678           -0.000000           -0.120794
            0.080903            0.000021           -0.995827            0.000000            0.091256            0.051849            0.995827           -0.000000           -0.091256
            0.080958            0.000021           -0.998099            0.000000            0.061638            0.051849            0.998099           -0.000000           -0.061638
            0.081013            0.000021           -0.999489            0.000000            0.031966            0.051849            0.999489           -0.000000           -0.031966
            0.081068            0.000021           -0.999997            0.000000            0.002265            0.051849            0.999997           -0.000000           -0.002265
            0.081123            0.000021           -0.999624           -0.000000           -0.027438            0.051849            0.999624            0.000000            0.027438
            0.081177            0.000021           -0.998368           -0.000000           -0.057116            0.051849            0.998368            0.000000            0.057116
            0.081232            0.000021           -0.996231           -0.000000           -0.086745            0.051849            0.996231            0.000000            0.086745
            0.081287            0.000021           -0.993215           -0.000000           -0.116296            0.051849            0.993215            0.000000            0.116296
            0.081342            0.000021           -0.989322           -0.000000           -0.145745            0.051849            0.989322            0.000000            0.145745
            0.081396            0.000021           -0.984557           -0.000000           -0.175065            0.051849            0.984557            0.000000            0.175065
            0.081451            0.000021           -0.978923           -0.000000           -0.204231            0.051849            0.978923            0.000000            0.204231
            0.081506            0.000021           -0.972425           -0.000000           -0.233217            0.051849            0.972425            0.000000            0.233217
            0.081561            0.000021           -0.965069           -0.000000           -0.261997            0.051849            0.965069            0.000000            0.261997
            0.081615            0.000021           -0.956861           -0.000000           -0.290546            0.051849            0.956861            0.000000            0.290546
            0.081670            0.000021           -0.947809           -0.000000           -0.318838            0.051849            0.947809            0.000000            0.318838
            0.081725            0.000021           -0.937921           -0.000000           -0.346849            0.051849            0.937921            0.000000            0.346849
            0.081780            0.000021           -0.927205           -0.000000           -0.374554            0.051849            0.927205            0.000000            0.374554
            0.081834            0.000021           -0.915671           -0.000000           -0.401928            0.051849            0.915671            0.000000            0.401928
            0.081889            0.000021           -0.903329           -0.000000           -0.428948            0.051849            0.903329            0.000000            0.428948
            0.081944            0.000021           -0.890190           -0.000000           -0.455589            0.051849            0.890190            0.000000            0.455589
            0.081999            0.000021           -0.876265           -0.000000           -0.481829            0.051849            0.876265            0.000000            0.481829
            0.082053            0.000021           -0.861568           -0.000000           -0.507643            0.051849            0.861568            0.000000            0.507643
            0.082108            0.000021           -0.846110           -0.000000           -0.533009            0.051849            0.846110            0.000000            0.533009
            0.082163            0.000021           -0.829905           -0.000000           -0.557905            0.051849            0.829905            0.000000            0.557905
            0.082218            0.000021           -0.812968           -0.000000           -0.582308            0.051849            0.812968            0.000000            0.582308
            0.082272            0.000021           -0.795314           -0.000000           -0.606198            0.051849            0.795314            0.000000            0.606198
            0.082327            0.000021           -0.776958           -0.000000           -0.629553            0.051849            0.776958            0.000000            0.629553
            0.082382            0.000021           -0.757916           -0.000000           -0.652352            0.051849            0.757916            0.000000            0.652352
            0.082437            0.000021           -0.738205           -0.000000           -0.674576            0.051849            0.738205            0.000000            0.674576
            0.082491            0.000021           -0.717844           -0.000000           -0.696204            0.051849            0.717844            0.000000            0.696204
            0.082546            0.000021           -0.696848           -0.000000           -0.717218            0.051849            0.696848            0.000000            0.717218
            0.082601            0.000021           -0.675238           -0.000000           -0.737600            0.051849            0.675238            0.000000            0.737600
            0.082656            0.000021           -0.653032           -0.000000           -0.757330            0.051849            0.653032            0.000000            0.757330
            0.082710            0.000021           -0.630250           -0.000000           -0.776392            0.051849            0.630250            0.000000            0.776392
            0.082765            0.000021           -0.606912           -0.000000           -0.794769            0.051849            0.606912            0.000000            0.794769
            0.082820            0.000021           -0.583038           -0.000000           -0.812445            0.051849            0.583038            0.000000            0.812445
            0.082875            0.000021           -0.558649           -0.000000           -0.829404            0.051849            0.558649            0.000000            0.829404
            0.082930            0.000021           -0.533768           -0.000000           -0.845631            0.051849            0.533768            0.000000            0.845631
            0.082984            0.000021           -0.508416           -0.000000           -0.861112            0.051849            0.508416            0.000000            0.861112
            0.083039            0.000021           -0.482615           -0.000000           -0.875833            0.051849            0.482615            0.000000            0.875833
            0.083094            0.000021           -0.456388           -0.000000           -0.889781            0.051849            0.456388            0.000000            0.889781
            0.083149            0.000021           -0.429759           -0.000000           -0.902944            0.051849            0.429759            0.000000            0.902944
            0.083203            0.000021           -0.402750           -0.000000           -0.915310            0.051849            0.402750            0.000000            0.915310
            0.083258            0.000021           -0.375386           -0.000000           -0.926869            0.051849            0.375386            0.000000            0.926869
            0.083313            0.000021           -0.347691           -0.000000           -0.937609            0.051849            0.347691            0.000000            0.937609
            0.083368            0.000021           -0.319689           -0.000000           -0.947523            0.051849            0.319689            0.000000            0.947523
            0.083422            0.000021           -0.291404           -0.000000           -0.956600            0.051849            0.291404            0.000000            0.956600
            0.083477            0.000021           -0.262863           -0.000000           -0.964833            0.051849            0.262863            0.000000            0.964833
            0.083532            0.000021           -0.234090           -0.000000           -0.972215            0.051849            0.234090            0.000000            0.972215
            0.083587            0.000021           -0.205110           -0.000000           -0.978739            0.051849            0.205110            0.000000            0.978739
            0.083641            0.000021           -0.175949           -0.000000           -0.984399            0.051849            0.175949            0.000000            0.984399
            0.083696            0.000021           -0.146633           -0.000000           -0.989191            0.051849            0.146633            0.000000            0.989191
            0.083751            0.000021           -0.117187           -0.000000           -0.993110            0.051849            0.117187            0.000000            0.993110
            0.083806            0.000021           -0.087639           -0.000000           -0.996152            0.051849            0.087639            0.000000            0.996152
            0.083860            0.000021           -0.058012           -0.000000           -0.998316            0.051849            0.058012            0.000000            0.998316
            0.083915            0.000021           -0.028335           -0.000000           -0.999598            0.051849            0.028335            0.000000            0.999598
            0.083970            0.000021            0.001367           -0.000000           -0.999999            0.051849           -0.001367            0.000000            0.999999
            0.084025            0.000021            0.031069           -0.000000           -0.999517            0.051849           -0.031069            0.000000            0.999517
            0.084079            0.000021            0.060742           -0.000000           -0.998153            0.051849           -0.060742            0.000000            0.998153
            0.084134            0.000021            0.090363           -0.000000           -0.995909            0.051849           -0.090363            0.000000            0.995909
            0.084189            0.000021            0.119903           -0.000000           -0.992786            0.051849           -0.119903            0.000000            0.992786
            0.084244            0.000021            0.149338           -0.000000           -0.988786            0.051849           -0.149338            0.000000            0.988786
            0.084298            0.000021            0.178641           -0.000000           -0.983914            0.051849           -0.178641            0.000000            0.983914
            0.084353            0.000021            0.207786           -0.000000           -0.978174            0.051849           -0.207786            0.000000            0.978174
            0.084408            0.000021            0.236748           -0.000000           -0.971571            0.051849           -0.236748            0.000000            0.971571
            0.084463            0.000021            0.265501           -0.000000           -0.964111            0.051849           -0.265501            0.000000            0.964111
            0.084517            0.000021            0.294019           -0.000000           -0.955799            0.051849           -0.294019            0.000000            0.955799
            0.084572            0.000021            0.322279           -0.000000           -0.946645            0.051849           -0.322279            0.000000            0.946645
            0.084627            0.000021            0.350254           -0.000000           -0.936655            0.051849           -0.350254            0.000000            0.936655
            0.084682            0.000021            0.377919           -0.000000           -0.925838            0.051849           -0.377919            0.000000            0.925838
            0.084736            0.000021            0.405252           -0.000000           -0.914205            0.051849           -0.405252            0.000000            0.914205
            0.084791            0.000021            0.432227           -0.000000           -0.901765            0.051849           -0.432227            0.000000            0.901765
            0.084846            0.000021            0.458820           -0.000000           -0.888529            0.051849           -0.458820            0.000000            0.888529
            0.084901            0.000021            0.485008           -0.000000           -0.874509            0.051849           -0.485008            0.000000            0.874509
            0.084983            0.000021            0.523482           -0.000000           -0.852037            0.051849           -0.523482            0.000000            0.852037
            0.085038            0.000021            0.548558           -0.000000           -0.836113            0.051849           -0.548558            0.000000            0.836113
            0.085092            0.000021            0.573150           -0.000000           -0.819451            0.051849           -0.573150            0.000000            0.819451
            0.085147            0.000021            0.597236           -0.000000           -0.802065            0.051849           -0.597236            0.000000            0.802065
            0.085202            0.000021            0.620795           -0.000000           -0.783973            0.051849           -0.620795            0.000000            0.783973
            0.085257            0.000021            0.643807           -0.000000           -0.765188            0.051849           -0.643807            0.000000            0.765188
            0.085311            0.000021            0.666250           -0.000000           -0.745728            0.051849           -0.666250            0.000000            0.745728
            0.085366            0.000021            0.688106           -0.000000           -0.725610            0.051849           -0.688106            0.000000            0.725610
            0.085421            0.000021            0.709354           -0.000000           -0.704852            0.051849           -0.709354            0.000000            0.704852
            0.085476            0.000021            0.729977           -0.000000           -0.683472            0.051849           -0.729977            0.000000            0.683472
            0.085530            0.000021            0.749955           -0.000000           -0.661489            0.051849           -0.749955            0.000000            0.661489
            0.085585            0.000021            0.769272           -0.000000           -0.638922            0.051849           -0.769272            0.000000            0.638922
            0.085640            0.000021            0.787909           -0.000000           -0.615791            0.051849           -0.787909            0.000000            0.615791
            0.085695            0.000021            0.805852           -0.000000           -0.592117            0.051849           -0.805852            0.000000            0.592117
            0.085749            0.000021            0.823083           -0.000000           -0.567921            0.051849           -0.823083            0.000000            0.567921
            0.085804            0.000021            0.839588           -0.000000           -0.543223            0.051849           -0.839588            0.000000            0.543223
            0.085859            0.000021            0.855353           -0.000000           -0.518046            0.051849           -0.855353            0.000000            0.518046
            0.085914            0.000021            0.870362           -0.000000           -0.492412            0.051849           -0.870362            0.000000            0.492412
            0.085969            0.000021            0.884604           -0.000000           -0.466343            0.051849           -0.884604            0.000000            0.466343
            0.086023            0.000021            0.898065           -0.000000           -0.439863            0.051849           -0.898065            0.000000            0.439863
            0.086078            0.000021            0.910733           -0.000000           -0.412995            0.051849           -0.910733            0.000000            0.412995
            0.086133            0.000021            0.922598           -0.000000           -0.385762            0.051849           -0.922598            0.000000            0.385762
            0.086188            0.000021            0.933649           -0.000000           -0.358189            0.051849           -0.933649            0.000000            0.358189
            0.086242            0.000021            0.943876           -0.000000           -0.330300            0.051849           -0.943876            0.000000            0.330300
            0.086270            0.000021            0.948678           -0.000000           -0.316245            0.051849           -0.948678            0.000000            0.316245
            0.086324            0.000021            0.957652           -0.000000           -0.287928            0.051849           -0.957652            0.000000            0.287928
            0.086379            0.000021            0.965782           -0.000000           -0.259357            0.051849           -0.965782            0.000000            0.259357
            0.086434            0.000021            0.973059           -0.000000           -0.230557            0.051849           -0.973059            0.000000            0.230557
            0.086489            0.000021            0.979478           -0.000000           -0.201553            0.051849           -0.979478            0.000000            0.201553
            0.086543            0.000021            0.985032           -0.000000           -0.172372            0.051849           -0.985032            0.000000            0.172372
            0.086598            0.000021            0.989717           -0.000000           -0.143039            0.051849           -0.989717            0.000000            0.143039
            0.086653            0.000021            0.993529           -0.000000           -0.113579            0.051849           -0.993529            0.000000            0.113579
            0.086708            0.000021            0.996464           -0.000000           -0.084020            0.051849           -0.996464            0.000000            0.084020
            0.086762            0.000021            0.998520           -0.000000           -0.054386            0.051849           -0.998520            0.000000            0.054386
            0.086817            0.000021            0.999695           -0.000000           -0.024704            0.051849           -0.999695            0.000000            0.024704
            0.086872            0.000021            0.999988            0.000000            0.005000            0.051849           -0.999988           -0.000000           -0.005000
            0.086927            0.000021            0.999398            0.000000            0.034699            0.051849           -0.999398           -0.000000           -0.034699
            0.086982            0.000021            0.997926            0.000000            0.064368            0.051849           -0.997926           -0.000000           -0.064368
            0.087036            0.000021            0.995574            0.000000            0.093980            0.051849           -0.995574           -0.000000           -0.093980
            0.087091            0.000021            0.992344            0.000000            0.123508            0.051849           -0.992344           -0.000000           -0.123508
            0.087146            0.000021            0.988237            0.000000            0.152928            0.051849           -0.988237           -0.000000           -0.152928
            0.087201            0.000021            0.983259            0.000000            0.182213            0.051849           -0.983259           -0.000000           -0.182213
            0.087255            0.000021            0.977413            0.000000            0.211338            0.051849           -0.977413           -0.000000           -0.211338
            0.087310            0.000021            0.970705            0.000000            0.240275            0.051849           -0.970705           -0.000000           -0.240275
            0.087365            0.000021            0.963140            0.000000            0.269001            0.051849           -0.963140           -0.000000           -0.269001
            0.087420            0.000021            0.954725            0.000000            0.297489            0.051849           -0.954725           -0.000000           -0.297489
            0.087474            0.000021            0.945468            0.000000            0.325715            0.051849           -0.945468           -0.000000           -0.325715
            0.087529            0.000021            0.935376            0.000000            0.353654            0.051849           -0.935376           -0.000000           -0.353654
            0.087584            0.000021            0.924460            0.000000            0.381280            0.051849           -0.924460           -0.000000           -0.381280
            0.087639            0.000021            0.912727            0.000000            0.408570            0.051849           -0.912727           -0.000000           -0.408570
            0.087693            0.000021            0.900189            0.000000            0.435499            0.051849           -0.900189           -0.000000           -0.435499
            0.087748            0.000021            0.886857            0.000000            0.462044            0.051849           -0.886857           -0.000000           -0.462044
            0.087803            0.000021            0.872742            0.000000            0.488182            0.051849           -0.872742           -0.000000           -0.488182
            0.087858            0.000021            0.857857            0.000000            0.513888            0.051849           -0.857857           -0.000000           -0.513888
            0.087912            0.000021            0.842215            0.000000            0.539142            0.051849           -0.842215           -0.000000           -0.539142
            0.087967            0.000021            0.825830            0.000000            0.563919            0.051849           -0.825830           -0.000000           -0.563919
            0.088022            0.000021            0.808716            0.000000            0.588199            0.051849           -0.808716           -0.000000           -0.588199
            0.088077            0.000021            0.790889            0.000000            0.611960            0.051849           -0.790889           -0.000000           -0.611960
            0.088131            0.000021            0.772364            0.000000            0.635181            0.051849           -0.772364           -0.000000           -0.635181
            0.088186            0.000021            0.753157            0.000000            0.657841            0.051849           -0.753157           -0.000000           -0.657841
            0.088241            0.000021            0.733285            0.000000            0.679921            0.051849           -0.733285           -0.000000           -0.679921
            0.088296            0.000021            0.712767            0.000000            0.701401            0.051849           -0.712767           -0.000000           -0.701401
            0.088350            0.000021            0.691620            0.000000            0.722262            0.051849           -0.691620           -0.000000           -0.722262
            0.088405            0.000021            0.669862            0.000000            0.742486            0.051849           -0.669862           -0.000000           -0.742486
            0.088460            0.000021            0.647513            0.000000            0.762054            0.051849           -0.647513           -0.000000           -0.762054
            0.088515            0.000021            0.624593            0.000000            0.780950            0.051849           -0.624593           -0.000000           -0.780950
            0.088569            0.000021            0.601122            0.000000            0.799157            0.051849           -0.601122           -0.000000           -0.799157
            0.088624            0.000021            0.577120            0.000000            0.816659            0.051849           -0.577120           -0.000000           -0.816659
            0.088679            0.000021            0.552609            0.000000            0.833440            0.051849           -0.552609           -0.000000           -0.833440
            0.088734            0.000021            0.527611            0.000000            0.849486            0.051849           -0.527611           -0.000000           -0.849486
            0.088789            0.000021            0.502147            0.000000            0.864782            0.051849           -0.502147           -0.000000           -0.864782
            0.088843            0.000021            0.476240            0.000000            0.879316            0.051849           -0.476240           -0.000000           -0.879316
            0.088898            0.000021            0.449912            0.000000            0.893073            0.051849           -0.449912           -0.000000           -0.893073
            0.088953            0.000021            0.423188            0.000000            0.906042            0.051849           -0.423188           -0.000000           -0.906042
            0.089008            0.000021            0.396090            0.000000            0.918212            0.051849           -0.396090           -0.000000           -0.918212
            0.089062            0.000021            0.368643            0.000000            0.929571            0.051849           -0.368643           -0.000000           -0.929571
            0.089117            0.000021            0.340870            0.000000            0.940110            0.051849           -0.340870           -0.000000           -0.940110
            0.089172            0.000021            0.312797            0.000000            0.949820            0.051849           -0.312797           -0.000000           -0.949820
            0.089227            0.000021            0.284447            0.000000            0.958692            0.051849           -0.284447           -0.000000           -0.958692
            0.089281            0.000021            0.255847            0.000000            0.966717            0.051849           -0.255847           -0.000000           -0.966717
            0.089336            0.000021            0.227021            0.000000            0.973890            0.051849           -0.227021           -0.000000           -0.973890
            0.089391            0.000021            0.197994            0.000000            0.980203            0.051849           -0.197994           -0.000000           -0.980203
            0.089446            0.000021            0.168793            0.000000            0.985652            0.051849           -0.168793           -0.000000           -0.985652
            0.089500            0.000021            0.139443            0.000000            0.990230            0.051849           -0.139443           -0.000000           -0.990230
            0.089555            0.000021            0.109970            0.000000            0.993935            0.051849           -0.109970           -0.000000           -0.993935
            0.089610            0.000021            0.080400            0.000000            0.996763            0.051849           -0.080400           -0.000000           -0.996763
            0.089665            0.000021            0.050758            0.000000            0.998711            0.051849           -0.050758           -0.000000           -0.998711
            0.089719            0.000021            0.021072            0.000000            0.999778            0.051849           -0.021072           -0.000000           -0.999778
            0.089774            0.000021           -0.008632            0.000000            0.999963            0.051849            0.008632           -0.000000           -0.999963
            0.089829            0.000021           -0.038329            0.000000            0.999265            0.051849            0.038329           -0.000000           -0.999265
            0.089884            0.000021           -0.067992            0.000000            0.997686            0.051849            0.067992           -0.000000           -0.997686
            0.089938            0.000021           -0.097595            0.000000            0.995226            0.051849            0.097595           -0.000000           -0.995226
            0.089993            0.000021           -0.127112            0.000000            0.991888            0.051849            0.127112           -0.000000           -0.991888
            0.090048            0.000021           -0.156517            0.000000            0.987675            0.051849            0.156517           -0.000000           -0.987675
            0.090103            0.000021           -0.185784            0.000000            0.982591            0.051849            0.185784           -0.000000           -0.982591
            0.090157            0.000021           -0.214887            0.000000            0.976639            0.051849            0.214887           -0.000000           -0.976639
            0.090212            0.000021           -0.243800            0.000000            0.969826            0.051849            0.243800           -0.000000           -0.969826
            0.090267            0.000021           -0.272498            0.000000            0.962156            0.051849            0.272498           -0.000000           -0.962156
            0.090322            0.000021           -0.300955            0.000000            0.953638            0.051849            0.300955           -0.000000           -0.953638
            0.090376            0.000021           -0.329147            0.000000            0.944279            0.051849            0.329147           -0.000000           -0.944279
            0.090431            0.000021           -0.357049            0.000000            0.934086            0.051849            0.357049           -0.000000           -0.934086
            0.090486            0.000021           -0.384635            0.000000            0.923069            0.051849            0.384635           -0.000000           -0.923069
            0.090541            0.000021           -0.411883            0.000000            0.911237            0.051849            0.411883           -0.000000           -0.911237
            0.090595            0.000021           -0.438766            0.000000            0.898601            0.051849            0.438766           -0.000000           -0.898601
            0.090650            0.000021           -0.465263            0.000000            0.885173            0.051849            0.465263           -0.000000           -0.885173
            0.090705            0.000021           -0.491349            0.000000            0.870963            0.051849            0.491349           -0.000000           -0.870963
            0.090760            0.000021           -0.517001            0.000000            0.855985            0.051849            0.517001           -0.000000           -0.855985
            0.090815            0.000021           -0.542197            0.000000            0.840251            0.051849            0.542197           -0.000000           -0.840251
            0.090869            0.000021           -0.566915            0.000000            0.823776            0.051849            0.566915           -0.000000           -0.823776
            0.090924            0.000021           -0.591133            0.000000            0.806574            0.051849            0.591133           -0.000000           -0.806574
            0.090979            0.000021           -0.614829            0.000000            0.788661            0.051849            0.614829           -0.000000           -0.788661
            0.091034            0.000021           -0.637982            0.000000            0.770051            0.051849            0.637982           -0.000000           -0.770051
            0.091088            0.000021           -0.660573            0.000000            0.750762            0.051849            0.660573           -0.000000           -0.750762
            0.091143            0.000021           -0.682580            0.000000            0.730811            0.051849            0.682580           -0.000000           -0.730811
            0.091198            0.000021           -0.703985            0.000000            0.710214            0.051849            0.703985           -0.000000           -0.710214
            0.091253            0.000021           -0.724769            0.000000            0.688991            0.051849            0.724769           -0.000000           -0.688991
            0.091307            0.000021           -0.744914            0.000000            0.667161            0.051849            0.744914           -0.000000           -0.667161
            0.091362            0.000021           -0.764401            0.000000            0.644741            0.051849            0.764401           -0.000000           -0.644741
            0.091417            0.000021           -0.783214            0.000000            0.621752            0.051849            0.783214           -0.000000           -0.621752
            0.091472            0.000021           -0.801336            0.000000            0.598215            0.051849            0.801336           -0.000000           -0.598215
            0.091526            0.000021           -0.818750            0.000000            0.574150            0.051849            0.818750           -0.000000           -0.574150
            0.091581            0.000021           -0.835442            0.000000            0.549578            0.051849            0.835442           -0.000000           -0.549578
            0.091636            0.000021           -0.851397            0.000000            0.524522            0.051849            0.851397           -0.000000           -0.524522
            0.091691            0.000021           -0.866601            0.000000            0.499002            0.051849            0.866601           -0.000000           -0.499002
            0.091745            0.000021           -0.881040            0.000000            0.473042            0.051849            0.881040           -0.000000           -0.473042
            0.091800            0.000021           -0.894701            0.000000            0.446665            0.051849            0.894701           -0.000000           -0.446665
            0.091855            0.000021           -0.907573            0.000000            0.419894            0.051849            0.907573           -0.000000           -0.419894
            0.091910            0.000021           -0.919644            0.000000            0.392752            0.051849            0.919644           -0.000000           -0.392752
            0.091964            0.000021           -0.930904            0.000000            0.365264            0.051849            0.930904           -0.000000           -0.365264
            0.092019            0.000021           -0.941342            0.000000            0.337453            0.051849            0.941342           -0.000000           -0.337453
            0.092074            0.000021           -0.950950            0.000000            0.309344            0.051849            0.950950           -0.000000           -0.309344
            0.092129            0.000021           -0.959719            0.000000            0.280963            0.051849            0.959719           -0.000000           -0.280963
            0.092183            0.000021           -0.967640            0.000000            0.252334            0.051849            0.967640           -0.000000           -0.252334
            0.092238            0.000021           -0.974708            0.000000            0.223482            0.051849            0.974708           -0.000000           -0.223482
            0.092293            0.000021           -0.980916            0.000000            0.194432            0.051849            0.980916           -0.000000           -0.194432
            0.092348            0.000021           -0.986258            0.000000            0.165212            0.051849            0.986258           -0.000000           -0.165212
            0.092402            0.000021           -0.990730            0.000000            0.135845            0.051849            0.990730           -0.000000           -0.135845
            0.092457            0.000021           -0.994328            0.000000            0.106359            0.051849            0.994328           -0.000000           -0.106359
            0.092512            0.000021           -0.997048            0.000000            0.076778            0.051849            0.997048           -0.000000           -0.076778
            0.092567            0.000021           -0.998889            0.000000            0.047130            0.051849            0.998889           -0.000000           -0.047130
            0.092621            0.000021           -0.999848            0.000000            0.017441            0.051849            0.999848           -0.000000           -0.017441
            0.092676            0.000021           -0.999925           -0.000000           -0.012264            0.051849            0.999925            0.000000            0.012264
            0.092731            0.000021           -0.999119           -0.000000           -0.041958            0.051849            0.999119            0.000000            0.041958
            0.092786            0.000021           -0.997432           -0.000000           -0.071616            0.051849            0.997432            0.000000            0.071616
            0.092841            0.000021           -0.994865           -0.000000           -0.101210            0.051849            0.994865            0.000000            0.101210
            0.092895            0.000021           -0.991420           -0.000000           -0.130714            0.051849            0.991420            0.000000            0.130714
            0.092950            0.000021           -0.987100           -0.000000           -0.160104            0.051849            0.987100            0.000000            0.160104
            0.093005            0.000021           -0.981909           -0.000000           -0.189352            0.051849            0.981909            0.000000            0.189352
            0.093060            0.000021           -0.975852           -0.000000           -0.218433            0.051849            0.975852            0.000000            0.218433
            0.093114            0.000021           -0.968934           -0.000000           -0.247321            0.051849            0.968934            0.000000            0.247321
            0.093169            0.000021           -0.961160           -0.000000           -0.275991            0.051849            0.961160            0.000000            0.275991
            0.093224            0.000021           -0.952539           -0.000000           -0.304417            0.051849            0.952539            0.000000            0.304417
            0.093279            0.000021           -0.943077           -0.000000           -0.332575            0.051849            0.943077            0.000000            0.332575
            0.093333            0.000021           -0.932783           -0.000000           -0.360440            0.051849            0.932783            0.000000            0.360440
            0.093388            0.000021           -0.921665           -0.000000           -0.387986            0.051849            0.921665            0.000000            0.387986
            0.093443            0.000021           -0.909735           -0.000000           -0.415190            0.051849            0.909735            0.000000            0.415190
            0.093498            0.000021           -0.897002           -0.000000           -0.442027            0.051849            0.897002            0.000000            0.442027
            0.093552            0.000021           -0.883477           -0.000000           -0.468475            0.051849            0.883477            0.000000            0.468475
            0.093607            0.000021           -0.869172           -0.000000           -0.494509            0.051849            0.869172            0.000000            0.494509
            0.093662            0.000021           -0.854101           -0.000000           -0.520107            0.051849            0.854101            0.000000            0.520107
            0.093717            0.000021           -0.838276           -0.000000           -0.545246            0.051849            0.838276            0.000000            0.545246
            0.093771            0.000021           -0.821711           -0.000000           -0.569904            0.051849            0.821711            0.000000            0.569904
            0.093826            0.000021           -0.804422           -0.000000           -0.594059            0.051849            0.804422            0.000000            0.594059
            0.093881            0.000021           -0.786422           -0.000000           -0.617689            0.051849            0.786422            0.000000            0.617689
            0.093936            0.000021           -0.767729           -0.000000           -0.640775            0.051849            0.767729            0.000000            0.640775
            0.093990            0.000021           -0.748358           -0.000000           -0.663295            0.051849            0.748358            0.000000            0.663295
            0.094045            0.000021           -0.728327           -0.000000           -0.685230            0.051849            0.728327            0.000000            0.685230
            0.094100            0.000021           -0.707653           -0.000000           -0.706560            0.051849            0.707653            0.000000            0.706560
            0.094155            0.000021           -0.686354           -0.000000           -0.727267            0.051849            0.686354            0.000000            0.727267
            0.094209            0.000021           -0.664450           -0.000000           -0.747332            0.051849            0.664450            0.000000            0.747332
            0.094264            0.000021           -0.641960           -0.000000           -0.766738            0.051849            0.641960            0.000000            0.766738
            0.094319            0.000021           -0.618903           -0.000000           -0.785467            0.051849            0.618903            0.000000            0.785467
            0.094374            0.000021           -0.595300           -0.000000           -0.803503            0.051849            0.595300            0.000000            0.803503
            0.094428            0.000021           -0.571172           -0.000000           -0.820830            0.051849            0.571172            0.000000            0.820830
            0.094483            0.000021           -0.546540           -0.000000           -0.837433            0.051849            0.546540            0.000000            0.837433
            0.094538            0.000021           -0.521426           -0.000000           -0.853297            0.051849            0.521426            0.000000            0.853297
            0.094593            0.000021           -0.495851           -0.000000           -0.868408            0.051849            0.495851            0.000000            0.868408
            0.094648            0.000021           -0.469839           -0.000000           -0.882752            0.051849            0.469839            0.000000            0.882752
            0.094702            0.000021           -0.443412           -0.000000           -0.896318            0.051849            0.443412            0.000000            0.896318
            0.094757            0.000021           -0.416594           -0.000000           -0.909092            0.051849            0.416594            0.000000            0.909092
            0.094812            0.000021           -0.389409           -0.000000           -0.921065            0.051849            0.389409            0.000000            0.921065
            0.094867            0.000021           -0.361880           -0.000000           -0.932225            0.051849            0.361880            0.000000            0.932225
            0.094921            0.000021           -0.334031           -0.000000           -0.942562            0.051849            0.334031            0.000000            0.942562
            0.094976            0.000021           -0.305888           -0.000000           -0.952067            0.051849            0.305888            0.000000            0.952067
            0.095031            0.000021           -0.277475           -0.000000           -0.960733            0.051849            0.277475            0.000000            0.960733
            0.095086            0.000021           -0.248817           -0.000000           -0.968550            0.051849            0.248817            0.000000            0.968550
            0.095140            0.000021           -0.219940           -0.000000           -0.975513            0.051849            0.219940            0.000000            0.975513
            0.095195            0.000021           -0.190868           -0.000000           -0.981616            0.051849            0.190868            0.000000            0.981616
            0.095250            0.000021           -0.161628           -0.000000           -0.986852            0.051849            0.161628            0.000000            0.986852
            0.095305            0.000021           -0.132245           -0.000000           -0.991217            0.051849            0.132245            0.000000            0.991217
            0.095359            0.000021           -0.102746           -0.000000           -0.994708            0.051849            0.102746            0.000000            0.994708
            0.095414            0.000021           -0.073156           -0.000000           -0.997320            0.051849            0.073156            0.000000            0.997320
            0.095469            0.000021           -0.043502           -0.000000           -0.999053            0.051849            0.043502            0.000000            0.999053
            0.095524            0.000021           -0.013809           -0.000000           -0.999905            0.051849            0.013809            0.000000            0.999905
            0.095578            0.000021            0.015896           -0.000000           -0.999874            0.051849           -0.015896            0.000000            0.999874
            0.095633            0.000021            0.045587           -0.000000           -0.998960            0.051849           -0.045587            0.000000            0.998960
            0.095688            0.000021            0.075238           -0.000000           -0.997166            0.051849           -0.075238            0.000000            0.997166
            0.095743            0.000021            0.104823           -0.000000           -0.994491            0.051849           -0.104823            0.000000            0.994491
            0.095797            0.000021            0.134315           -0.000000           -0.990939            0.051849           -0.134315            0.000000            0.990939
            0.095852            0.000021            0.163688           -0.000000           -0.986512            0.051849           -0.163688            0.000000            0.986512
            0.095907            0.000021            0.192917           -0.000000           -0.981215            0.051849           -0.192917            0.000000            0.981215
            0.095962            0.000021            0.221976           -0.000000           -0.975052            0.051849           -0.221976            0.000000            0.975052
            0.096016            0.000021            0.250839           -0.000000           -0.968029            0.051849           -0.250839            0.000000            0.968029
            0.096071            0.000021            0.279480           -0.000000           -0.960151            0.051849           -0.279480            0.000000            0.960151
            0.096126            0.000021            0.307875           -0.000000           -0.951427            0.051849           -0.307875            0.000000            0.951427
            0.096181            0.000021            0.335999           -0.000000           -0.941863            0.051849           -0.335999            0.000000            0.941863
            0.096235            0.000021            0.363825           -0.000000           -0.931467            0.051849           -0.363825            0.000000            0.931467
            0.096290            0.000021            0.391331           -0.000000           -0.920250            0.051849           -0.391331            0.000000            0.920250
            0.096345            0.000021            0.418492           -0.000000           -0.908221            0.051849           -0.418492            0.000000            0.908221
            0.096400            0.000021            0.445283           -0.000000           -0.895390            0.051849           -0.445283            0.000000            0.895390
            0.096454            0.000021            0.471681           -0.000000           -0.881769            0.051849           -0.471681            0.000000            0.881769
            0.096509            0.000021            0.497663           -0.000000           -0.867370            0.051849           -0.497663            0.000000            0.867370
            0.096564            0.000021            0.523206           -0.000000           -0.852206            0.051849           -0.523206            0.000000            0.852206
            0.096619            0.000021            0.548287           -0.000000           -0.836290            0.051849           -0.548287            0.000000            0.836290
            0.096674            0.000021            0.572885           -0.000000           -0.819636            0.051849           -0.572885            0.000000            0.819636
            0.096728            0.000021            0.596977           -0.000000           -0.802259            0.051849           -0.596977            0.000000            0.802259
            0.096783            0.000021            0.620542           -0.000000           -0.784173            0.051849           -0.620542            0.000000            0.784173
            0.096838            0.000021            0.643559           -0.000000           -0.765396            0.051849           -0.643559            0.000000            0.765396
            0.096893            0.000021            0.666009           -0.000000           -0.745944            0.051849           -0.666009            0.000000            0.745944
            0.096947            0.000021            0.687871           -0.000000           -0.725833            0.051849           -0.687871            0.000000            0.725833
            0.097002            0.000021            0.709126           -0.000000           -0.705082            0.051849           -0.709126            0.000000            0.705082
            0.097084            0.000021            0.739830           -0.000000           -0.672794            0.051849           -0.739830            0.000000            0.672794
            0.097139            0.000021            0.759487           -0.000000           -0.650523            0.051849           -0.759487            0.000000            0.650523
            0.097194            0.000021            0.778473           -0.000000           -0.627678            0.051849           -0.778473            0.000000            0.627678
            0.097248            0.000021            0.796773           -0.000000           -0.604279            0.051849           -0.796773            0.000000            0.604279
            0.097303            0.000021            0.814370           -0.000000           -0.580346            0.051849           -0.814370            0.000000            0.580346
            0.097358            0.000021            0.831248           -0.000000           -0.555902            0.051849           -0.831248            0.000000            0.555902
            0.097413            0.000021            0.847392           -0.000000           -0.530967            0.051849           -0.847392            0.000000            0.530967
            0.097467            0.000021            0.862789           -0.000000           -0.505564            0.051849           -0.862789            0.000000            0.505564
            0.097522            0.000021            0.877425           -0.000000           -0.479714            0.051849           -0.877425            0.000000            0.479714
            0.097577            0.000021            0.891286           -0.000000           -0.453442            0.051849           -0.891286            0.000000            0.453442
            0.097632            0.000021            0.904361           -0.000000           -0.426769            0.051849           -0.904361            0.000000            0.426769
            0.097687            0.000021            0.916638           -0.000000           -0.399719            0.051849           -0.916638            0.000000            0.399719
            0.097741            0.000021            0.928106           -0.000000           -0.372317            0.051849           -0.928106            0.000000            0.372317
            0.097769            0.000021            0.933533           -0.000000           -0.358491            0.051849           -0.933533            0.000000            0.358491
            0.097823            0.000021            0.943769           -0.000000           -0.330605            0.051849           -0.943769            0.000000            0.330605
            0.097878            0.000021            0.953172           -0.000000           -0.302428            0.051849           -0.953172            0.000000            0.302428
            0.097933            0.000021            0.961734           -0.000000           -0.273984            0.051849           -0.961734            0.000000            0.273984
            0.097988            0.000021            0.969448           -0.000000           -0.245297            0.051849           -0.969448            0.000000            0.245297
            0.098042            0.000021            0.976306           -0.000000           -0.216395            0.051849           -0.976306            0.000000            0.216395
            0.098097            0.000021            0.982303           -0.000000           -0.187301            0.051849           -0.982303            0.000000            0.187301
            0.098152            0.000021            0.987432           -0.000000           -0.158042            0.051849           -0.987432            0.000000            0.158042
            0.098207            0.000021            0.991691           -0.000000           -0.128644            0.051849           -0.991691            0.000000            0.128644
            0.098261            0.000021            0.995074           -0.000000           -0.099132            0.051849           -0.995074            0.000000            0.099132
            0.098316            0.000021            0.997580           -0.000000           -0.069533            0.051849           -0.997580            0.000000            0.069533
            0.098371            0.000021            0.999205           -0.000000           -0.039872            0.051849           -0.999205            0.000000            0.039872
            0.098426            0.000021            0.999948           -0.000000           -0.010177            0.051849           -0.999948            0.000000            0.010177
            0.098480            0.000021            0.999809            0.000000            0.019528            0.051849           -0.999809           -0.000000           -0.019528
            0.098535            0.000021            0.998788            0.000000            0.049216            0.051849           -0.998788           -0.000000           -0.049216
            0.098590            0.000021            0.996886            0.000000            0.078860            0.051849           -0.996886           -0.000000           -0.078860
            0.098645            0.000021            0.994104            0.000000            0.108434            0.051849           -0.994104           -0.000000           -0.108434
            0.098700            0.000021            0.990444            0.000000            0.137913            0.051849           -0.990444           -0.000000           -0.137913
            0.098754            0.000021            0.985911            0.000000            0.167270            0.051849           -0.985911           -0.000000           -0.167270
            0.098809            0.000021            0.980508            0.000000            0.196480            0.051849           -0.980508           -0.000000           -0.196480
            0.098864            0.000021            0.974239            0.000000            0.225516            0.051849           -0.974239           -0.000000           -0.225516
            0.098919            0.000021            0.967111            0.000000            0.254353            0.051849           -0.967111           -0.000000           -0.254353
            0.098973            0.000021            0.959130            0.000000            0.282966            0.051849           -0.959130           -0.000000           -0.282966
            0.099028            0.000021            0.950302            0.000000            0.311329            0.051849           -0.950302           -0.000000           -0.311329
            0.099083            0.000021            0.940636            0.000000            0.339418            0.051849           -0.940636           -0.000000           -0.339418
            0.099138            0.000021            0.930139            0.000000            0.367206            0.051849           -0.930139           -0.000000           -0.367206
            0.099192            0.000021            0.918822            0.000000            0.394671            0.051849           -0.918822           -0.000000           -0.394671
            0.099247            0.000021            0.906695            0.000000            0.421788            0.051849           -0.906695           -0.000000           -0.421788
            0.099302            0.000021            0.893767            0.000000            0.448532            0.051849           -0.893767           -0.000000           -0.448532
            0.099357            0.000021            0.880050            0.000000            0.474881            0.051849           -0.880050           -0.000000           -0.474881
            0.099411            0.000021            0.865557            0.000000            0.500810            0.051849           -0.865557           -0.000000           -0.500810
            0.099466            0.000021            0.850300            0.000000            0.526298            0.051849           -0.850300           -0.000000           -0.526298
            0.099521            0.000021            0.834293            0.000000            0.551321            0.051849           -0.834293           -0.000000           -0.551321
            0.099576            0.000021            0.817550            0.000000            0.575858            0.051849           -0.817550           -0.000000           -0.575858
            0.099630            0.000021            0.800085            0.000000            0.599887            0.051849           -0.800085           -0.000000           -0.599887
            0.099685            0.000021            0.781914            0.000000            0.623386            0.051849           -0.781914           -0.000000           -0.623386
            0.099740            0.000021            0.763053            0.000000            0.646335            0.051849           -0.763053           -0.000000           -0.646335
            0.099795            0.000021            0.743519            0.000000            0.668714            0.051849           -0.743519           -0.000000           -0.668714
            0.099849            0.000021            0.723329            0.000000            0.690503            0.051849           -0.723329           -0.000000           -0.690503
            0.099904            0.000021            0.702501            0.000000            0.711683            0.051849           -0.702501           -0.000000           -0.711683
            0.099959            0.000021            0.681053            0.000000            0.732234            0.051849           -0.681053           -0.000000           -0.732234
            0.100014            0.000021            0.659004            0.000000            0.752140            0.051849           -0.659004           -0.000000           -0.752140
            0.100068            0.000021            0.636373            0.000000            0.771382            0.051849           -0.636373           -0.000000           -0.771382
            0.100123            0.000021            0.613181            0.000000            0.789943            0.051849           -0.613181           -0.000000           -0.789943
            0.100178            0.000021            0.589447            0.000000            0.807807            0.051849           -0.589447           -0.000000           -0.807807
            0.100233            0.000021            0.565194            0.000000            0.824958            0.051849           -0.565194           -0.000000           -0.824958
            0.100287            0.000021            0.540442            0.000000            0.841381            0.051849           -0.540442           -0.000000           -0.841381
            0.100342            0.000021            0.515213            0.000000            0.857062            0.051849           -0.515213           -0.000000           -0.857062
            0.100397            0.000021            0.489529            0.000000            0.871987            0.051849           -0.489529           -0.000000           -0.871987
            0.100452            0.000021            0.463414            0.000000            0.886142            0.051849           -0.463414           -0.000000           -0.886142
            0.100507            0.000021            0.436889            0.000000            0.899515            0.051849           -0.436889           -0.000000           -0.899515
            0.100561            0.000021            0.409979            0.000000            0.912095            0.051849           -0.409979           -0.000000           -0.912095
            0.100616            0.000021            0.382707            0.000000            0.923870            0.051849           -0.382707           -0.000000           -0.923870
            0.100671            0.000021            0.355098            0.000000            0.934829            0.051849           -0.355098           -0.000000           -0.934829
            0.100726            0.000021            0.327175            0.000000            0.944964            0.051849           -0.327175           -0.000000           -0.944964
            0.100780            0.000021            0.298964            0.000000            0.954264            0.051849           -0.298964           -0.000000           -0.954264
            0.100835            0.000021            0.270488            0.000000            0.962723            0.051849           -0.270488           -0.000000           -0.962723
            0.100890            0.000021            0.241774            0.000000            0.970332            0.051849           -0.241774           -0.000000           -0.970332
            0.100945            0.000021            0.212847            0.000000            0.977086            0.051849           -0.212847           -0.000000           -0.977086
            0.100999            0.000021            0.183732            0.000000            0.982976            0.051849           -0.183732           -0.000000           -0.982976
            0.101054            0.000021            0.154455            0.000000            0.988000            0.051849           -0.154455           -0.000000           -0.988000
            0.101109            0.000021            0.125041            0.000000            0.992152            0.051849           -0.125041           -0.000000           -0.992152
            0.101164            0.000021            0.095517            0.000000            0.995428            0.051849           -0.095517           -0.000000           -0.995428
            0.101218            0.000021            0.065909            0.000000            0.997826            0.051849           -0.065909           -0.000000           -0.997826
            0.101273            0.000021            0.036243            0.000000            0.999343            0.051849           -0.036243           -0.000000           -0.999343
            0.101328            0.000021            0.006544            0.000000            0.999979            0.051849           -0.006544           -0.000000           -0.999979
            0.101383            0.000021           -0.023160            0.000000            0.999732            0.051849            0.023160           -0.000000           -0.999732
            0.101437            0.000021           -0.052843            0.000000            0.998603            0.051849            0.052843           -0.000000           -0.998603
            0.101492            0.000021           -0.082480            0.000000            0.996593            0.051849            0.082480           -0.000000           -0.996593
            0.101547            0.000021           -0.112045            0.000000            0.993703            0.051849            0.112045           -0.000000           -0.993703
            0.101602            0.000021           -0.141510            0.000000            0.989937            0.051849            0.141510           -0.000000           -0.989937
            0.101656            0.000021           -0.170850            0.000000            0.985297            0.051849            0.170850           -0.000000           -0.985297
            0.101711            0.000021           -0.200040            0.000000            0.979788            0.051849            0.200040           -0.000000           -0.979788
            0.101766            0.000021           -0.229053            0.000000            0.973414            0.051849            0.229053           -0.000000           -0.973414
            0.101821            0.000021           -0.257865            0.000000            0.966181            0.051849            0.257865           -0.000000           -0.966181
            0.101875            0.000021           -0.286448            0.000000            0.958096            0.051849            0.286448           -0.000000           -0.958096
            0.101930            0.000021           -0.314779            0.000000            0.949165            0.051849            0.314779           -0.000000           -0.949165
            0.101985            0.000021           -0.342832            0.000000            0.939397            0.051849            0.342832           -0.000000           -0.939397
            0.102040            0.000021           -0.370583            0.000000            0.928800            0.051849            0.370583           -0.000000           -0.928800
            0.102094            0.000021           -0.398006            0.000000            0.917383            0.051849            0.398006           -0.000000           -0.917383
            0.102149            0.000021           -0.425078            0.000000            0.905156            0.051849            0.425078           -0.000000           -0.905156
            0.102204            0.000021           -0.451776            0.000000            0.892132            0.051849            0.451776           -0.000000           -0.892132
            0.102259            0.000021           -0.478074            0.000000            0.878319            0.051849            0.478074           -0.000000           -0.878319
            0.102313            0.000021           -0.503951            0.000000            0.863732            0.051849            0.503951           -0.000000           -0.863732
            0.102368            0.000021           -0.529383            0.000000            0.848383            0.051849            0.529383           -0.000000           -0.848383
            0.102423            0.000021           -0.554348            0.000000            0.832285            0.051849            0.554348           -0.000000           -0.832285
            0.102478            0.000021           -0.578824            0.000000            0.815453            0.051849            0.578824           -0.000000           -0.815453
            0.102533            0.000021           -0.602789            0.000000            0.797901            0.051849            0.602789           -0.000000           -0.797901
            0.102587            0.000021           -0.626222            0.000000            0.779645            0.051849            0.626222           -0.000000           -0.779645
            0.102642            0.000021           -0.649103            0.000000            0.760701            0.051849            0.649103           -0.000000           -0.760701
            0.102697            0.000021           -0.671411            0.000000            0.741086            0.051849            0.671411           -0.000000           -0.741086
            0.102752            0.000021           -0.693126            0.000000            0.720816            0.051849            0.693126           -0.000000           -0.720816
            0.102806            0.000021           -0.714230            0.000000            0.699911            0.051849            0.714230           -0.000000           -0.699911
            0.102861            0.000021           -0.734703            0.000000            0.678389            0.051849            0.734703           -0.000000           -0.678389
            0.102916            0.000021           -0.754529            0.000000            0.656267            0.051849            0.754529           -0.000000           -0.656267
            0.102971            0.000021           -0.773688            0.000000            0.633567            0.051849            0.773688           -0.000000           -0.633567
            0.103025            0.000021           -0.792165            0.000000            0.610307            0.051849            0.792165           -0.000000           -0.610307
            0.103080            0.000021           -0.809942            0.000000            0.586509            0.051849            0.809942           -0.000000           -0.586509
            0.103135            0.000021           -0.827006            0.000000            0.562194            0.051849            0.827006           -0.000000           -0.562194
            0.103190            0.000021           -0.843339            0.000000            0.537382            0.051849            0.843339           -0.000000           -0.537382
            0.103244            0.000021           -0.858928            0.000000            0.512096            0.051849            0.858928           -0.000000           -0.512096
            0.103299            0.000021           -0.873759            0.000000            0.486359            0.051849            0.873759           -0.000000           -0.486359
            0.103354            0.000021           -0.887819            0.000000            0.460192            0.051849            0.887819           -0.000000           -0.460192
            0.103409            0.000021           -0.901096            0.000000            0.433619            0.051849            0.901096           -0.000000           -0.433619
            0.103463            0.000021           -0.913578            0.000000            0.406663            0.051849            0.913578           -0.000000           -0.406663
            0.103518            0.000021           -0.925254            0.000000            0.379349            0.051849            0.925254           -0.000000           -0.379349
            0.103573            0.000021           -0.936113            0.000000            0.351700            0.051849            0.936113           -0.000000           -0.351700
            0.103628            0.000021           -0.946146            0.000000            0.323741            0.051849            0.946146           -0.000000           -0.323741
            0.103682            0.000021           -0.955344            0.000000            0.295495            0.051849            0.955344           -0.000000           -0.295495
            0.103737            0.000021           -0.963699            0.000000            0.266990            0.051849            0.963699           -0.000000           -0.266990
            0.103792            0.000021           -0.971204            0.000000            0.238248            0.051849            0.971204           -0.000000           -0.238248
            0.103847            0.000021           -0.977852            0.000000            0.209297            0.051849            0.977852           -0.000000           -0.209297
            0.103901            0.000021           -0.983637            0.000000            0.180160            0.051849            0.983637           -0.000000           -0.180160
            0.103956            0.000021           -0.988554            0.000000            0.150865            0.051849            0.988554           -0.000000           -0.150865
            0.104011            0.000021           -0.992599            0.000000            0.121436            0.051849            0.992599           -0.000000           -0.121436
            0.104066            0.000021           -0.995768            0.000000            0.091901            0.051849            0.995768           -0.000000           -0.091901
            0.104120            0.000021           -0.998058            0.000000            0.062284            0.051849            0.998058           -0.000000           -0.062284
            0.104175            0.000021           -0.999468            0.000000            0.032612            0.051849            0.999468           -0.000000           -0.032612
            0.104230            0.000021           -0.999996            0.000000            0.002912            0.051849            0.999996           -0.000000           -0.002912
            0.104285            0.000021           -0.999641           -0.000000           -0.026791            0.051849            0.999641            0.000000            0.026791
            0.104339            0.000021           -0.998404           -0.000000           -0.056470            0.051849            0.998404            0.000000            0.056470
            0.104394            0.000021           -0.996287           -0.000000           -0.086100            0.051849            0.996287            0.000000            0.086100
            0.104449            0.000021           -0.993290           -0.000000           -0.115653            0.051849            0.993290            0.000000            0.115653
            0.104504            0.000021           -0.989416           -0.000000           -0.145105            0.051849            0.989416            0.000000            0.145105
            0.104559            0.000021           -0.984670           -0.000000           -0.174428            0.051849            0.984670            0.000000            0.174428
            0.104613            0.000021           -0.979055           -0.000000           -0.203598            0.051849            0.979055            0.000000            0.203598
            0.104668            0.000021           -0.972575           -0.000000           -0.232588            0.051849            0.972575            0.000000            0.232588
            0.104723            0.000021           -0.965238           -0.000000           -0.261372            0.051849            0.965238            0.000000            0.261372
            0.104778            0.000021           -0.957049           -0.000000           -0.289926            0.051849            0.957049            0.000000            0.289926
            0.104832            0.000021           -0.948015           -0.000000           -0.318225            0.051849            0.948015            0.000000            0.318225
            0.104887            0.000021           -0.938145           -0.000000           -0.346242            0.051849            0.938145            0.000000            0.346242
            0.104942            0.000021           -0.927447           -0.000000           -0.373954            0.051849            0.927447            0.000000            0.373954
            0.104997            0.000021           -0.915931           -0.000000           -0.401336            0.051849            0.915931            0.000000            0.401336
            0.105051            0.000021           -0.903606           -0.000000           -0.428364            0.051849            0.903606            0.000000            0.428364
            0.105106            0.000021           -0.890485           -0.000000           -0.455013            0.051849            0.890485            0.000000            0.455013
            0.105161            0.000021           -0.876577           -0.000000           -0.481262            0.051849            0.876577            0.000000            0.481262
            0.105216            0.000021           -0.861896           -0.000000           -0.507085            0.051849            0.861896            0.000000            0.507085
            0.105270            0.000021           -0.846454           -0.000000           -0.532461            0.051849            0.846454            0.000000            0.532461
            0.105325            0.000021           -0.830266           -0.000000           -0.557368            0.051849            0.830266            0.000000            0.557368
            0.105380            0.000021           -0.813345           -0.000000           -0.581782            0.051849            0.813345            0.000000            0.581782
            0.105435            0.000021           -0.795706           -0.000000           -0.605683            0.051849            0.795706            0.000000            0.605683
            0.105489            0.000021           -0.777365           -0.000000           -0.629050            0.051849            0.777365            0.000000            0.629050
            0.105544            0.000021           -0.758338           -0.000000           -0.651862            0.051849            0.758338            0.000000            0.651862
            0.105599            0.000021           -0.738642           -0.000000           -0.674098            0.051849            0.738642            0.000000            0.674098
            0.105654            0.000021           -0.718294           -0.000000           -0.695740            0.051849            0.718294            0.000000            0.695740
            0.105708            0.000021           -0.697312           -0.000000           -0.716767            0.051849            0.697312            0.000000            0.716767
            0.105763            0.000021           -0.675715           -0.000000           -0.737163            0.051849            0.675715            0.000000            0.737163
            0.105818            0.000021           -0.653522           -0.000000           -0.756907            0.051849            0.653522            0.000000            0.756907
            0.105873            0.000021           -0.630752           -0.000000           -0.775984            0.051849            0.630752            0.000000            0.775984
            0.105927            0.000021           -0.607426           -0.000000           -0.794376            0.051849            0.607426            0.000000            0.794376
            0.105982            0.000021           -0.583563           -0.000000           -0.812068            0.051849            0.583563            0.000000            0.812068
            0.106037            0.000021           -0.559186           -0.000000           -0.829042            0.051849            0.559186            0.000000            0.829042
            0.106092            0.000021           -0.534315           -0.000000           -0.845285            0.051849            0.534315            0.000000            0.845285
            0.106146            0.000021           -0.508973           -0.000000           -0.860782            0.051849            0.508973            0.000000            0.860782
            0.106201            0.000021           -0.483182           -0.000000           -0.875520            0.051849            0.483182            0.000000            0.875520
            0.106256            0.000021           -0.456964           -0.000000           -0.889485            0.051849            0.456964            0.000000            0.889485
            0.106311            0.000021           -0.430343           -0.000000           -0.902665            0.051849            0.430343            0.000000            0.902665
            0.106366            0.000021           -0.403342           -0.000000           -0.915049            0.051849            0.403342            0.000000            0.915049
            0.106420            0.000021           -0.375986           -0.000000           -0.926625            0.051849            0.375986            0.000000            0.926625
            0.106475            0.000021           -0.348297           -0.000000           -0.937384            0.051849            0.348297            0.000000            0.937384
            0.106530            0.000021           -0.320302           -0.000000           -0.947316            0.051849            0.320302            0.000000            0.947316
            0.106585            0.000021           -0.292023           -0.000000           -0.956411            0.051849            0.292023            0.000000            0.956411
            0.106639            0.000021           -0.263487           -0.000000           -0.964663            0.051849            0.263487            0.000000            0.964663
            0.106694            0.000021           -0.234719           -0.000000           -0.972063            0.051849            0.234719            0.000000            0.972063
            0.106749            0.000021           -0.205743           -0.000000           -0.978606            0.051849            0.205743            0.000000            0.978606
            0.106804            0.000021           -0.176586           -0.000000           -0.984285            0.051849            0.176586            0.000000            0.984285
            0.106858            0.000021           -0.147273           -0.000000           -0.989096            0.051849            0.147273            0.000000            0.989096
            0.106913            0.000021           -0.117830           -0.000000           -0.993034            0.051849            0.117830            0.000000            0.993034
            0.106968            0.000021           -0.088283           -0.000000           -0.996095            0.051849            0.088283            0.000000            0.996095
            0.107023            0.000021           -0.058658           -0.000000           -0.998278            0.051849            0.058658            0.000000            0.998278
            0.107077            0.000021           -0.028982           -0.000000           -0.999580            0.051849            0.028982            0.000000            0.999580
            0.107132            0.000021            0.000720           -0.000000           -1.000000            0.051849           -0.000720            0.000000            1.000000
            0.107187            0.000021            0.030422           -0.000000           -0.999537            0.051849           -0.030422            0.000000            0.999537
            0.107242            0.000021            0.060096           -0.000000           -0.998193            0.051849           -0.060096            0.000000            0.998193
            0.107296            0.000021            0.089718           -0.000000           -0.995967            0.051849           -0.089718            0.000000            0.995967
            0.107351            0.000021            0.119261           -0.000000           -0.992863            0.051849           -0.119261            0.000000            0.992863
            0.107406            0.000021            0.148698           -0.000000           -0.988883            0.051849           -0.148698            0.000000            0.988883
            0.107461            0.000021            0.178004           -0.000000           -0.984030            0.051849           -0.178004            0.000000            0.984030
            0.107515            0.000021            0.207153           -0.000000           -0.978309            0.051849           -0.207153            0.000000            0.978309
            0.107570            0.000021            0.236119           -0.000000           -0.971724            0.051849           -0.236119            0.000000            0.971724
            0.107625            0.000021            0.264877           -0.000000           -0.964282            0.051849           -0.264877            0.000000            0.964282
            0.107680            0.000021            0.293401           -0.000000           -0.955990            0.051849           -0.293401            0.000000            0.955990
            0.107734            0.000021            0.321666           -0.000000           -0.946853            0.051849           -0.321666            0.000000            0.946853
            0.107789            0.000021            0.349647           -0.000000           -0.936881            0.051849           -0.349647            0.000000            0.936881
            0.107844            0.000021            0.377320           -0.000000           -0.926083            0.051849           -0.377320            0.000000            0.926083
            0.107899            0.000021            0.404660           -0.000000           -0.914467            0.051849           -0.404660            0.000000            0.914467
            0.107953            0.000021            0.431643           -0.000000           -0.902045            0.051849           -0.431643            0.000000            0.902045
            0.108008            0.000021            0.458245           -0.000000           -0.888826            0.051849           -0.458245            0.000000            0.888826
            0.108063            0.000021            0.484442           -0.000000           -0.874823            0.051849           -0.484442            0.000000            0.874823
            0.108118            0.000021            0.510213           -0.000000           -0.860048            0.051849           -0.510213            0.000000            0.860048
            0.108172            0.000021            0.535533           -0.000000           -0.844515            0.051849           -0.535533            0.000000            0.844515
            0.108227            0.000021            0.560380           -0.000000           -0.828236            0.051849           -0.560380            0.000000            0.828236
            0.108282            0.000021            0.584733           -0.000000           -0.811226            0.051849           -0.584733            0.000000            0.811226
            0.108337            0.000021            0.608570           -0.000000           -0.793500            0.051849           -0.608570            0.000000            0.793500
            0.108392            0.000021            0.631870           -0.000000           -0.775075            0.051849           -0.631870            0.000000            0.775075
            0.108446            0.000021            0.654612           -0.000000           -0.755965            0.051849           -0.654612            0.000000            0.755965
            0.108501            0.000021            0.676777           -0.000000           -0.736188            0.051849           -0.676777            0.000000            0.736188
            0.108556            0.000021            0.698344           -0.000000           -0.715762            0.051849           -0.698344            0.000000            0.715762
            0.108638            0.000021            0.729534           -0.000000           -0.683944            0.051849           -0.729534            0.000000            0.683944
            0.108693            0.000021            0.749527           -0.000000           -0.661974            0.051849           -0.749527            0.000000            0.661974
            0.108747            0.000021            0.768858           -0.000000           -0.639420            0.051849           -0.768858            0.000000            0.639420
            0.108802            0.000021            0.787511           -0.000000           -0.616301            0.051849           -0.787511            0.000000            0.616301
            0.108857            0.000021            0.805469           -0.000000           -0.592638            0.051849           -0.805469            0.000000            0.592638
            0.108912            0.000021            0.822716           -0.000000           -0.568453            0.051849           -0.822716            0.000000            0.568453
            0.108966            0.000021            0.839237           -0.000000           -0.543766            0.051849           -0.839237            0.000000            0.543766
            0.109021            0.000021            0.855017           -0.000000           -0.518599            0.051849           -0.855017            0.000000            0.518599
            0.109076            0.000021            0.870043           -0.000000           -0.492975            0.051849           -0.870043            0.000000            0.492975
            0.109131            0.000021            0.884302           -0.000000           -0.466916            0.051849           -0.884302            0.000000            0.466916
            0.109185            0.000021            0.897780           -0.000000           -0.440444            0.051849           -0.897780            0.000000            0.440444
            0.109240            0.000021            0.910466           -0.000000           -0.413584            0.051849           -0.910466            0.000000            0.413584
            0.109295            0.000021            0.922348           -0.000000           -0.386359            0.051849           -0.922348            0.000000            0.386359
            0.109350            0.000021            0.933417           -0.000000           -0.358793            0.051849           -0.933417            0.000000            0.358793
            0.109405            0.000021            0.943662           -0.000000           -0.330911            0.051849           -0.943662            0.000000            0.330911
            0.109432            0.000021            0.948473           -0.000000           -0.316859            0.051849           -0.948473            0.000000            0.316859
            0.109487            0.000021            0.957466           -0.000000           -0.288547            0.051849           -0.957466            0.000000            0.288547
            0.109541            0.000021            0.965614           -0.000000           -0.259982            0.051849           -0.965614            0.000000            0.259982
            0.109596            0.000021            0.972909           -0.000000           -0.231186            0.051849           -0.972909            0.000000            0.231186
            0.109651            0.000021            0.979347           -0.000000           -0.202187            0.051849           -0.979347            0.000000            0.202187
            0.109706            0.000021            0.984920           -0.000000           -0.173010            0.051849           -0.984920            0.000000            0.173010
            0.109760            0.000021            0.989624           -0.000000           -0.143679            0.051849           -0.989624            0.000000            0.143679
            0.109815            0.000021            0.993455           -0.000000           -0.114222            0.051849           -0.993455            0.000000            0.114222
            0.109870            0.000021            0.996410           -0.000000           -0.084664            0.051849           -0.996410            0.000000            0.084664
            0.109925            0.000021            0.998485           -0.000000           -0.055032            0.051849           -0.998485            0.000000            0.055032
            0.109979            0.000021            0.999679           -0.000000           -0.025351            0.051849           -0.999679            0.000000            0.025351
            0.110034            0.000021            0.999991            0.000000            0.004353            0.051849           -0.999991           -0.000000           -0.004353
            0.110089            0.000021            0.999420            0.000000            0.034052            0.051849           -0.999420           -0.000000           -0.034052
            0.110144            0.000021            0.997968            0.000000            0.063722            0.051849           -0.997968           -0.000000           -0.063722
            0.110198            0.000021            0.995635            0.000000            0.093335            0.051849           -0.995635           -0.000000           -0.093335
            0.110253            0.000021            0.992423            0.000000            0.122866            0.051849           -0.992423           -0.000000           -0.122866
            0.110308            0.000021            0.988336            0.000000            0.152289            0.051849           -0.988336           -0.000000           -0.152289
            0.110363            0.000021            0.983377            0.000000            0.181577            0.051849           -0.983377           -0.000000           -0.181577
            0.110418            0.000021            0.977550            0.000000            0.210705            0.051849           -0.977550           -0.000000           -0.210705
            0.110472            0.000021            0.970860            0.000000            0.239647            0.051849           -0.970860           -0.000000           -0.239647
            0.110527            0.000021            0.963314            0.000000            0.268378            0.051849           -0.963314           -0.000000           -0.268378
            0.110582            0.000021            0.954917            0.000000            0.296871            0.051849           -0.954917           -0.000000           -0.296871
            0.110637            0.000021            0.945679            0.000000            0.325103            0.051849           -0.945679           -0.000000           -0.325103
            0.110691            0.000021            0.935605            0.000000            0.353048            0.051849           -0.935605           -0.000000           -0.353048
            0.110746            0.000021            0.924706            0.000000            0.380682            0.051849           -0.924706           -0.000000           -0.380682
            0.110801            0.000021            0.912991            0.000000            0.407979            0.051849           -0.912991           -0.000000           -0.407979
            0.110856            0.000021            0.900471            0.000000            0.434917            0.051849           -0.900471           -0.000000           -0.434917
            0.110910            0.000021            0.887156            0.000000            0.461470            0.051849           -0.887156           -0.000000           -0.461470
            0.110965            0.000021            0.873058            0.000000            0.487617            0.051849           -0.873058           -0.000000           -0.487617
            0.111020            0.000021            0.858189            0.000000            0.513333            0.051849           -0.858189           -0.000000           -0.513333
            0.111075            0.000021            0.842564            0.000000            0.538597            0.051849           -0.842564           -0.000000           -0.538597
            0.111129            0.000021            0.826195            0.000000            0.563385            0.051849           -0.826195           -0.000000           -0.563385
            0.111184            0.000021            0.809097            0.000000            0.587676            0.051849           -0.809097           -0.000000           -0.587676
            0.111239            0.000021            0.791285            0.000000            0.611448            0.051849           -0.791285           -0.000000           -0.611448
            0.111294            0.000021            0.772774            0.000000            0.634681            0.051849           -0.772774           -0.000000           -0.634681
            0.111348            0.000021            0.753582            0.000000            0.657354            0.051849           -0.753582           -0.000000           -0.657354
            0.111403            0.000021            0.733725            0.000000            0.679446            0.051849           -0.733725           -0.000000           -0.679446
            0.111458            0.000021            0.713221            0.000000            0.700940            0.051849           -0.713221           -0.000000           -0.700940
            0.111513            0.000021            0.692087            0.000000            0.721814            0.051849           -0.692087           -0.000000           -0.721814
            0.111567            0.000021            0.670342            0.000000            0.742052            0.051849           -0.670342           -0.000000           -0.742052
            0.111622            0.000021            0.648006            0.000000            0.761635            0.051849           -0.648006           -0.000000           -0.761635
            0.111677            0.000021            0.625098            0.000000            0.780546            0.051849           -0.625098           -0.000000           -0.780546
            0.111732            0.000021            0.601639            0.000000            0.798768            0.051849           -0.601639           -0.000000           -0.798768
            0.111786            0.000021            0.577649            0.000000            0.816286            0.051849           -0.577649           -0.000000           -0.816286
            0.111841            0.000021            0.553149            0.000000            0.833083            0.051849           -0.553149           -0.000000           -0.833083
            0.111896            0.000021            0.528160            0.000000            0.849145            0.051849           -0.528160           -0.000000           -0.849145
            0.111951            0.000021            0.502706            0.000000            0.864457            0.051849           -0.502706           -0.000000           -0.864457
            0.112005            0.000021            0.476809            0.000000            0.879007            0.051849           -0.476809           -0.000000           -0.879007
            0.112060            0.000021            0.450490            0.000000            0.892781            0.051849           -0.450490           -0.000000           -0.892781
            0.112115            0.000021            0.423774            0.000000            0.905768            0.051849           -0.423774           -0.000000           -0.905768
            0.112170            0.000021            0.396684            0.000000            0.917955            0.051849           -0.396684           -0.000000           -0.917955
            0.112225            0.000021            0.369244            0.000000            0.929332            0.051849           -0.369244           -0.000000           -0.929332
            0.112279            0.000021            0.341478            0.000000            0.939890            0.051849           -0.341478           -0.000000           -0.939890
            0.112334            0.000021            0.313411            0.000000            0.949618            0.051849           -0.313411           -0.000000           -0.949618
            0.112389            0.000021            0.285068            0.000000            0.958507            0.051849           -0.285068           -0.000000           -0.958507
            0.112444            0.000021            0.256472            0.000000            0.966552            0.051849           -0.256472           -0.000000           -0.966552
            0.112498            0.000021            0.227651            0.000000            0.973743            0.051849           -0.227651           -0.000000           -0.973743
            0.112553            0.000021            0.198628            0.000000            0.980075            0.051849           -0.198628           -0.000000           -0.980075
            0.112608            0.000021            0.169431            0.000000            0.985542            0.051849           -0.169431           -0.000000           -0.985542
            0.112663            0.000021            0.140084            0.000000            0.990140            0.051849           -0.140084           -0.000000           -0.990140
            0.112717            0.000021            0.110613            0.000000            0.993864            0.051849           -0.110613           -0.000000           -0.993864
            0.112772            0.000021            0.081045            0.000000            0.996710            0.051849           -0.081045           -0.000000           -0.996710
            0.112827            0.000021            0.051405            0.000000            0.998678            0.051849           -0.051405           -0.000000           -0.998678
            0.112882            0.000021            0.021719            0.000000            0.999764            0.051849           -0.021719           -0.000000           -0.999764
            0.112936            0.000021           -0.007985            0.000000            0.999968            0.051849            0.007985           -0.000000           -0.999968
            0.112991            0.000021           -0.037682            0.000000            0.999290            0.051849            0.037682           -0.000000           -0.999290
            0.113046            0.000021           -0.067346            0.000000            0.997730            0.051849            0.067346           -0.000000           -0.997730
            0.113101            0.000021           -0.096951            0.000000            0.995289            0.051849            0.096951           -0.000000           -0.995289
            0.113155            0.000021           -0.126470            0.000000            0.991970            0.051849            0.126470           -0.000000           -0.991970
            0.113210            0.000021           -0.155878            0.000000            0.987776            0.051849            0.155878           -0.000000           -0.987776
            0.113265            0.000021           -0.185148            0.000000            0.982711            0.051849            0.185148           -0.000000           -0.982711
            0.113320            0.000021           -0.214254            0.000000            0.976778            0.051849            0.214254           -0.000000           -0.976778
            0.113374            0.000021           -0.243172            0.000000            0.969983            0.051849            0.243172           -0.000000           -0.969983
            0.113429            0.000021           -0.271875            0.000000            0.962333            0.051849            0.271875           -0.000000           -0.962333
            0.113484            0.000021           -0.300338            0.000000            0.953833            0.051849            0.300338           -0.000000           -0.953833
            0.113539            0.000021           -0.328536            0.000000            0.944491            0.051849            0.328536           -0.000000           -0.944491
            0.113593            0.000021           -0.356444            0.000000            0.934317            0.051849            0.356444           -0.000000           -0.934317
            0.113648            0.000021           -0.384038            0.000000            0.923317            0.051849            0.384038           -0.000000           -0.923317
            0.113703            0.000021           -0.411293            0.000000            0.911503            0.051849            0.411293           -0.000000           -0.911503
            0.113758            0.000021           -0.438185            0.000000            0.898885            0.051849            0.438185           -0.000000           -0.898885
            0.113812            0.000021           -0.464690            0.000000            0.885474            0.051849            0.464690           -0.000000           -0.885474
            0.113867            0.000021           -0.490785            0.000000            0.871281            0.051849            0.490785           -0.000000           -0.871281
            0.113922            0.000021           -0.516447            0.000000            0.856319            0.051849            0.516447           -0.000000           -0.856319
            0.113977            0.000021           -0.541654            0.000000            0.840602            0.051849            0.541654           -0.000000           -0.840602
            0.114031            0.000021           -0.566382            0.000000            0.824143            0.051849            0.566382           -0.000000           -0.824143
            0.114086            0.000021           -0.590611            0.000000            0.806957            0.051849            0.590611           -0.000000           -0.806957
            0.114141            0.000021           -0.614318            0.000000            0.789058            0.051849            0.614318           -0.000000           -0.789058
            0.114196            0.000021           -0.637484            0.000000            0.770464            0.051849            0.637484           -0.000000           -0.770464
            0.114251            0.000021           -0.660087            0.000000            0.751190            0.051849            0.660087           -0.000000           -0.751190
            0.114305            0.000021           -0.682107            0.000000            0.731252            0.051849            0.682107           -0.000000           -0.731252
            0.114360            0.000021           -0.703526            0.000000            0.710670            0.051849            0.703526           -0.000000           -0.710670
            0.114415            0.000021           -0.724323            0.000000            0.689460            0.051849            0.724323           -0.000000           -0.689460
            0.114470            0.000021           -0.744482            0.000000            0.667642            0.051849            0.744482           -0.000000           -0.667642
            0.114524            0.000021           -0.763984            0.000000            0.645235            0.051849            0.763984           -0.000000           -0.645235
            0.114579            0.000021           -0.782811            0.000000            0.622259            0.051849            0.782811           -0.000000           -0.622259
            0.114634            0.000021           -0.800948            0.000000            0.598734            0.051849            0.800948           -0.000000           -0.598734
            0.114689            0.000021           -0.818378            0.000000            0.574680            0.051849            0.818378           -0.000000           -0.574680
            0.114743            0.000021           -0.835086            0.000000            0.550119            0.051849            0.835086           -0.000000           -0.550119
            0.114798            0.000021           -0.851057            0.000000            0.525073            0.051849            0.851057           -0.000000           -0.525073
            0.114853            0.000021           -0.866278            0.000000            0.499563            0.051849            0.866278           -0.000000           -0.499563
            0.114908            0.000021           -0.880733            0.000000            0.473612            0.051849            0.880733           -0.000000           -0.473612
            0.114962            0.000021           -0.894412            0.000000            0.447244            0.051849            0.894412           -0.000000           -0.447244
            0.115017            0.000021           -0.907301            0.000000            0.420481            0.051849            0.907301           -0.000000           -0.420481
            0.115072            0.000021           -0.919390            0.000000            0.393347            0.051849            0.919390           -0.000000           -0.393347
            0.115127            0.000021           -0.930668            0.000000            0.365866            0.051849            0.930668           -0.000000           -0.365866
            0.115181            0.000021           -0.941124            0.000000            0.338062            0.051849            0.941124           -0.000000           -0.338062
            0.115236            0.000021           -0.950750            0.000000            0.309960            0.051849            0.950750           -0.000000           -0.309960
            0.115291            0.000021           -0.959537            0.000000            0.281584            0.051849            0.959537           -0.000000           -0.281584
            0.115346            0.000021           -0.967477            0.000000            0.252960            0.051849            0.967477           -0.000000           -0.252960
            0.115400            0.000021           -0.974563            0.000000            0.224112            0.051849            0.974563           -0.000000           -0.224112
            0.115455            0.000021           -0.980790            0.000000            0.195067            0.051849            0.980790           -0.000000           -0.195067
            0.115510            0.000021           -0.986151            0.000000            0.165850            0.051849            0.986151           -0.000000           -0.165850
            0.115565            0.000021           -0.990642            0.000000            0.136486            0.051849            0.990642           -0.000000           -0.136486
            0.115619            0.000021           -0.994259            0.000000            0.107002            0.051849            0.994259           -0.000000           -0.107002
            0.115674            0.000021           -0.996998            0.000000            0.077424            0.051849            0.996998           -0.000000           -0.077424
            0.115729            0.000021           -0.998858            0.000000            0.047777            0.051849            0.998858           -0.000000           -0.047777
            0.115784            0.000021           -0.999836            0.000000            0.018088            0.051849            0.999836           -0.000000           -0.018088
            0.115838            0.000021           -0.999933           -0.000000           -0.011617            0.051849            0.999933            0.000000            0.011617
            0.115893            0.000021           -0.999146           -0.000000           -0.041312            0.051849            0.999146            0.000000            0.041312
            0.115948            0.000021           -0.997478           -0.000000           -0.070970            0.051849            0.997478            0.000000            0.070970
            0.116003            0.000021           -0.994930           -0.000000           -0.100566            0.051849            0.994930            0.000000            0.100566
            0.116057            0.000021           -0.991504           -0.000000           -0.130073            0.051849            0.991504            0.000000            0.130073
            0.116112            0.000021           -0.987204           -0.000000           -0.159465            0.051849            0.987204            0.000000            0.159465
            0.116167            0.000021           -0.982032           -0.000000           -0.188716            0.051849            0.982032            0.000000            0.188716
            0.116222            0.000021           -0.975993           -0.000000           -0.217801            0.051849            0.975993            0.000000            0.217801
            0.116277            0.000021           -0.969093           -0.000000           -0.246694            0.051849            0.969093            0.000000            0.246694
            0.116331            0.000021           -0.961339           -0.000000           -0.275369            0.051849            0.961339            0.000000            0.275369
            0.116386            0.000021           -0.952736           -0.000000           -0.303801            0.051849            0.952736            0.000000            0.303801
            0.116441            0.000021           -0.943292           -0.000000           -0.331965            0.051849            0.943292            0.000000            0.331965
            0.116496            0.000021           -0.933016           -0.000000           -0.359836            0.051849            0.933016            0.000000            0.359836
            0.116550            0.000021           -0.921916           -0.000000           -0.387389            0.051849            0.921916            0.000000            0.387389
            0.116605            0.000021           -0.910003           -0.000000           -0.414601            0.051849            0.910003            0.000000            0.414601
            0.116660            0.000021           -0.897287           -0.000000           -0.441447            0.051849            0.897287            0.000000            0.441447
            0.116715            0.000021           -0.883780           -0.000000           -0.467903            0.051849            0.883780            0.000000            0.467903
            0.116769            0.000021           -0.869492           -0.000000           -0.493947            0.051849            0.869492            0.000000            0.493947
            0.116824            0.000021           -0.854437           -0.000000           -0.519554            0.051849            0.854437            0.000000            0.519554
            0.116879            0.000021           -0.838629           -0.000000           -0.544703            0.051849            0.838629            0.000000            0.544703
            0.116934            0.000021           -0.822080           -0.000000           -0.569372            0.051849            0.822080            0.000000            0.569372
            0.116988            0.000021           -0.804806           -0.000000           -0.593538            0.051849            0.804806            0.000000            0.593538
            0.117043            0.000021           -0.786822           -0.000000           -0.617180            0.051849            0.786822            0.000000            0.617180
            0.117098            0.000021           -0.768143           -0.000000           -0.640278            0.051849            0.768143            0.000000            0.640278
            0.117180            0.000021           -0.738860           -0.000000           -0.673859            0.051849            0.738860            0.000000            0.673859
            0.117235            0.000021           -0.718519           -0.000000           -0.695507            0.051849            0.718519            0.000000            0.695507
            0.117290            0.000021           -0.697544           -0.000000           -0.716542            0.051849            0.697544            0.000000            0.716542
            0.117344            0.000021           -0.675954           -0.000000           -0.736944            0.051849            0.675954            0.000000            0.736944
            0.117399            0.000021           -0.653767           -0.000000           -0.756696            0.051849            0.653767            0.000000            0.756696
            0.117454            0.000021           -0.631003           -0.000000           -0.775780            0.051849            0.631003            0.000000            0.775780
            0.117509            0.000021           -0.607683           -0.000000           -0.794180            0.051849            0.607683            0.000000            0.794180
            0.117563            0.000021           -0.583826           -0.000000           -0.811879            0.051849            0.583826            0.000000            0.811879
            0.117618            0.000021           -0.559454           -0.000000           -0.828861            0.051849            0.559454            0.000000            0.828861
            0.117673            0.000021           -0.534589           -0.000000           -0.845112            0.051849            0.534589            0.000000            0.845112
            0.117728            0.000021           -0.509252           -0.000000           -0.860618            0.051849            0.509252            0.000000            0.860618
            0.117782            0.000021           -0.483465           -0.000000           -0.875364            0.051849            0.483465            0.000000            0.875364
            0.117837            0.000021           -0.457252           -0.000000           -0.889337            0.051849            0.457252            0.000000            0.889337
            0.117892            0.000021           -0.430635           -0.000000           -0.902526            0.051849            0.430635            0.000000            0.902526
            0.117947            0.000021           -0.403638           -0.000000           -0.914919            0.051849            0.403638            0.000000            0.914919
            0.117974            0.000021           -0.390005           -0.000000           -0.920813            0.051849            0.390005            0.000000            0.920813
            0.118029            0.000021           -0.362483           -0.000000           -0.931990            0.051849            0.362483            0.000000            0.931990
            0.118084            0.000021           -0.334641           -0.000000           -0.942346            0.051849            0.334641            0.000000            0.942346
            0.118138            0.000021           -0.306504           -0.000000           -0.951869            0.051849            0.306504            0.000000            0.951869
            0.118193            0.000021           -0.278097           -0.000000           -0.960553            0.051849            0.278097            0.000000            0.960553
            0.118248            0.000021           -0.249444           -0.000000           -0.968389            0.051849            0.249444            0.000000            0.968389
            0.118303            0.000021           -0.220571           -0.000000           -0.975371            0.051849            0.220571            0.000000            0.975371
            0.118357            0.000021           -0.191503           -0.000000           -0.981492            0.051849            0.191503            0.000000            0.981492
            0.118412            0.000021           -0.162267           -0.000000           -0.986747            0.051849            0.162267            0.000000            0.986747
            0.118467            0.000021           -0.132887           -0.000000           -0.991131            0.051849            0.132887            0.000000            0.991131
            0.118522            0.000021           -0.103390           -0.000000           -0.994641            0.051849            0.103390            0.000000            0.994641
            0.118576            0.000021           -0.073802           -0.000000           -0.997273            0.051849            0.073802            0.000000            0.997273
            0.118631            0.000021           -0.044148           -0.000000           -0.999025            0.051849            0.044148            0.000000            0.999025
            0.118686            0.000021           -0.014456           -0.000000           -0.999896            0.051849            0.014456            0.000000            0.999896
            0.118741            0.000021            0.015249           -0.000000           -0.999884            0.051849           -0.015249            0.000000            0.999884
            0.118795            0.000021            0.044941           -0.000000           -0.998990            0.051849           -0.044941            0.000000            0.998990
            0.118850            0.000021            0.074593           -0.000000           -0.997214            0.051849           -0.074593            0.000000            0.997214
            0.118905            0.000021            0.104179           -0.000000           -0.994559            0.051849           -0.104179            0.000000            0.994559
            0.118960            0.000021            0.133673           -0.000000           -0.991025            0.051849           -0.133673            0.000000            0.991025
            0.119014            0.000021            0.163050           -0.000000           -0.986618            0.051849           -0.163050            0.000000            0.986618
            0.119069            0.000021            0.192282           -0.000000           -0.981340            0.051849           -0.192282            0.000000            0.981340
            0.119124            0.000021            0.221345           -0.000000           -0.975196            0.051849           -0.221345            0.000000            0.975196
            0.119179            0.000021            0.250212           -0.000000           -0.968191            0.051849           -0.250212            0.000000            0.968191
            0.119233            0.000021            0.278859           -0.000000           -0.960332            0.051849           -0.278859            0.000000            0.960332
            0.119288            0.000021            0.307260           -0.000000           -0.951626            0.051849           -0.307260            0.000000            0.951626
            0.119343            0.000021            0.335389           -0.000000           -0.942080            0.051849           -0.335389            0.000000            0.942080
            0.119398            0.000021            0.363222           -0.000000           -0.931702            0.051849           -0.363222            0.000000            0.931702
            0.119452            0.000021            0.390736           -0.000000           -0.920503            0.051849           -0.390736            0.000000            0.920503
            0.119507            0.000021            0.417904           -0.000000           -0.908491            0.051849           -0.417904            0.000000            0.908491
            0.119562            0.000021            0.444703           -0.000000           -0.895678            0.051849           -0.444703            0.000000            0.895678
            0.119617            0.000021            0.471110           -0.000000           -0.882074            0.051849           -0.471110            0.000000            0.882074
            0.119671            0.000021            0.497102           -0.000000           -0.867692            0.051849           -0.497102            0.000000            0.867692
            0.119726            0.000021            0.522654           -0.000000           -0.852545            0.051849           -0.522654            0.000000            0.852545
            0.119781            0.000021            0.547746           -0.000000           -0.836645            0.051849           -0.547746            0.000000            0.836645
            0.119836            0.000021            0.572354           -0.000000           -0.820007            0.051849           -0.572354            0.000000            0.820007
            0.119890            0.000021            0.596457           -0.000000           -0.802645            0.051849           -0.596457            0.000000            0.802645
            0.119945            0.000021            0.620034           -0.000000           -0.784575            0.051849           -0.620034            0.000000            0.784575
            0.120000            0.000021            0.643064           -0.000000           -0.765812            0.051849           -0.643064            0.000000            0.765812
            0.120055            0.000021            0.665526           -0.000000           -0.746374            0.051849           -0.665526            0.000000            0.746374
            0.120110            0.000021            0.687401           -0.000000           -0.726278            0.051849           -0.687401            0.000000            0.726278
            0.120164            0.000021            0.708670           -0.000000           -0.705540            0.051849           -0.708670            0.000000            0.705540
            0.120219            0.000021            0.729313           -0.000000           -0.684180            0.051849           -0.729313            0.000000            0.684180
            0.120274            0.000021            0.749313           -0.000000           -0.662216            0.051849           -0.749313            0.000000            0.662216
            0.120329            0.000021            0.768651           -0.000000           -0.639668            0.051849           -0.768651            0.000000            0.639668
            0.120383            0.000021            0.787311           -0.000000           -0.616556            0.051849           -0.787311            0.000000            0.616556
            0.120438            0.000021            0.805277           -0.000000           -0.592899            0.051849           -0.805277            0.000000            0.592899
            0.120493            0.000021            0.822532           -0.000000           -0.568719            0.051849           -0.822532            0.000000            0.568719
            0.120548            0.000021            0.839061           -0.000000           -0.544038            0.051849           -0.839061            0.000000            0.544038
            0.120602            0.000021            0.854850           -0.000000           -0.518876            0.051849           -0.854850            0.000000            0.518876
            0.120657            0.000021            0.869884           -0.000000           -0.493256            0.051849           -0.869884            0.000000            0.493256
            0.120712            0.000021            0.884151           -0.000000           -0.467202            0.051849           -0.884151            0.000000            0.467202
            0.120767            0.000021            0.897637           -0.000000           -0.440735            0.051849           -0.897637            0.000000            0.440735
            0.120821            0.000021            0.910332           -0.000000           -0.413879            0.051849           -0.910332            0.000000            0.413879
            0.120876            0.000021            0.922223           -0.000000           -0.386658            0.051849           -0.922223            0.000000            0.386658
            0.120931            0.000021            0.933301           -0.000000           -0.359095            0.051849           -0.933301            0.000000            0.359095
            0.120986            0.000021            0.943555           -0.000000           -0.331216            0.051849           -0.943555            0.000000            0.331216
            0.121040            0.000021            0.952976           -0.000000           -0.303045            0.051849           -0.952976            0.000000            0.303045
            0.121095            0.000021            0.961557           -0.000000           -0.274606            0.051849           -0.961557            0.000000            0.274606
            0.121150            0.000021            0.969289           -0.000000           -0.245925            0.051849           -0.969289            0.000000            0.245925
            0.121205            0.000021            0.976166           -0.000000           -0.217027            0.051849           -0.976166            0.000000            0.217027
            0.121259            0.000021            0.982181           -0.000000           -0.187937            0.051849           -0.982181            0.000000            0.187937
            0.121314            0.000021            0.987330           -0.000000           -0.158681            0.051849           -0.987330            0.000000            0.158681
            0.121369            0.000021            0.991607           -0.000000           -0.129286            0.051849           -0.991607            0.000000            0.129286
            0.121424            0.000021            0.995010           -0.000000           -0.099776            0.051849           -0.995010            0.000000            0.099776
            0.121478            0.000021            0.997534           -0.000000           -0.070179            0.051849           -0.997534            0.000000            0.070179
            0.121533            0.000021            0.999179           -0.000000           -0.040519            0.051849           -0.999179            0.000000            0.040519
            0.121588            0.000021            0.999941           -0.000000           -0.010824            0.051849           -0.999941            0.000000            0.010824
            0.121643            0.000021            0.999822            0.000000            0.018881            0.051849           -0.999822           -0.000000           -0.018881
            0.121697            0.000021            0.998820            0.000000            0.048569            0.051849           -0.998820           -0.000000           -0.048569
            0.121752            0.000021            0.996937            0.000000            0.078215            0.051849           -0.996937           -0.000000           -0.078215
            0.121807            0.000021            0.994174            0.000000            0.107791            0.051849           -0.994174           -0.000000           -0.107791
            0.121862            0.000021            0.990533            0.000000            0.137272            0.051849           -0.990533           -0.000000           -0.137272
            0.121916            0.000021            0.986019            0.000000            0.166632            0.051849           -0.986019           -0.000000           -0.166632
            0.121971            0.000021            0.980635            0.000000            0.195845            0.051849           -0.980635           -0.000000           -0.195845
            0.122026            0.000021            0.974385            0.000000            0.224886            0.051849           -0.974385           -0.000000           -0.224886
            0.122081            0.000021            0.967276            0.000000            0.253727            0.051849           -0.967276           -0.000000           -0.253727
            0.122136            0.000021            0.959313            0.000000            0.282345            0.051849           -0.959313           -0.000000           -0.282345
            0.122190            0.000021            0.950503            0.000000            0.310714            0.051849           -0.950503           -0.000000           -0.310714
            0.122245            0.000021            0.940855            0.000000            0.338809            0.051849           -0.940855           -0.000000           -0.338809
            0.122300            0.000021            0.930377            0.000000            0.366604            0.051849           -0.930377           -0.000000           -0.366604
            0.122355            0.000021            0.919078            0.000000            0.394077            0.051849           -0.919078           -0.000000           -0.394077
            0.122409            0.000021            0.906967            0.000000            0.421201            0.051849           -0.906967           -0.000000           -0.421201
            0.122464            0.000021            0.894057            0.000000            0.447954            0.051849           -0.894057           -0.000000           -0.447954
            0.122519            0.000021            0.880357            0.000000            0.474311            0.051849           -0.880357           -0.000000           -0.474311
            0.122574            0.000021            0.865881            0.000000            0.500250            0.051849           -0.865881           -0.000000           -0.500250
            0.122628            0.000021            0.850641            0.000000            0.525748            0.051849           -0.850641           -0.000000           -0.525748
            0.122683            0.000021            0.834650            0.000000            0.550781            0.051849           -0.834650           -0.000000           -0.550781
            0.122738            0.000021            0.817922            0.000000            0.575329            0.051849           -0.817922           -0.000000           -0.575329
            0.122793            0.000021            0.800473            0.000000            0.599369            0.051849           -0.800473           -0.000000           -0.599369
            0.122847            0.000021            0.782317            0.000000            0.622880            0.051849           -0.782317           -0.000000           -0.622880
            0.122902            0.000021            0.763472            0.000000            0.645841            0.051849           -0.763472           -0.000000           -0.645841
            0.122957            0.000021            0.743952            0.000000            0.668233            0.051849           -0.743952           -0.000000           -0.668233
            0.123012            0.000021            0.723776            0.000000            0.690035            0.051849           -0.723776           -0.000000           -0.690035
            0.123066            0.000021            0.702961            0.000000            0.711228            0.051849           -0.702961           -0.000000           -0.711228
            0.123121            0.000021            0.681527            0.000000            0.731793            0.051849           -0.681527           -0.000000           -0.731793
            0.123176            0.000021            0.659490            0.000000            0.751713            0.051849           -0.659490           -0.000000           -0.751713
            0.123231            0.000021            0.636872            0.000000            0.770970            0.051849           -0.636872           -0.000000           -0.770970
            0.123285            0.000021            0.613692            0.000000            0.789546            0.051849           -0.613692           -0.000000           -0.789546
            0.123340            0.000021            0.589970            0.000000            0.807425            0.051849           -0.589970           -0.000000           -0.807425
            0.123395            0.000021            0.565728            0.000000            0.824592            0.051849           -0.565728           -0.000000           -0.824592
            0.123450            0.000021            0.540986            0.000000            0.841031            0.051849           -0.540986           -0.000000           -0.841031
            0.123504            0.000021            0.515767            0.000000            0.856729            0.051849           -0.515767           -0.000000           -0.856729
            0.123559            0.000021            0.490093            0.000000            0.871670            0.051849           -0.490093           -0.000000           -0.871670
            0.123614            0.000021            0.463987            0.000000            0.885842            0.051849           -0.463987           -0.000000           -0.885842
            0.123669            0.000021            0.437471            0.000000            0.899232            0.051849           -0.437471           -0.000000           -0.899232
            0.123723            0.000021            0.410569            0.000000            0.911829            0.051849           -0.410569           -0.000000           -0.911829
            0.123778            0.000021            0.383305            0.000000            0.923622            0.051849           -0.383305           -0.000000           -0.923622
            0.123833            0.000021            0.355703            0.000000            0.934599            0.051849           -0.355703           -0.000000           -0.934599
            0.123888            0.000021            0.327787            0.000000            0.944752            0.051849           -0.327787           -0.000000           -0.944752
            0.123943            0.000021            0.299581            0.000000            0.954071            0.051849           -0.299581           -0.000000           -0.954071
            0.123997            0.000021            0.271111            0.000000            0.962548            0.051849           -0.271111           -0.000000           -0.962548
            0.124052            0.000021            0.242402            0.000000            0.970176            0.051849           -0.242402           -0.000000           -0.970176
            0.124107            0.000021            0.213479            0.000000            0.976948            0.051849           -0.213479           -0.000000           -0.976948
            0.124162            0.000021            0.184368            0.000000            0.982857            0.051849           -0.184368           -0.000000           -0.982857
            0.124216            0.000021            0.155094            0.000000            0.987900            0.051849           -0.155094           -0.000000           -0.987900
            0.124271            0.000021            0.125683            0.000000            0.992070            0.051849           -0.125683           -0.000000           -0.992070
            0.124326            0.000021            0.096161            0.000000            0.995366            0.051849           -0.096161           -0.000000           -0.995366
            0.124381            0.000021            0.066555            0.000000            0.997783            0.051849           -0.066555           -0.000000           -0.997783
            0.124435            0.000021            0.036889            0.000000            0.999319            0.051849           -0.036889           -0.000000           -0.999319
            0.124490            0.000021            0.007192            0.000000            0.999974            0.051849           -0.007192           -0.000000           -0.999974
            0.124545            0.000021           -0.022513            0.000000            0.999747            0.051849            0.022513           -0.000000           -0.999747
            0.124600            0.000021           -0.052197            0.000000            0.998637            0.051849            0.052197           -0.000000           -0.998637
            0.124654            0.000021           -0.081835            0.000000            0.996646            0.051849            0.081835           -0.000000           -0.996646
            0.124709            0.000021           -0.111402            0.000000            0.993775            0.051849            0.111402           -0.000000           -0.993775
            0.124764            0.000021           -0.140869            0.000000            0.990028            0.051849            0.140869           -0.000000           -0.990028
            0.124819            0.000021           -0.170213            0.000000            0.985407            0.051849            0.170213           -0.000000           -0.985407
            0.124873            0.000021           -0.199406            0.000000            0.979917            0.051849            0.199406           -0.000000           -0.979917
            0.124928            0.000021           -0.228423            0.000000            0.973562            0.051849            0.228423           -0.000000           -0.973562
            0.124983            0.000021           -0.257239            0.000000            0.966348            0.051849            0.257239           -0.000000           -0.966348
            0.125038            0.000021           -0.285828            0.000000            0.958281            0.051849            0.285828           -0.000000           -0.958281
            0.125092            0.000021           -0.314165            0.000000            0.949369            0.051849            0.314165           -0.000000           -0.949369
            0.125147            0.000021           -0.342224            0.000000            0.939618            0.051849            0.342224           -0.000000           -0.939618
            0.125202            0.000021           -0.369981            0.000000            0.929039            0.051849            0.369981           -0.000000           -0.929039
            0.125257            0.000021           -0.397412            0.000000            0.917640            0.051849            0.397412           -0.000000           -0.917640
            0.125311            0.000021           -0.424493            0.000000            0.905431            0.051849            0.424493           -0.000000           -0.905431
            0.125366            0.000021           -0.451198            0.000000            0.892424            0.051849            0.451198           -0.000000           -0.892424
            0.125421            0.000021           -0.477506            0.000000            0.878629            0.051849            0.477506           -0.000000           -0.878629
            0.125476            0.000021           -0.503392            0.000000            0.864058            0.051849            0.503392           -0.000000           -0.864058
            0.125530            0.000021           -0.528834            0.000000            0.848725            0.051849            0.528834           -0.000000           -0.848725
            0.125585            0.000021           -0.553809            0.000000            0.832643            0.051849            0.553809           -0.000000           -0.832643
            0.125640            0.000021           -0.578296            0.000000            0.815827            0.051849            0.578296           -0.000000           -0.815827
            0.125695            0.000021           -0.602273            0.000000            0.798291            0.051849            0.602273           -0.000000           -0.798291
            0.125749            0.000021           -0.625718            0.000000            0.780050            0.051849            0.625718           -0.000000           -0.780050
            0.125804            0.000021           -0.648610            0.000000            0.761121            0.051849            0.648610           -0.000000           -0.761121
            0.125859            0.000021           -0.670931            0.000000            0.741520            0.051849            0.670931           -0.000000           -0.741520
            0.125914            0.000021           -0.692659            0.000000            0.721265            0.051849            0.692659           -0.000000           -0.721265
            0.125969            0.000021           -0.713777            0.000000            0.700373            0.051849            0.713777           -0.000000           -0.700373
            0.126023            0.000021           -0.734264            0.000000            0.678864            0.051849            0.734264           -0.000000           -0.678864
            0.126078            0.000021           -0.754104            0.000000            0.656755            0.051849            0.754104           -0.000000           -0.656755
            0.126133            0.000021           -0.773278            0.000000            0.634067            0.051849            0.773278           -0.000000           -0.634067
            0.126188            0.000021           -0.791770            0.000000            0.610820            0.051849            0.791770           -0.000000           -0.610820
            0.126242            0.000021           -0.809563            0.000000            0.587033            0.051849            0.809563           -0.000000           -0.587033
            0.126297            0.000021           -0.826642            0.000000            0.562729            0.051849            0.826642           -0.000000           -0.562729
            0.126352            0.000021           -0.842991            0.000000            0.537928            0.051849            0.842991           -0.000000           -0.537928
            0.126407            0.000021           -0.858596            0.000000            0.512652            0.051849            0.858596           -0.000000           -0.512652
            0.126461            0.000021           -0.873444            0.000000            0.486924            0.051849            0.873444           -0.000000           -0.486924
            0.126516            0.000021           -0.887522            0.000000            0.460766            0.051849            0.887522           -0.000000           -0.460766
            0.126571            0.000021           -0.900816            0.000000            0.434202            0.051849            0.900816           -0.000000           -0.434202
            0.126626            0.000021           -0.913315            0.000000            0.407255            0.051849            0.913315           -0.000000           -0.407255
            0.126680            0.000021           -0.925008            0.000000            0.379948            0.051849            0.925008           -0.000000           -0.379948
            0.126735            0.000021           -0.935885            0.000000            0.352306            0.051849            0.935885           -0.000000           -0.352306
            0.126790            0.000021           -0.945936            0.000000            0.324353            0.051849            0.945936           -0.000000           -0.324353
            0.126845            0.000021           -0.955153            0.000000            0.296114            0.051849            0.955153           -0.000000           -0.296114
            0.126899            0.000021           -0.963526            0.000000            0.267613            0.051849            0.963526           -0.000000           -0.267613
            0.126954            0.000021           -0.971050            0.000000            0.238877            0.051849            0.971050           -0.000000           -0.238877
            0.127009            0.000021           -0.977717            0.000000            0.209929            0.051849            0.977717           -0.000000           -0.209929
            0.127064            0.000021           -0.983520            0.000000            0.180797            0.051849            0.983520           -0.000000           -0.180797
            0.127118            0.000021           -0.988457            0.000000            0.151505            0.051849            0.988457           -0.000000           -0.151505
            0.127173            0.000021           -0.992520            0.000000            0.122079            0.051849            0.992520           -0.000000           -0.122079
            0.127228            0.000021           -0.995708            0.000000            0.092545            0.051849            0.995708           -0.000000           -0.092545
            0.127283            0.000021           -0.998018            0.000000            0.062930            0.051849            0.998018           -0.000000           -0.062930
            0.127337            0.000021           -0.999447            0.000000            0.033259            0.051849            0.999447           -0.000000           -0.033259
            0.127392            0.000021           -0.999994            0.000000            0.003559            0.051849            0.999994           -0.000000           -0.003559
            0.127447            0.000021           -0.999658           -0.000000           -0.026144            0.051849            0.999658            0.000000            0.026144
            0.127502            0.000021           -0.998441           -0.000000           -0.055824            0.051849            0.998441            0.000000            0.055824
            0.127556            0.000021           -0.996342           -0.000000           -0.085455            0.051849            0.996342            0.000000            0.085455
            0.127611            0.000021           -0.993364           -0.000000           -0.115011            0.051849            0.993364            0.000000            0.115011
            0.127666            0.000021           -0.989510           -0.000000           -0.144465            0.051849            0.989510            0.000000            0.144465
            0.127721            0.000021           -0.984783           -0.000000           -0.173791            0.051849            0.984783            0.000000            0.173791
            0.127775            0.000021           -0.979186           -0.000000           -0.202964            0.051849            0.979186            0.000000            0.202964
            0.127830            0.000021           -0.972726           -0.000000           -0.231958            0.051849            0.972726            0.000000            0.231958
            0.127885            0.000021           -0.965407           -0.000000           -0.260748            0.051849            0.965407            0.000000            0.260748
            0.127940            0.000021           -0.957236           -0.000000           -0.289307            0.051849            0.957236            0.000000            0.289307
            0.127995            0.000021           -0.948221           -0.000000           -0.317611            0.051849            0.948221            0.000000            0.317611
            0.128049            0.000021           -0.938369           -0.000000           -0.345635            0.051849            0.938369            0.000000            0.345635
            0.128104            0.000021           -0.927689           -0.000000           -0.373354            0.051849            0.927689            0.000000            0.373354
            0.128159            0.000021           -0.916191           -0.000000           -0.400743            0.051849            0.916191            0.000000            0.400743
            0.128214            0.000021           -0.903883           -0.000000           -0.427779            0.051849            0.903883            0.000000            0.427779
            0.128268            0.000021           -0.890779           -0.000000           -0.454437            0.051849            0.890779            0.000000            0.454437
            0.128323            0.000021           -0.876888           -0.000000           -0.480694            0.051849            0.876888            0.000000            0.480694
            0.128378            0.000021           -0.862224           -0.000000           -0.506527            0.051849            0.862224            0.000000            0.506527
            0.128433            0.000021           -0.846799           -0.000000           -0.531914            0.051849            0.846799            0.000000            0.531914
            0.128487            0.000021           -0.830626           -0.000000           -0.556830            0.051849            0.830626            0.000000            0.556830
            0.128542            0.000021           -0.813721           -0.000000           -0.581256            0.051849            0.813721            0.000000            0.581256
            0.128597            0.000021           -0.796098           -0.000000           -0.605168            0.051849            0.796098            0.000000            0.605168
            0.128652            0.000021           -0.777772           -0.000000           -0.628547            0.051849            0.777772            0.000000            0.628547
            0.128706            0.000021           -0.758760           -0.000000           -0.651371            0.051849            0.758760            0.000000            0.651371
            0.128761            0.000021           -0.739078           -0.000000           -0.673620            0.051849            0.739078            0.000000            0.673620
            0.128816            0.000021           -0.718744           -0.000000           -0.695275            0.051849            0.718744            0.000000            0.695275
            0.128871            0.000021           -0.697776           -0.000000           -0.716316            0.051849            0.697776            0.000000            0.716316
            0.128925            0.000021           -0.676192           -0.000000           -0.736725            0.051849            0.676192            0.000000            0.736725
            0.128980            0.000021           -0.654012           -0.000000           -0.756484            0.051849            0.654012            0.000000            0.756484
            0.129035            0.000021           -0.631254           -0.000000           -0.775576            0.051849            0.631254            0.000000            0.775576
            0.129090            0.000021           -0.607940           -0.000000           -0.793983            0.051849            0.607940            0.000000            0.793983
            0.129144            0.000021           -0.584089           -0.000000           -0.811690            0.051849            0.584089            0.000000            0.811690
            0.129199            0.000021           -0.559722           -0.000000           -0.828680            0.051849            0.559722            0.000000            0.828680
            0.129254            0.000021           -0.534862           -0.000000           -0.844939            0.051849            0.534862            0.000000            0.844939
            0.129309            0.000021           -0.509530           -0.000000           -0.860453            0.051849            0.509530            0.000000            0.860453
            0.129363            0.000021           -0.483748           -0.000000           -0.875207            0.051849            0.483748            0.000000            0.875207
            0.129418            0.000021           -0.457539           -0.000000           -0.889189            0.051849            0.457539            0.000000            0.889189
            0.129473            0.000021           -0.430927           -0.000000           -0.902387            0.051849            0.430927            0.000000            0.902387
            0.129528            0.000021           -0.403934           -0.000000           -0.914788            0.051849            0.403934            0.000000            0.914788
            0.129582            0.000021           -0.376585           -0.000000           -0.926382            0.051849            0.376585            0.000000            0.926382
            0.129637            0.000021           -0.348904           -0.000000           -0.937159            0.051849            0.348904            0.000000            0.937159
            0.129692            0.000021           -0.320915           -0.000000           -0.947108            0.051849            0.320915            0.000000            0.947108
            0.129747            0.000021           -0.292642           -0.000000           -0.956222            0.051849            0.292642            0.000000            0.956222
            0.129802            0.000021           -0.264112           -0.000000           -0.964492            0.051849            0.264112            0.000000            0.964492
            0.129856            0.000021           -0.235348           -0.000000           -0.971911            0.051849            0.235348            0.000000            0.971911
            0.129911            0.000021           -0.206376           -0.000000           -0.978473            0.051849            0.206376            0.000000            0.978473
            0.129966            0.000021           -0.177223           -0.000000           -0.984171            0.051849            0.177223            0.000000            0.984171
            0.130021            0.000021           -0.147913           -0.000000           -0.989000            0.051849            0.147913            0.000000            0.989000
            0.130075            0.000021           -0.118473           -0.000000           -0.992957            0.051849            0.118473            0.000000            0.992957
            0.130130            0.000021           -0.088928           -0.000000           -0.996038            0.051849            0.088928            0.000000            0.996038
            0.130185            0.000021           -0.059304           -0.000000           -0.998240            0.051849            0.059304            0.000000            0.998240
            0.130240            0.000021           -0.029629           -0.000000           -0.999561            0.051849            0.029629            0.000000            0.999561
            0.130294            0.000021            0.000073           -0.000000           -1.000000            0.051849           -0.000073            0.000000            1.000000
            0.130349            0.000021            0.029775           -0.000000           -0.999557            0.051849           -0.029775            0.000000            0.999557
            0.130404            0.000021            0.059451           -0.000000           -0.998231            0.051849           -0.059451            0.000000            0.998231
            0.130459            0.000021            0.089074           -0.000000           -0.996025            0.051849           -0.089074            0.000000            0.996025
            0.130513            0.000021            0.118618           -0.000000           -0.992940            0.051849           -0.118618            0.000000            0.992940
            0.130568            0.000021            0.148058           -0.000000           -0.988979            0.051849           -0.148058            0.000000            0.988979
            0.130623            0.000021            0.177367           -0.000000           -0.984145            0.051849           -0.177367            0.000000            0.984145
            0.130678            0.000021            0.206520           -0.000000           -0.978442            0.051849           -0.206520            0.000000            0.978442
            0.130732            0.000021            0.235490           -0.000000           -0.971877            0.051849           -0.235490            0.000000            0.971877
            0.130787            0.000021            0.264253           -0.000000           -0.964453            0.051849           -0.264253            0.000000            0.964453
            0.130842            0.000021            0.292782           -0.000000           -0.956179            0.051849           -0.292782            0.000000            0.956179
            0.130897            0.000021            0.321053           -0.000000           -0.947061            0.051849           -0.321053            0.000000            0.947061
            0.130951            0.000021            0.349041           -0.000000           -0.937107            0.051849           -0.349041            0.000000            0.937107
            0.131006            0.000021            0.376721           -0.000000           -0.926327            0.051849           -0.376721            0.000000            0.926327
            0.131061            0.000021            0.404068           -0.000000           -0.914729            0.051849           -0.404068            0.000000            0.914729
            0.131116            0.000021            0.431059           -0.000000           -0.902324            0.051849           -0.431059            0.000000            0.902324
            0.131170            0.000021            0.457670           -0.000000           -0.889122            0.051849           -0.457670            0.000000            0.889122
            0.131225            0.000021            0.483876           -0.000000           -0.875136            0.051849           -0.483876            0.000000            0.875136
            0.131280            0.000021            0.509656           -0.000000           -0.860378            0.051849           -0.509656            0.000000            0.860378
            0.131335            0.000021            0.534986           -0.000000           -0.844861            0.051849           -0.534986            0.000000            0.844861
            0.131389            0.000021            0.559844           -0.000000           -0.828598            0.051849           -0.559844            0.000000            0.828598
            0.131444            0.000021            0.584208           -0.000000           -0.811604            0.051849           -0.584208            0.000000            0.811604
            0.131499            0.000021            0.608056           -0.000000           -0.793894            0.051849           -0.608056            0.000000            0.793894
            0.131554            0.000021            0.631368           -0.000000           -0.775483            0.051849           -0.631368            0.000000            0.775483
            0.131608            0.000021            0.654123           -0.000000           -0.756389            0.051849           -0.654123            0.000000            0.756389
            0.131663            0.000021            0.676300           -0.000000           -0.736626            0.051849           -0.676300            0.000000            0.736626
            0.131718            0.000021            0.697881           -0.000000           -0.716214            0.051849           -0.697881            0.000000            0.716214
            0.131773            0.000021            0.718846           -0.000000           -0.695170            0.051849           -0.718846            0.000000            0.695170
            0.131828            0.000021            0.739177           -0.000000           -0.673512            0.051849           -0.739177            0.000000            0.673512
            0.131882            0.000021            0.758855           -0.000000           -0.651260            0.051849           -0.758855            0.000000            0.651260
            0.131964            0.000021            0.787112           -0.000000           -0.616810            0.051849           -0.787112            0.000000            0.616810
            0.132019            0.000021            0.805085           -0.000000           -0.593160            0.051849           -0.805085            0.000000            0.593160
            0.132074            0.000021            0.822348           -0.000000           -0.568985            0.051849           -0.822348            0.000000            0.568985
            0.132129            0.000021            0.838885           -0.000000           -0.544309            0.051849           -0.838885            0.000000            0.544309
            0.132183            0.000021            0.854682           -0.000000           -0.519153            0.051849           -0.854682            0.000000            0.519153
            0.132238            0.000021            0.869724           -0.000000           -0.493538            0.051849           -0.869724            0.000000            0.493538
            0.132293            0.000021            0.884000           -0.000000           -0.467488            0.051849           -0.884000            0.000000            0.467488
            0.132348            0.000021            0.897495           -0.000000           -0.441025            0.051849           -0.897495            0.000000            0.441025
            0.132402            0.000021            0.910198           -0.000000           -0.414173            0.051849           -0.910198            0.000000            0.414173
            0.132457            0.000021            0.922098           -0.000000           -0.386956            0.051849           -0.922098            0.000000            0.386956
            0.132512            0.000021            0.933185           -0.000000           -0.359397            0.051849           -0.933185            0.000000            0.359397
            0.132567            0.000021            0.943448           -0.000000           -0.331521            0.051849           -0.943448            0.000000            0.331521
            0.132594            0.000021            0.948268           -0.000000           -0.317472            0.051849           -0.948268            0.000000            0.317472
            0.132649            0.000021            0.957279           -0.000000           -0.289167            0.051849           -0.957279            0.000000            0.289167
            0.132704            0.000021            0.965445           -0.000000           -0.260606            0.051849           -0.965445            0.000000            0.260606
            0.132758            0.000021            0.972760           -0.000000           -0.231816            0.051849           -0.972760            0.000000            0.231816
            0.132813            0.000021            0.979216           -0.000000           -0.202821            0.051849           -0.979216            0.000000            0.202821
            0.132868            0.000021            0.984808           -0.000000           -0.173647            0.051849           -0.984808            0.000000            0.173647
            0.132923            0.000021            0.989531           -0.000000           -0.144320            0.051849           -0.989531            0.000000            0.144320
            0.132977            0.000021            0.993381           -0.000000           -0.114865            0.051849           -0.993381            0.000000            0.114865
            0.133032            0.000021            0.996355           -0.000000           -0.085309            0.051849           -0.996355            0.000000            0.085309
            0.133087            0.000021            0.998449           -0.000000           -0.055678            0.051849           -0.998449            0.000000            0.055678
            0.133142            0.000021            0.999662           -0.000000           -0.025998            0.051849           -0.999662            0.000000            0.025998
            0.133196            0.000021            0.999993            0.000000            0.003706            0.051849           -0.999993           -0.000000           -0.003706
            0.133251            0.000021            0.999442            0.000000            0.033406            0.051849           -0.999442           -0.000000           -0.033406
            0.133306            0.000021            0.998009            0.000000            0.063076            0.051849           -0.998009           -0.000000           -0.063076
            0.133361            0.000021            0.995695            0.000000            0.092691            0.051849           -0.995695           -0.000000           -0.092691
            0.133415            0.000021            0.992503            0.000000            0.122224            0.051849           -0.992503           -0.000000           -0.122224
            0.133470            0.000021            0.988434            0.000000            0.151649            0.051849           -0.988434           -0.000000           -0.151649
            0.133525            0.000021            0.983494            0.000000            0.180941            0.051849           -0.983494           -0.000000           -0.180941
            0.133580            0.000021            0.977686            0.000000            0.210072            0.051849           -0.977686           -0.000000           -0.210072
            0.133634            0.000021            0.971015            0.000000            0.239019            0.051849           -0.971015           -0.000000           -0.239019
            0.133689            0.000021            0.963487            0.000000            0.267754            0.051849           -0.963487           -0.000000           -0.267754
            0.133744            0.000021            0.955109            0.000000            0.296253            0.051849           -0.955109           -0.000000           -0.296253
            0.133799            0.000021            0.945889            0.000000            0.324491            0.051849           -0.945889           -0.000000           -0.324491
            0.133854            0.000021            0.935833            0.000000            0.352443            0.051849           -0.935833           -0.000000           -0.352443
            0.133908            0.000021            0.924952            0.000000            0.380083            0.051849           -0.924952           -0.000000           -0.380083
            0.133963            0.000021            0.913255            0.000000            0.407388            0.051849           -0.913255           -0.000000           -0.407388
            0.134018            0.000021            0.900752            0.000000            0.434334            0.051849           -0.900752           -0.000000           -0.434334
            0.134073            0.000021            0.887454            0.000000            0.460896            0.051849           -0.887454           -0.000000           -0.460896
            0.134155            0.000021            0.866043            0.000000            0.499970            0.051849           -0.866043           -0.000000           -0.499970
            0.134209            0.000021            0.850811            0.000000            0.525472            0.051849           -0.850811           -0.000000           -0.525472
            0.134264            0.000021            0.834828            0.000000            0.550511            0.051849           -0.834828           -0.000000           -0.550511
            0.134319            0.000021            0.818108            0.000000            0.575064            0.051849           -0.818108           -0.000000           -0.575064
            0.134374            0.000021            0.800667            0.000000            0.599110            0.051849           -0.800667           -0.000000           -0.599110
            0.134428            0.000021            0.782519            0.000000            0.622627            0.051849           -0.782519           -0.000000           -0.622627
            0.134483            0.000021            0.763680            0.000000            0.645594            0.051849           -0.763680           -0.000000           -0.645594
            0.134538            0.000021            0.744168            0.000000            0.667992            0.051849           -0.744168           -0.000000           -0.667992
            0.134593            0.000021            0.723999            0.000000            0.689801            0.051849           -0.723999           -0.000000           -0.689801
            0.134648            0.000021            0.703192            0.000000            0.711000            0.051849           -0.703192           -0.000000           -0.711000
            0.134702            0.000021            0.681763            0.000000            0.731573            0.051849           -0.681763           -0.000000           -0.731573
            0.134757            0.000021            0.659733            0.000000            0.751500            0.051849           -0.659733           -0.000000           -0.751500
            0.134812            0.000021            0.637121            0.000000            0.770763            0.051849           -0.637121           -0.000000           -0.770763
            0.134867            0.000021            0.613947            0.000000            0.789347            0.051849           -0.613947           -0.000000           -0.789347
            0.134921            0.000021            0.590231            0.000000            0.807234            0.051849           -0.590231           -0.000000           -0.807234
            0.134976            0.000021            0.565995            0.000000            0.824409            0.051849           -0.565995           -0.000000           -0.824409
            0.135031            0.000021            0.541258            0.000000            0.840856            0.051849           -0.541258           -0.000000           -0.840856
            0.135086            0.000021            0.516045            0.000000            0.856562            0.051849           -0.516045           -0.000000           -0.856562
            0.135140            0.000021            0.490376            0.000000            0.871511            0.051849           -0.490376           -0.000000           -0.871511
            0.135195            0.000021            0.464274            0.000000            0.885692            0.051849           -0.464274           -0.000000           -0.885692
            0.135250            0.000021            0.437762            0.000000            0.899091            0.051849           -0.437762           -0.000000           -0.899091
            0.135305            0.000021            0.410864            0.000000            0.911696            0.051849           -0.410864           -0.000000           -0.911696
            0.135359            0.000021            0.383604            0.000000            0.923498            0.051849           -0.383604           -0.000000           -0.923498
            0.135387            0.000021            0.369845            0.000000            0.929093            0.051849           -0.369845           -0.000000           -0.929093
            0.135441            0.000021            0.342086            0.000000            0.939668            0.051849           -0.342086           -0.000000           -0.939668
            0.135496            0.000021            0.314026            0.000000            0.949414            0.051849           -0.314026           -0.000000           -0.949414
            0.135551            0.000021            0.285688            0.000000            0.958323            0.051849           -0.285688           -0.000000           -0.958323
            0.135606            0.000021            0.257098            0.000000            0.966385            0.051849           -0.257098           -0.000000           -0.966385
            0.135661            0.000021            0.228281            0.000000            0.973595            0.051849           -0.228281           -0.000000           -0.973595
            0.135715            0.000021            0.199263            0.000000            0.979946            0.051849           -0.199263           -0.000000           -0.979946
            0.135770            0.000021            0.170069            0.000000            0.985432            0.051849           -0.170069           -0.000000           -0.985432
            0.135825            0.000021            0.140724            0.000000            0.990049            0.051849           -0.140724           -0.000000           -0.990049
            0.135880            0.000021            0.111256            0.000000            0.993792            0.051849           -0.111256           -0.000000           -0.993792
            0.135934            0.000021            0.081690            0.000000            0.996658            0.051849           -0.081690           -0.000000           -0.996658
            0.135989            0.000021            0.052051            0.000000            0.998644            0.051849           -0.052051           -0.000000           -0.998644
            0.136044            0.000021            0.022366            0.000000            0.999750            0.051849           -0.022366           -0.000000           -0.999750
            0.136099            0.000021           -0.007338            0.000000            0.999973            0.051849            0.007338           -0.000000           -0.999973
            0.136153            0.000021           -0.037036            0.000000            0.999314            0.051849            0.037036           -0.000000           -0.999314
            0.136208            0.000021           -0.066701            0.000000            0.997773            0.051849            0.066701           -0.000000           -0.997773
            0.136263            0.000021           -0.096307            0.000000            0.995352            0.051849            0.096307           -0.000000           -0.995352
            0.136318            0.000021           -0.125828            0.000000            0.992052            0.051849            0.125828           -0.000000           -0.992052
            0.136372            0.000021           -0.155239            0.000000            0.987877            0.051849            0.155239           -0.000000           -0.987877
            0.136427            0.000021           -0.184512            0.000000            0.982830            0.051849            0.184512           -0.000000           -0.982830
            0.136482            0.000021           -0.213622            0.000000            0.976916            0.051849            0.213622           -0.000000           -0.976916
            0.136537            0.000021           -0.242544            0.000000            0.970140            0.051849            0.242544           -0.000000           -0.970140
            0.136591            0.000021           -0.271252            0.000000            0.962508            0.051849            0.271252           -0.000000           -0.962508
            0.136646            0.000021           -0.299721            0.000000            0.954027            0.051849            0.299721           -0.000000           -0.954027
            0.136701            0.000021           -0.327925            0.000000            0.944704            0.051849            0.327925           -0.000000           -0.944704
            0.136756            0.000021           -0.355840            0.000000            0.934547            0.051849            0.355840           -0.000000           -0.934547
            0.136810            0.000021           -0.383440            0.000000            0.923566            0.051849            0.383440           -0.000000           -0.923566
            0.136865            0.000021           -0.410703            0.000000            0.911769            0.051849            0.410703           -0.000000           -0.911769
            0.136920            0.000021           -0.437603            0.000000            0.899168            0.051849            0.437603           -0.000000           -0.899168
            0.136975            0.000021           -0.464117            0.000000            0.885774            0.051849            0.464117           -0.000000           -0.885774
            0.137029            0.000021           -0.490221            0.000000            0.871598            0.051849            0.490221           -0.000000           -0.871598
            0.137084            0.000021           -0.515893            0.000000            0.856653            0.051849            0.515893           -0.000000           -0.856653
            0.137139            0.000021           -0.541109            0.000000            0.840952            0.051849            0.541109           -0.000000           -0.840952
            0.137194            0.000021           -0.565849            0.000000            0.824509            0.051849            0.565849           -0.000000           -0.824509
            0.137248            0.000021           -0.590088            0.000000            0.807339            0.051849            0.590088           -0.000000           -0.807339
            0.137303            0.000021           -0.613807            0.000000            0.789456            0.051849            0.613807           -0.000000           -0.789456
            0.137358            0.000021           -0.636985            0.000000            0.770876            0.051849            0.636985           -0.000000           -0.770876
            0.137413            0.000021           -0.659600            0.000000            0.751617            0.051849            0.659600           -0.000000           -0.751617
            0.137467            0.000021           -0.681634            0.000000            0.731694            0.051849            0.681634           -0.000000           -0.731694
            0.137522            0.000021           -0.703066            0.000000            0.711125            0.051849            0.703066           -0.000000           -0.711125
            0.137577            0.000021           -0.723877            0.000000            0.689929            0.051849            0.723877           -0.000000           -0.689929
            0.137659            0.000021           -0.753891            0.000000            0.656999            0.051849            0.753891           -0.000000           -0.656999
            0.137714            0.000021           -0.773073            0.000000            0.634318            0.051849            0.773073           -0.000000           -0.634318
            0.137769            0.000021           -0.791572            0.000000            0.611076            0.051849            0.791572           -0.000000           -0.611076
            0.137823            0.000021           -0.809373            0.000000            0.587295            0.051849            0.809373           -0.000000           -0.587295
            0.137878            0.000021           -0.826459            0.000000            0.562996            0.051849            0.826459           -0.000000           -0.562996
            0.137933            0.000021           -0.842817            0.000000            0.538201            0.051849            0.842817           -0.000000           -0.538201
            0.137988            0.000021           -0.858431            0.000000            0.512930            0.051849            0.858431           -0.000000           -0.512930
            0.138042            0.000021           -0.873287            0.000000            0.487207            0.051849            0.873287           -0.000000           -0.487207
            0.138097            0.000021           -0.887372            0.000000            0.461053            0.051849            0.887372           -0.000000           -0.461053
            0.138152            0.000021           -0.900675            0.000000            0.434493            0.051849            0.900675           -0.000000           -0.434493
            0.138207            0.000021           -0.913183            0.000000            0.407550            0.051849            0.913183           -0.000000           -0.407550
            0.138261            0.000021           -0.924885            0.000000            0.380247            0.051849            0.924885           -0.000000           -0.380247
            0.138289            0.000021           -0.930431            0.000000            0.366468            0.051849            0.930431           -0.000000           -0.366468
            0.138344            0.000021           -0.940905            0.000000            0.338671            0.051849            0.940905           -0.000000           -0.338671
            0.138398            0.000021           -0.950549            0.000000            0.310575            0.051849            0.950549           -0.000000           -0.310575
            0.138453            0.000021           -0.959354            0.000000            0.282205            0.051849            0.959354           -0.000000           -0.282205
            0.138508            0.000021           -0.967313            0.000000            0.253586            0.051849            0.967313           -0.000000           -0.253586
            0.138563            0.000021           -0.974418            0.000000            0.224743            0.051849            0.974418           -0.000000           -0.224743
            0.138617            0.000021           -0.980663            0.000000            0.195702            0.051849            0.980663           -0.000000           -0.195702
            0.138672            0.000021           -0.986043            0.000000            0.166488            0.051849            0.986043           -0.000000           -0.166488
            0.138727            0.000021           -0.990553            0.000000            0.137127            0.051849            0.990553           -0.000000           -0.137127
            0.138782            0.000021           -0.994189            0.000000            0.107645            0.051849            0.994189           -0.000000           -0.107645
            0.138836            0.000021           -0.996948            0.000000            0.078069            0.051849            0.996948           -0.000000           -0.078069
            0.138891            0.000021           -0.998827            0.000000            0.048423            0.051849            0.998827           -0.000000           -0.048423
            0.138946            0.000021           -0.999824            0.000000            0.018735            0.051849            0.999824           -0.000000           -0.018735
            0.139001            0.000021           -0.999940           -0.000000           -0.010970            0.051849            0.999940            0.000000            0.010970
            0.139055            0.000021           -0.999173           -0.000000           -0.040665            0.051849            0.999173            0.000000            0.040665
            0.139110            0.000021           -0.997524           -0.000000           -0.070325            0.051849            0.997524            0.000000            0.070325
            0.139165            0.000021           -0.994995           -0.000000           -0.099922            0.051849            0.994995            0.000000            0.099922
            0.139220            0.000021           -0.991588           -0.000000           -0.129431            0.051849            0.991588            0.000000            0.129431
            0.139274            0.000021           -0.987307           -0.000000           -0.158826            0.051849            0.987307            0.000000            0.158826
            0.139329            0.000021           -0.982154           -0.000000           -0.188081            0.051849            0.982154            0.000000            0.188081
            0.139384            0.000021           -0.976134           -0.000000           -0.217169            0.051849            0.976134            0.000000            0.217169
            0.139439            0.000021           -0.969253           -0.000000           -0.246067            0.051849            0.969253            0.000000            0.246067
            0.139493            0.000021           -0.961517           -0.000000           -0.274747            0.051849            0.961517            0.000000            0.274747
            0.139548            0.000021           -0.952932           -0.000000           -0.303184            0.051849            0.952932            0.000000            0.303184
            0.139603            0.000021           -0.943506           -0.000000           -0.331354            0.051849            0.943506            0.000000            0.331354
            0.139658            0.000021           -0.933248           -0.000000           -0.359232            0.051849            0.933248            0.000000            0.359232
            0.139713            0.000021           -0.922167           -0.000000           -0.386793            0.051849            0.922167            0.000000            0.386793
            0.139767            0.000021           -0.910271           -0.000000           -0.414012            0.051849            0.910271            0.000000            0.414012
            0.139822            0.000021           -0.897573           -0.000000           -0.440866            0.051849            0.897573            0.000000            0.440866
            0.139877            0.000021           -0.884082           -0.000000           -0.467331            0.051849            0.884082            0.000000            0.467331
            0.139932            0.000021           -0.869812           -0.000000           -0.493384            0.051849            0.869812            0.000000            0.493384
            0.139986            0.000021           -0.854774           -0.000000           -0.519001            0.051849            0.854774            0.000000            0.519001
            0.140041            0.000021           -0.838981           -0.000000           -0.544161            0.051849            0.838981            0.000000            0.544161
            0.140096            0.000021           -0.822448           -0.000000           -0.568840            0.051849            0.822448            0.000000            0.568840
            0.140151            0.000021           -0.805190           -0.000000           -0.593017            0.051849            0.805190            0.000000            0.593017
            0.140205            0.000021           -0.787221           -0.000000           -0.616671            0.051849            0.787221            0.000000            0.616671
            0.140260            0.000021           -0.768557           -0.000000           -0.639781            0.051849            0.768557            0.000000            0.639781
            0.140315            0.000021           -0.749216           -0.000000           -0.662326            0.051849            0.749216            0.000000            0.662326
            0.140370            0.000021           -0.729213           -0.000000           -0.684287            0.051849            0.729213            0.000000            0.684287
            0.140424            0.000021           -0.708567           -0.000000           -0.705644            0.051849            0.708567            0.000000            0.705644
            0.140479            0.000021           -0.687295           -0.000000           -0.726378            0.051849            0.687295            0.000000            0.726378
            0.140534            0.000021           -0.665417           -0.000000           -0.746472            0.051849            0.665417            0.000000            0.746472
            0.140589            0.000021           -0.642952           -0.000000           -0.765907            0.051849            0.642952            0.000000            0.765907
            0.140643            0.000021           -0.619919           -0.000000           -0.784666            0.051849            0.619919            0.000000            0.784666
            0.140698            0.000021           -0.596340           -0.000000           -0.802732            0.051849            0.596340            0.000000            0.802732
            0.140753            0.000021           -0.572234           -0.000000           -0.820090            0.051849            0.572234            0.000000            0.820090
            0.140808            0.000021           -0.547623           -0.000000           -0.836725            0.051849            0.547623            0.000000            0.836725
            0.140862            0.000021           -0.522530           -0.000000           -0.852621            0.051849            0.522530            0.000000            0.852621
            0.140917            0.000021           -0.496975           -0.000000           -0.867765            0.051849            0.496975            0.000000            0.867765
            0.140972            0.000021           -0.470981           -0.000000           -0.882143            0.051849            0.470981            0.000000            0.882143
            0.141027            0.000021           -0.444572           -0.000000           -0.895743            0.051849            0.444572            0.000000            0.895743
            0.141081            0.000021           -0.417771           -0.000000           -0.908552            0.051849            0.417771            0.000000            0.908552
            0.141136            0.000021           -0.390601           -0.000000           -0.920560            0.051849            0.390601            0.000000            0.920560
            0.141191            0.000021           -0.363086           -0.000000           -0.931756            0.051849            0.363086            0.000000            0.931756
            0.141246            0.000021           -0.335251           -0.000000           -0.942129            0.051849            0.335251            0.000000            0.942129
            0.141300            0.000021           -0.307120           -0.000000           -0.951671            0.051849            0.307120            0.000000            0.951671
            0.141355            0.000021           -0.278718           -0.000000           -0.960373            0.051849            0.278718            0.000000            0.960373
            0.141410            0.000021           -0.250071           -0.000000           -0.968228            0.051849            0.250071            0.000000            0.968228
            0.141465            0.000021           -0.221202           -0.000000           -0.975228            0.051849            0.221202            0.000000            0.975228
            0.141520            0.000021           -0.192138           -0.000000           -0.981368            0.051849            0.192138            0.000000            0.981368
            0.141574            0.000021           -0.162905           -0.000000           -0.986642            0.051849            0.162905            0.000000            0.986642
            0.141629            0.000021           -0.133528           -0.000000           -0.991045            0.051849            0.133528            0.000000            0.991045
            0.141684            0.000021           -0.104033           -0.000000           -0.994574            0.051849            0.104033            0.000000            0.994574
            0.141739            0.000021           -0.074447           -0.000000           -0.997225            0.051849            0.074447            0.000000            0.997225
            0.141793            0.000021           -0.044795           -0.000000           -0.998996            0.051849            0.044795            0.000000            0.998996
            0.141848            0.000021           -0.015103           -0.000000           -0.999886            0.051849            0.015103            0.000000            0.999886
            0.141903            0.000021            0.014602           -0.000000           -0.999893            0.051849           -0.014602            0.000000            0.999893
            0.141958            0.000021            0.044294           -0.000000           -0.999019            0.051849           -0.044294            0.000000            0.999019
            0.142012            0.000021            0.073948           -0.000000           -0.997262            0.051849           -0.073948            0.000000            0.997262
            0.142067            0.000021            0.103535           -0.000000           -0.994626            0.051849           -0.103535            0.000000            0.994626
            0.142122            0.000021            0.133032           -0.000000           -0.991112            0.051849           -0.133032            0.000000            0.991112
            0.142177            0.000021            0.162411           -0.000000           -0.986723            0.051849           -0.162411            0.000000            0.986723
            0.142231            0.000021            0.191647           -0.000000           -0.981464            0.051849           -0.191647            0.000000            0.981464
            0.142286            0.000021            0.220714           -0.000000           -0.975339            0.051849           -0.220714            0.000000            0.975339
            0.142341            0.000021            0.249586           -0.000000           -0.968353            0.051849           -0.249586            0.000000            0.968353
            0.142396            0.000021            0.278237           -0.000000           -0.960512            0.051849           -0.278237            0.000000            0.960512
            0.142450            0.000021            0.306644           -0.000000           -0.951824            0.051849           -0.306644            0.000000            0.951824
            0.142505            0.000021            0.334779           -0.000000           -0.942297            0.051849           -0.334779            0.000000            0.942297
            0.142560            0.000021            0.362619           -0.000000           -0.931937            0.051849           -0.362619            0.000000            0.931937
            0.142615            0.000021            0.390140           -0.000000           -0.920756            0.051849           -0.390140            0.000000            0.920756
            0.142669            0.000021            0.417316           -0.000000           -0.908762            0.051849           -0.417316            0.000000            0.908762
            0.142724            0.000021            0.444124           -0.000000           -0.895966            0.051849           -0.444124            0.000000            0.895966
            0.142779            0.000021            0.470539           -0.000000           -0.882379            0.051849           -0.470539            0.000000            0.882379
            0.142834            0.000021            0.496540           -0.000000           -0.868014            0.051849           -0.496540            0.000000            0.868014
            0.142888            0.000021            0.522103           -0.000000           -0.852883            0.051849           -0.522103            0.000000            0.852883
            0.142943            0.000021            0.547204           -0.000000           -0.836999            0.051849           -0.547204            0.000000            0.836999
            0.142998            0.000021            0.571823           -0.000000           -0.820377            0.051849           -0.571823            0.000000            0.820377
            0.143053            0.000021            0.595938           -0.000000           -0.803031            0.051849           -0.595938            0.000000            0.803031
            0.143107            0.000021            0.619526           -0.000000           -0.784976            0.051849           -0.619526            0.000000            0.784976
            0.143162            0.000021            0.642568           -0.000000           -0.766228            0.051849           -0.642568            0.000000            0.766228
            0.143217            0.000021            0.665043           -0.000000           -0.746805            0.051849           -0.665043            0.000000            0.746805
            0.143272            0.000021            0.686931           -0.000000           -0.726722            0.051849           -0.686931            0.000000            0.726722
            0.143326            0.000021            0.708213           -0.000000           -0.705999            0.051849           -0.708213            0.000000            0.705999
            0.143409            0.000021            0.738959           -0.000000           -0.673751            0.051849           -0.738959            0.000000            0.673751
            0.143463            0.000021            0.758644           -0.000000           -0.651505            0.051849           -0.758644            0.000000            0.651505
            0.143518            0.000021            0.777660           -0.000000           -0.628685            0.051849           -0.777660            0.000000            0.628685
            0.143573            0.000021            0.795990           -0.000000           -0.605309            0.051849           -0.795990            0.000000            0.605309
            0.143628            0.000021            0.813618           -0.000000           -0.581400            0.051849           -0.813618            0.000000            0.581400
            0.143682            0.000021            0.830528           -0.000000           -0.556977            0.051849           -0.830528            0.000000            0.556977
            0.143737            0.000021            0.846704           -0.000000           -0.532064            0.051849           -0.846704            0.000000            0.532064
            0.143792            0.000021            0.862134           -0.000000           -0.506680            0.051849           -0.862134            0.000000            0.506680
            0.143847            0.000021            0.876803           -0.000000           -0.480850            0.051849           -0.876803            0.000000            0.480850
            0.143901            0.000021            0.890698           -0.000000           -0.454595            0.051849           -0.890698            0.000000            0.454595
            0.143956            0.000021            0.903808           -0.000000           -0.427939            0.051849           -0.903808            0.000000            0.427939
            0.144011            0.000021            0.916120           -0.000000           -0.400905            0.051849           -0.916120            0.000000            0.400905
            0.144066            0.000021            0.927623           -0.000000           -0.373518            0.051849           -0.927623            0.000000            0.373518
            0.144120            0.000021            0.938308           -0.000000           -0.345801            0.051849           -0.938308            0.000000            0.345801
            0.144148            0.000021            0.943340           -0.000000           -0.331827            0.051849           -0.943340            0.000000            0.331827
            0.144203            0.000021            0.952780           -0.000000           -0.303661            0.051849           -0.952780            0.000000            0.303661
            0.144257            0.000021            0.961379           -0.000000           -0.275228            0.051849           -0.961379            0.000000            0.275228
            0.144312            0.000021            0.969130           -0.000000           -0.246552            0.051849           -0.969130            0.000000            0.246552
            0.144367            0.000021            0.976025           -0.000000           -0.217658            0.051849           -0.976025            0.000000            0.217658
            0.144422            0.000021            0.982059           -0.000000           -0.188572            0.051849           -0.982059            0.000000            0.188572
            0.144476            0.000021            0.987227           -0.000000           -0.159320            0.051849           -0.987227            0.000000            0.159320
            0.144531            0.000021            0.991523           -0.000000           -0.129928            0.051849           -0.991523            0.000000            0.129928
            0.144586            0.000021            0.994945           -0.000000           -0.100420            0.051849           -0.994945            0.000000            0.100420
            0.144641            0.000021            0.997489           -0.000000           -0.070824            0.051849           -0.997489            0.000000            0.070824
            0.144695            0.000021            0.999152           -0.000000           -0.041166            0.051849           -0.999152            0.000000            0.041166
            0.144750            0.000021            0.999934           -0.000000           -0.011471            0.051849           -0.999934            0.000000            0.011471
            0.144805            0.000021            0.999834            0.000000            0.018234            0.051849           -0.999834           -0.000000           -0.018234
            0.144860            0.000021            0.998851            0.000000            0.047923            0.051849           -0.998851           -0.000000           -0.047923
            0.144914            0.000021            0.996987            0.000000            0.077570            0.051849           -0.996987           -0.000000           -0.077570
            0.144969            0.000021            0.994243            0.000000            0.107148            0.051849           -0.994243           -0.000000           -0.107148
            0.145024            0.000021            0.990622            0.000000            0.136631            0.051849           -0.990622           -0.000000           -0.136631
            0.145079            0.000021            0.986127            0.000000            0.165994            0.051849           -0.986127           -0.000000           -0.165994
            0.145133            0.000021            0.980761            0.000000            0.195211            0.051849           -0.980761           -0.000000           -0.195211
            0.145188            0.000021            0.974530            0.000000            0.224255            0.051849           -0.974530           -0.000000           -0.224255
            0.145243            0.000021            0.967440            0.000000            0.253101            0.051849           -0.967440           -0.000000           -0.253101
            0.145298            0.000021            0.959495            0.000000            0.281725            0.051849           -0.959495           -0.000000           -0.281725
            0.145352            0.000021            0.950704            0.000000            0.310099            0.051849           -0.950704           -0.000000           -0.310099
            0.145407            0.000021            0.941074            0.000000            0.338200            0.051849           -0.941074           -0.000000           -0.338200
            0.145462            0.000021            0.930614            0.000000            0.366002            0.051849           -0.930614           -0.000000           -0.366002
            0.145517            0.000021            0.919332            0.000000            0.393482            0.051849           -0.919332           -0.000000           -0.393482
            0.145572            0.000021            0.907240            0.000000            0.420614            0.051849           -0.907240           -0.000000           -0.420614
            0.145626            0.000021            0.894346            0.000000            0.447375            0.051849           -0.894346           -0.000000           -0.447375
            0.145681            0.000021            0.880664            0.000000            0.473741            0.051849           -0.880664           -0.000000           -0.473741
            0.145736            0.000021            0.866204            0.000000            0.499690            0.051849           -0.866204           -0.000000           -0.499690
            0.145791            0.000021            0.850981            0.000000            0.525197            0.051849           -0.850981           -0.000000           -0.525197
            0.145845            0.000021            0.835006            0.000000            0.550241            0.051849           -0.835006           -0.000000           -0.550241
            0.145900            0.000021            0.818294            0.000000            0.574800            0.051849           -0.818294           -0.000000           -0.574800
            0.145955            0.000021            0.800861            0.000000            0.598851            0.051849           -0.800861           -0.000000           -0.598851
            0.146010            0.000021            0.782720            0.000000            0.622374            0.051849           -0.782720           -0.000000           -0.622374
            0.146064            0.000021            0.763889            0.000000            0.645347            0.051849           -0.763889           -0.000000           -0.645347
            0.146119            0.000021            0.744384            0.000000            0.667751            0.051849           -0.744384           -0.000000           -0.667751
            0.146174            0.000021            0.724222            0.000000            0.689566            0.051849           -0.724222           -0.000000           -0.689566
            0.146229            0.000021            0.703422            0.000000            0.710773            0.051849           -0.703422           -0.000000           -0.710773
            0.146283            0.000021            0.682000            0.000000            0.731352            0.051849           -0.682000           -0.000000           -0.731352
            0.146366            0.000021            0.648745            0.000000            0.761006            0.051849           -0.648745           -0.000000           -0.761006
            0.146420            0.000021            0.625856            0.000000            0.779939            0.051849           -0.625856           -0.000000           -0.779939
            0.146475            0.000021            0.602414            0.000000            0.798184            0.051849           -0.602414           -0.000000           -0.798184
            0.146530            0.000021            0.578441            0.000000            0.815724            0.051849           -0.578441           -0.000000           -0.815724
            0.146585            0.000021            0.553957            0.000000            0.832545            0.051849           -0.553957           -0.000000           -0.832545
            0.146639            0.000021            0.528984            0.000000            0.848632            0.051849           -0.528984           -0.000000           -0.848632
            0.146694            0.000021            0.503545            0.000000            0.863969            0.051849           -0.503545           -0.000000           -0.863969
            0.146749            0.000021            0.477662            0.000000            0.878544            0.051849           -0.477662           -0.000000           -0.878544
            0.146804            0.000021            0.451356            0.000000            0.892344            0.051849           -0.451356           -0.000000           -0.892344
            0.146858            0.000021            0.424653            0.000000            0.905356            0.051849           -0.424653           -0.000000           -0.905356
            0.146913            0.000021            0.397575            0.000000            0.917570            0.051849           -0.397575           -0.000000           -0.917570
            0.146968            0.000021            0.370146            0.000000            0.928974            0.051849           -0.370146           -0.000000           -0.928974
            0.147023            0.000021            0.342391            0.000000            0.939558            0.051849           -0.342391           -0.000000           -0.939558
            0.147050            0.000021            0.328398            0.000000            0.944539            0.051849           -0.328398           -0.000000           -0.944539
            0.147105            0.000021            0.300198            0.000000            0.953877            0.051849           -0.300198           -0.000000           -0.953877
            0.147159            0.000021            0.271734            0.000000            0.962372            0.051849           -0.271734           -0.000000           -0.962372
            0.147214            0.000021            0.243030            0.000000            0.970019            0.051849           -0.243030           -0.000000           -0.970019
            0.147269            0.000021            0.214111            0.000000            0.976809            0.051849           -0.214111           -0.000000           -0.976809
            0.147324            0.000021            0.185004            0.000000            0.982738            0.051849           -0.185004           -0.000000           -0.982738
            0.147379            0.000021            0.155733            0.000000            0.987799            0.051849           -0.155733           -0.000000           -0.987799
            0.147433            0.000021            0.126325            0.000000            0.991989            0.051849           -0.126325           -0.000000           -0.991989
            0.147488            0.000021            0.096805            0.000000            0.995303            0.051849           -0.096805           -0.000000           -0.995303
            0.147543            0.000021            0.067200            0.000000            0.997739            0.051849           -0.067200           -0.000000           -0.997739
            0.147598            0.000021            0.037536            0.000000            0.999295            0.051849           -0.037536           -0.000000           -0.999295
            0.147652            0.000021            0.007839            0.000000            0.999969            0.051849           -0.007839           -0.000000           -0.999969
            0.147707            0.000021           -0.021866            0.000000            0.999761            0.051849            0.021866           -0.000000           -0.999761
            0.147762            0.000021           -0.051551            0.000000            0.998670            0.051849            0.051551           -0.000000           -0.998670
            0.147817            0.000021           -0.081190            0.000000            0.996699            0.051849            0.081190           -0.000000           -0.996699
            0.147871            0.000021           -0.110758            0.000000            0.993847            0.051849            0.110758           -0.000000           -0.993847
            0.147926            0.000021           -0.140229            0.000000            0.990119            0.051849            0.140229           -0.000000           -0.990119
            0.147981            0.000021           -0.169575            0.000000            0.985517            0.051849            0.169575           -0.000000           -0.985517
            0.148036            0.000021           -0.198772            0.000000            0.980046            0.051849            0.198772           -0.000000           -0.980046
            0.148090            0.000021           -0.227793            0.000000            0.973709            0.051849            0.227793           -0.000000           -0.973709
            0.148145            0.000021           -0.256614            0.000000            0.966514            0.051849            0.256614           -0.000000           -0.966514
            0.148200            0.000021           -0.285208            0.000000            0.958466            0.051849            0.285208           -0.000000           -0.958466
            0.148255            0.000021           -0.313550            0.000000            0.949572            0.051849            0.313550           -0.000000           -0.949572
            0.148309            0.000021           -0.341616            0.000000            0.939840            0.051849            0.341616           -0.000000           -0.939840
            0.148364            0.000021           -0.369380            0.000000            0.929278            0.051849            0.369380           -0.000000           -0.929278
            0.148419            0.000021           -0.396818            0.000000            0.917897            0.051849            0.396818           -0.000000           -0.917897
            0.148474            0.000021           -0.423907            0.000000            0.905706            0.051849            0.423907           -0.000000           -0.905706
            0.148528            0.000021           -0.450621            0.000000            0.892715            0.051849            0.450621           -0.000000           -0.892715
            0.148583            0.000021           -0.476937            0.000000            0.878937            0.051849            0.476937           -0.000000           -0.878937
            0.148665            0.000021           -0.515616            0.000000            0.856820            0.051849            0.515616           -0.000000           -0.856820
            0.148720            0.000021           -0.540837            0.000000            0.841127            0.051849            0.540837           -0.000000           -0.841127
            0.148775            0.000021           -0.565582            0.000000            0.824692            0.051849            0.565582           -0.000000           -0.824692
            0.148830            0.000021           -0.589827            0.000000            0.807530            0.051849            0.589827           -0.000000           -0.807530
            0.148884            0.000021           -0.613552            0.000000            0.789654            0.051849            0.613552           -0.000000           -0.789654
            0.148939            0.000021           -0.636735            0.000000            0.771082            0.051849            0.636735           -0.000000           -0.771082
            0.148994            0.000021           -0.659357            0.000000            0.751830            0.051849            0.659357           -0.000000           -0.751830
            0.149049            0.000021           -0.681397            0.000000            0.731914            0.051849            0.681397           -0.000000           -0.731914
            0.149103            0.000021           -0.702835            0.000000            0.711352            0.051849            0.702835           -0.000000           -0.711352
            0.149158            0.000021           -0.723654            0.000000            0.690163            0.051849            0.723654           -0.000000           -0.690163
            0.149213            0.000021           -0.743834            0.000000            0.668365            0.051849            0.743834           -0.000000           -0.668365
            0.149268            0.000021           -0.763357            0.000000            0.645977            0.051849            0.763357           -0.000000           -0.645977
            0.149322            0.000021           -0.782207            0.000000            0.623019            0.051849            0.782207           -0.000000           -0.623019
            0.149377            0.000021           -0.800367            0.000000            0.599511            0.051849            0.800367           -0.000000           -0.599511
            0.149432            0.000021           -0.817820            0.000000            0.575474            0.051849            0.817820           -0.000000           -0.575474
            0.149487            0.000021           -0.834552            0.000000            0.550929            0.051849            0.834552           -0.000000           -0.550929
            0.149541            0.000021           -0.850547            0.000000            0.525898            0.051849            0.850547           -0.000000           -0.525898
            0.149596            0.000021           -0.865792            0.000000            0.500404            0.051849            0.865792           -0.000000           -0.500404
            0.149651            0.000021           -0.880273            0.000000            0.474467            0.051849            0.880273           -0.000000           -0.474467
            0.149706            0.000021           -0.893977            0.000000            0.448112            0.051849            0.893977           -0.000000           -0.448112
            0.149760            0.000021           -0.906893            0.000000            0.421362            0.051849            0.906893           -0.000000           -0.421362
            0.149815            0.000021           -0.919008            0.000000            0.394239            0.051849            0.919008           -0.000000           -0.394239
            0.149843            0.000021           -0.924762            0.000000            0.380546            0.051849            0.924762           -0.000000           -0.380546
            0.149897            0.000021           -0.935657            0.000000            0.352911            0.051849            0.935657           -0.000000           -0.352911
            0.149952            0.000021           -0.945726            0.000000            0.324965            0.051849            0.945726           -0.000000           -0.324965
            0.150007            0.000021           -0.954961            0.000000            0.296732            0.051849            0.954961           -0.000000           -0.296732
            0.150062            0.000021           -0.963353            0.000000            0.268237            0.051849            0.963353           -0.000000           -0.268237
            0.150116            0.000021           -0.970895            0.000000            0.239505            0.051849            0.970895           -0.000000           -0.239505
            0.150171            0.000021           -0.977581            0.000000            0.210562            0.051849            0.977581           -0.000000           -0.210562
            0.150226            0.000021           -0.983403            0.000000            0.181433            0.051849            0.983403           -0.000000           -0.181433
            0.150281            0.000021           -0.988358            0.000000            0.152144            0.051849            0.988358           -0.000000           -0.152144
            0.150335            0.000021           -0.992441            0.000000            0.122721            0.051849            0.992441           -0.000000           -0.122721
            0.150390            0.000021           -0.995648            0.000000            0.093190            0.051849            0.995648           -0.000000           -0.093190
            0.150445            0.000021           -0.997977            0.000000            0.063576            0.051849            0.997977           -0.000000           -0.063576
            0.150500            0.000021           -0.999425            0.000000            0.033906            0.051849            0.999425           -0.000000           -0.033906
            0.150554            0.000021           -0.999991            0.000000            0.004206            0.051849            0.999991           -0.000000           -0.004206
            0.150609            0.000021           -0.999675           -0.000000           -0.025497            0.051849            0.999675            0.000000            0.025497
            0.150664            0.000021           -0.998477           -0.000000           -0.055178            0.051849            0.998477            0.000000            0.055178
            0.150719            0.000021           -0.996397           -0.000000           -0.084810            0.051849            0.996397            0.000000            0.084810
            0.150773            0.000021           -0.993438           -0.000000           -0.114368            0.051849            0.993438            0.000000            0.114368
            0.150828            0.000021           -0.989603           -0.000000           -0.143824            0.051849            0.989603            0.000000            0.143824
            0.150883            0.000021           -0.984895           -0.000000           -0.173154            0.051849            0.984895            0.000000            0.173154
            0.150938            0.000021           -0.979317           -0.000000           -0.202331            0.051849            0.979317            0.000000            0.202331
            0.150992            0.000021           -0.972876           -0.000000           -0.231329            0.051849            0.972876            0.000000            0.231329
            0.151047            0.000021           -0.965576           -0.000000           -0.260123            0.051849            0.965576            0.000000            0.260123
            0.151102            0.000021           -0.957423           -0.000000           -0.288688            0.051849            0.957423            0.000000            0.288688
            0.151157            0.000021           -0.948426           -0.000000           -0.316997            0.051849            0.948426            0.000000            0.316997
            0.151211            0.000021           -0.938593           -0.000000           -0.345028            0.051849            0.938593            0.000000            0.345028
            0.151266            0.000021           -0.927931           -0.000000           -0.372753            0.051849            0.927931            0.000000            0.372753
            0.151321            0.000021           -0.916450           -0.000000           -0.400150            0.051849            0.916450            0.000000            0.400150
            0.151376            0.000021           -0.904160           -0.000000           -0.427194            0.051849            0.904160            0.000000            0.427194
            0.151431            0.000021           -0.891073           -0.000000           -0.453860            0.051849            0.891073            0.000000            0.453860
            0.151485            0.000021           -0.877199           -0.000000           -0.480127            0.051849            0.877199            0.000000            0.480127
            0.151540            0.000021           -0.862551           -0.000000           -0.505969            0.051849            0.862551            0.000000            0.505969
            0.151595            0.000021           -0.847143           -0.000000           -0.531365            0.051849            0.847143            0.000000            0.531365
            0.151650            0.000021           -0.830986           -0.000000           -0.556293            0.051849            0.830986            0.000000            0.556293
            0.151704            0.000021           -0.814097           -0.000000           -0.580729            0.051849            0.814097            0.000000            0.580729
            0.151759            0.000021           -0.796489           -0.000000           -0.604653            0.051849            0.796489            0.000000            0.604653
            0.151814            0.000021           -0.778178           -0.000000           -0.628043            0.051849            0.778178            0.000000            0.628043
            0.151869            0.000021           -0.759181           -0.000000           -0.650880            0.051849            0.759181            0.000000            0.650880
            0.151923            0.000021           -0.739514           -0.000000           -0.673142            0.051849            0.739514            0.000000            0.673142
            0.151978            0.000021           -0.719194           -0.000000           -0.694809            0.051849            0.719194            0.000000            0.694809
            0.152033            0.000021           -0.698239           -0.000000           -0.715864            0.051849            0.698239            0.000000            0.715864
            0.152088            0.000021           -0.676669           -0.000000           -0.736287            0.051849            0.676669            0.000000            0.736287
            0.152142            0.000021           -0.654501           -0.000000           -0.756061            0.051849            0.654501            0.000000            0.756061
            0.152197            0.000021           -0.631756           -0.000000           -0.775167            0.051849            0.631756            0.000000            0.775167
            0.152252            0.000021           -0.608453           -0.000000           -0.793590            0.051849            0.608453            0.000000            0.793590
            0.152307            0.000021           -0.584614           -0.000000           -0.811312            0.051849            0.584614            0.000000            0.811312
            0.152361            0.000021           -0.560259           -0.000000           -0.828318            0.051849            0.560259            0.000000            0.828318
            0.152416            0.000021           -0.535409           -0.000000           -0.844593            0.051849            0.535409            0.000000            0.844593
            0.152471            0.000021           -0.510087           -0.000000           -0.860123            0.051849            0.510087            0.000000            0.860123
            0.152526            0.000021           -0.484314           -0.000000           -0.874894            0.051849            0.484314            0.000000            0.874894
            0.152580            0.000021           -0.458115           -0.000000           -0.888893            0.051849            0.458115            0.000000            0.888893
            0.152635            0.000021           -0.431511           -0.000000           -0.902108            0.051849            0.431511            0.000000            0.902108
            0.152690            0.000021           -0.404526           -0.000000           -0.914526            0.051849            0.404526            0.000000            0.914526
            0.152745            0.000021           -0.377185           -0.000000           -0.926138            0.051849            0.377185            0.000000            0.926138
            0.152799            0.000021           -0.349510           -0.000000           -0.936933            0.051849            0.349510            0.000000            0.936933
            0.152854            0.000021           -0.321527           -0.000000           -0.946900            0.051849            0.321527            0.000000            0.946900
            0.152909            0.000021           -0.293261           -0.000000           -0.956032            0.051849            0.293261            0.000000            0.956032
            0.152964            0.000021           -0.264736           -0.000000           -0.964321            0.051849            0.264736            0.000000            0.964321
            0.153018            0.000021           -0.235977           -0.000000           -0.971759            0.051849            0.235977            0.000000            0.971759
            0.153073            0.000021           -0.207010           -0.000000           -0.978339            0.051849            0.207010            0.000000            0.978339
            0.153128            0.000021           -0.177860           -0.000000           -0.984056            0.051849            0.177860            0.000000            0.984056
            0.153183            0.000021           -0.148553           -0.000000           -0.988904            0.051849            0.148553            0.000000            0.988904
            0.153238            0.000021           -0.119115           -0.000000           -0.992880            0.051849            0.119115            0.000000            0.992880
            0.153292            0.000021           -0.089572           -0.000000           -0.995980            0.051849            0.089572            0.000000            0.995980
            0.153347            0.000021           -0.059950           -0.000000           -0.998201            0.051849            0.059950            0.000000            0.998201
            0.153402            0.000021           -0.030275           -0.000000           -0.999542            0.051849            0.030275            0.000000            0.999542
            0.153457            0.000021           -0.000574           -0.000000           -1.000000            0.051849            0.000574            0.000000            1.000000
            0.153511            0.000021            0.029128           -0.000000           -0.999576            0.051849           -0.029128            0.000000            0.999576
            0.153566            0.000021            0.058805           -0.000000           -0.998270            0.051849           -0.058805            0.000000            0.998270
            0.153621            0.000021            0.088429           -0.000000           -0.996082            0.051849           -0.088429            0.000000            0.996082
            0.153676            0.000021            0.117975           -0.000000           -0.993017            0.051849           -0.117975            0.000000            0.993017
            0.153730            0.000021            0.147418           -0.000000           -0.989074            0.051849           -0.147418            0.000000            0.989074
            0.153785            0.000021            0.176730           -0.000000           -0.984259            0.051849           -0.176730            0.000000            0.984259
            0.153840            0.000021            0.205886           -0.000000           -0.978576            0.051849           -0.205886            0.000000            0.978576
            0.153895            0.000021            0.234861           -0.000000           -0.972029            0.051849           -0.234861            0.000000            0.972029
            0.153949            0.000021            0.263629           -0.000000           -0.964624            0.051849           -0.263629            0.000000            0.964624
            0.154004            0.000021            0.292163           -0.000000           -0.956368            0.051849           -0.292163            0.000000            0.956368
            0.154059            0.000021            0.320440           -0.000000           -0.947269            0.051849           -0.320440            0.000000            0.947269
            0.154114            0.000021            0.348435           -0.000000           -0.937333            0.051849           -0.348435            0.000000            0.937333
            0.154168            0.000021            0.376121           -0.000000           -0.926570            0.051849           -0.376121            0.000000            0.926570
            0.154223            0.000021            0.403476           -0.000000           -0.914990            0.051849           -0.403476            0.000000            0.914990
            0.154278            0.000021            0.430475           -0.000000           -0.902602            0.051849           -0.430475            0.000000            0.902602
            0.154333            0.000021            0.457094           -0.000000           -0.889418            0.051849           -0.457094            0.000000            0.889418
            0.154387            0.000021            0.483310           -0.000000           -0.875449            0.051849           -0.483310            0.000000            0.875449
            0.154442            0.000021            0.509099           -0.000000           -0.860708            0.051849           -0.509099            0.000000            0.860708
            0.154497            0.000021            0.534439           -0.000000           -0.845207            0.051849           -0.534439            0.000000            0.845207
            0.154552            0.000021            0.559307           -0.000000           -0.828960            0.051849           -0.559307            0.000000            0.828960
            0.154606            0.000021            0.583682           -0.000000           -0.811982            0.051849           -0.583682            0.000000            0.811982
            0.154661            0.000021            0.607542           -0.000000           -0.794287            0.051849           -0.607542            0.000000            0.794287
            0.154716            0.000021            0.630866           -0.000000           -0.775892            0.051849           -0.630866            0.000000            0.775892
            0.154771            0.000021            0.653633           -0.000000           -0.756812            0.051849           -0.653633            0.000000            0.756812
            0.154825            0.000021            0.675823           -0.000000           -0.737064            0.051849           -0.675823            0.000000            0.737064
            0.154880            0.000021            0.697417           -0.000000           -0.716665            0.051849           -0.697417            0.000000            0.716665
            0.154935            0.000021            0.718396           -0.000000           -0.695635            0.051849           -0.718396            0.000000            0.695635
            0.154990            0.000021            0.738741           -0.000000           -0.673990            0.051849           -0.738741            0.000000            0.673990
            0.155044            0.000021            0.758433           -0.000000           -0.651751            0.051849           -0.758433            0.000000            0.651751
            0.155099            0.000021            0.777457           -0.000000           -0.628936            0.051849           -0.777457            0.000000            0.628936
            0.155154            0.000021            0.795794           -0.000000           -0.605567            0.051849           -0.795794            0.000000            0.605567
            0.155209            0.000021            0.813430           -0.000000           -0.581663            0.051849           -0.813430            0.000000            0.581663
            0.155264            0.000021            0.830347           -0.000000           -0.557246            0.051849           -0.830347            0.000000            0.557246
            0.155318            0.000021            0.846532           -0.000000           -0.532337            0.051849           -0.846532            0.000000            0.532337
            0.155373            0.000021            0.861970           -0.000000           -0.506959            0.051849           -0.861970            0.000000            0.506959
            0.155428            0.000021            0.876647           -0.000000           -0.481133            0.051849           -0.876647            0.000000            0.481133
            0.155483            0.000021            0.890551           -0.000000           -0.454883            0.051849           -0.890551            0.000000            0.454883
            0.155537            0.000021            0.903669           -0.000000           -0.428231            0.051849           -0.903669            0.000000            0.428231
            0.155592            0.000021            0.915990           -0.000000           -0.401202            0.051849           -0.915990            0.000000            0.401202
            0.155647            0.000021            0.927502           -0.000000           -0.373818            0.051849           -0.927502            0.000000            0.373818
            0.155702            0.000021            0.938196           -0.000000           -0.346105            0.051849           -0.938196            0.000000            0.346105
            0.155756            0.000021            0.948062           -0.000000           -0.318086            0.051849           -0.948062            0.000000            0.318086
            0.155811            0.000021            0.957091           -0.000000           -0.289786            0.051849           -0.957091            0.000000            0.289786
            0.155866            0.000021            0.965276           -0.000000           -0.261231            0.051849           -0.965276            0.000000            0.261231
            0.155921            0.000021            0.972609           -0.000000           -0.232445            0.051849           -0.972609            0.000000            0.232445
            0.155975            0.000021            0.979084           -0.000000           -0.203455            0.051849           -0.979084            0.000000            0.203455
            0.156030            0.000021            0.984695           -0.000000           -0.174284            0.051849           -0.984695            0.000000            0.174284
            0.156085            0.000021            0.989438           -0.000000           -0.144960            0.051849           -0.989438            0.000000            0.144960
            0.156140            0.000021            0.993307           -0.000000           -0.115508            0.051849           -0.993307            0.000000            0.115508
            0.156194            0.000021            0.996299           -0.000000           -0.085954            0.051849           -0.996299            0.000000            0.085954
            0.156249            0.000021            0.998413           -0.000000           -0.056324            0.051849           -0.998413            0.000000            0.056324
            0.156304            0.000021            0.999645           -0.000000           -0.026645            0.051849           -0.999645            0.000000            0.026645
            0.156359            0.000021            0.999995            0.000000            0.003058            0.051849           -0.999995           -0.000000           -0.003058
            0.156413            0.000021            0.999463            0.000000            0.032759            0.051849           -0.999463           -0.000000           -0.032759
            0.156468            0.000021            0.998049            0.000000            0.062430            0.051849           -0.998049           -0.000000           -0.062430
            0.156523            0.000021            0.995755            0.000000            0.092047            0.051849           -0.995755           -0.000000           -0.092047
            0.156578            0.000021            0.992581            0.000000            0.121582            0.051849           -0.992581           -0.000000           -0.121582
            0.156632            0.000021            0.988532            0.000000            0.151010            0.051849           -0.988532           -0.000000           -0.151010
            0.156687            0.000021            0.983611            0.000000            0.180304            0.051849           -0.983611           -0.000000           -0.180304
            0.156742            0.000021            0.977822            0.000000            0.209440            0.051849           -0.977822           -0.000000           -0.209440
            0.156797            0.000021            0.971169            0.000000            0.238390            0.051849           -0.971169           -0.000000           -0.238390
            0.156851            0.000021            0.963660            0.000000            0.267131            0.051849           -0.963660           -0.000000           -0.267131
            0.156906            0.000021            0.955301            0.000000            0.295635            0.051849           -0.955301           -0.000000           -0.295635
            0.156961            0.000021            0.946098            0.000000            0.323879            0.051849           -0.946098           -0.000000           -0.323879
            0.157016            0.000021            0.936061            0.000000            0.351837            0.051849           -0.936061           -0.000000           -0.351837
            0.157070            0.000021            0.925198            0.000000            0.379485            0.051849           -0.925198           -0.000000           -0.379485
            0.157125            0.000021            0.913519            0.000000            0.406797            0.051849           -0.913519           -0.000000           -0.406797
            0.157180            0.000021            0.901033            0.000000            0.433751            0.051849           -0.901033           -0.000000           -0.433751
            0.157235            0.000021            0.887752            0.000000            0.460322            0.051849           -0.887752           -0.000000           -0.460322
            0.157290            0.000021            0.873688            0.000000            0.486487            0.051849           -0.873688           -0.000000           -0.486487
            0.157344            0.000021            0.858853            0.000000            0.512222            0.051849           -0.858853           -0.000000           -0.512222
            0.157399            0.000021            0.843260            0.000000            0.537506            0.051849           -0.843260           -0.000000           -0.537506
            0.157454            0.000021            0.826923            0.000000            0.562315            0.051849           -0.826923           -0.000000           -0.562315
            0.157509            0.000021            0.809857            0.000000            0.586628            0.051849           -0.809857           -0.000000           -0.586628
            0.157563            0.000021            0.792075            0.000000            0.610423            0.051849           -0.792075           -0.000000           -0.610423
            0.157618            0.000021            0.773595            0.000000            0.633680            0.051849           -0.773595           -0.000000           -0.633680
            0.157673            0.000021            0.754432            0.000000            0.656378            0.051849           -0.754432           -0.000000           -0.656378
            0.157728            0.000021            0.734604            0.000000            0.678496            0.051849           -0.734604           -0.000000           -0.678496
            0.157782            0.000021            0.714127            0.000000            0.700016            0.051849           -0.714127           -0.000000           -0.700016
            0.157837            0.000021            0.693020            0.000000            0.720918            0.051849           -0.693020           -0.000000           -0.720918
            0.157892            0.000021            0.671302            0.000000            0.741184            0.051849           -0.671302           -0.000000           -0.741184
            0.157947            0.000021            0.648991            0.000000            0.760796            0.051849           -0.648991           -0.000000           -0.760796
            0.158001            0.000021            0.626108            0.000000            0.779736            0.051849           -0.626108           -0.000000           -0.779736
            0.158056            0.000021            0.602672            0.000000            0.797989            0.051849           -0.602672           -0.000000           -0.797989
            0.158111            0.000021            0.578705            0.000000            0.815537            0.051849           -0.578705           -0.000000           -0.815537
            0.158166            0.000021            0.554226            0.000000            0.832366            0.051849           -0.554226           -0.000000           -0.832366
            0.158220            0.000021            0.529259            0.000000            0.848460            0.051849           -0.529259           -0.000000           -0.848460
            0.158275            0.000021            0.503825            0.000000            0.863806            0.051849           -0.503825           -0.000000           -0.863806
            0.158330            0.000021            0.477946            0.000000            0.878389            0.051849           -0.477946           -0.000000           -0.878389
            0.158385            0.000021            0.451645            0.000000            0.892198            0.051849           -0.451645           -0.000000           -0.892198
            0.158439            0.000021            0.424946            0.000000            0.905219            0.051849           -0.424946           -0.000000           -0.905219
            0.158494            0.000021            0.397872            0.000000            0.917441            0.051849           -0.397872           -0.000000           -0.917441
            0.158549            0.000021            0.370447            0.000000            0.928854            0.051849           -0.370447           -0.000000           -0.928854
            0.158604            0.000021            0.342694            0.000000            0.939447            0.051849           -0.342694           -0.000000           -0.939447
            0.158658            0.000021            0.314640            0.000000            0.949211            0.051849           -0.314640           -0.000000           -0.949211
            0.158713            0.000021            0.286308            0.000000            0.958138            0.051849           -0.286308           -0.000000           -0.958138
            0.158768            0.000021            0.257723            0.000000            0.966219            0.051849           -0.257723           -0.000000           -0.966219
            0.158823            0.000021            0.228911            0.000000            0.973447            0.051849           -0.228911           -0.000000           -0.973447
            0.158877            0.000021            0.199897            0.000000            0.979817            0.051849           -0.199897           -0.000000           -0.979817
            0.158932            0.000021            0.170706            0.000000            0.985322            0.051849           -0.170706           -0.000000           -0.985322
            0.158987            0.000021            0.141365            0.000000            0.989958            0.051849           -0.141365           -0.000000           -0.989958
            0.159042            0.000021            0.111899            0.000000            0.993720            0.051849           -0.111899           -0.000000           -0.993720
            0.159097            0.000021            0.082334            0.000000            0.996605            0.051849           -0.082334           -0.000000           -0.996605
            0.159151            0.000021            0.052697            0.000000            0.998611            0.051849           -0.052697           -0.000000           -0.998611
            0.159206            0.000021            0.023013            0.000000            0.999735            0.051849           -0.023013           -0.000000           -0.999735
            0.159261            0.000021           -0.006691            0.000000            0.999978            0.051849            0.006691           -0.000000           -0.999978
            0.159316            0.000021           -0.036389            0.000000            0.999338            0.051849            0.036389           -0.000000           -0.999338
            0.159370            0.000021           -0.066055            0.000000            0.997816            0.051849            0.066055           -0.000000           -0.997816
            0.159425            0.000021           -0.095663            0.000000            0.995414            0.051849            0.095663           -0.000000           -0.995414
            0.159480            0.000021           -0.125186            0.000000            0.992133            0.051849            0.125186           -0.000000           -0.992133
            0.159535            0.000021           -0.154599            0.000000            0.987977            0.051849            0.154599           -0.000000           -0.987977
            0.159589            0.000021           -0.183876            0.000000            0.982949            0.051849            0.183876           -0.000000           -0.982949
            0.159644            0.000021           -0.212990            0.000000            0.977054            0.051849            0.212990           -0.000000           -0.977054
            0.159699            0.000021           -0.241916            0.000000            0.970297            0.051849            0.241916           -0.000000           -0.970297
            0.159754            0.000021           -0.270629            0.000000            0.962684            0.051849            0.270629           -0.000000           -0.962684
            0.159808            0.000021           -0.299103            0.000000            0.954221            0.051849            0.299103           -0.000000           -0.954221
            0.159863            0.000021           -0.327314            0.000000            0.944916            0.051849            0.327314           -0.000000           -0.944916
            0.159918            0.000021           -0.355235            0.000000            0.934777            0.051849            0.355235           -0.000000           -0.934777
            0.159973            0.000021           -0.382843            0.000000            0.923814            0.051849            0.382843           -0.000000           -0.923814
            0.160027            0.000021           -0.410113            0.000000            0.912035            0.051849            0.410113           -0.000000           -0.912035
            0.160082            0.000021           -0.437021            0.000000            0.899451            0.051849            0.437021           -0.000000           -0.899451
            0.160137            0.000021           -0.463543            0.000000            0.886074            0.051849            0.463543           -0.000000           -0.886074
            0.160192            0.000021           -0.489657            0.000000            0.871915            0.051849            0.489657           -0.000000           -0.871915
            0.160246            0.000021           -0.515338            0.000000            0.856987            0.051849            0.515338           -0.000000           -0.856987
            0.160301            0.000021           -0.540565            0.000000            0.841302            0.051849            0.540565           -0.000000           -0.841302
            0.160356            0.000021           -0.565315            0.000000            0.824875            0.051849            0.565315           -0.000000           -0.824875
            0.160411            0.000021           -0.589566            0.000000            0.807720            0.051849            0.589566           -0.000000           -0.807720
            0.160465            0.000021           -0.613296            0.000000            0.789853            0.051849            0.613296           -0.000000           -0.789853
            0.160520            0.000021           -0.636486            0.000000            0.771288            0.051849            0.636486           -0.000000           -0.771288
            0.160575            0.000021           -0.659114            0.000000            0.752043            0.051849            0.659114           -0.000000           -0.752043
            0.160630            0.000021           -0.681160            0.000000            0.732135            0.051849            0.681160           -0.000000           -0.732135
            0.160684            0.000021           -0.702605            0.000000            0.711580            0.051849            0.702605           -0.000000           -0.711580
            0.160739            0.000021           -0.723430            0.000000            0.690397            0.051849            0.723430           -0.000000           -0.690397
            0.160821            0.000021           -0.753466            0.000000            0.657487            0.051849            0.753466           -0.000000           -0.657487
            0.160876            0.000021           -0.772662            0.000000            0.634818            0.051849            0.772662           -0.000000           -0.634818
            0.160931            0.000021           -0.791176            0.000000            0.611588            0.051849            0.791176           -0.000000           -0.611588
            0.160986            0.000021           -0.808993            0.000000            0.587819            0.051849            0.808993           -0.000000           -0.587819
            0.161040            0.000021           -0.826095            0.000000            0.563531            0.051849            0.826095           -0.000000           -0.563531
            0.161095            0.000021           -0.842468            0.000000            0.538746            0.051849            0.842468           -0.000000           -0.538746
            0.161150            0.000021           -0.858098            0.000000            0.513485            0.051849            0.858098           -0.000000           -0.513485
            0.161205            0.000021           -0.872971            0.000000            0.487772            0.051849            0.872971           -0.000000           -0.487772
            0.161259            0.000021           -0.887074            0.000000            0.461628            0.051849            0.887074           -0.000000           -0.461628
            0.161314            0.000021           -0.900394            0.000000            0.435076            0.051849            0.900394           -0.000000           -0.435076
            0.161369            0.000021           -0.912919            0.000000            0.408141            0.051849            0.912919           -0.000000           -0.408141
            0.161424            0.000021           -0.924639            0.000000            0.380845            0.051849            0.924639           -0.000000           -0.380845
            0.161478            0.000021           -0.935543            0.000000            0.353214            0.051849            0.935543           -0.000000           -0.353214
            0.161506            0.000021           -0.940685            0.000000            0.339280            0.051849            0.940685           -0.000000           -0.339280
            0.161561            0.000021           -0.950348            0.000000            0.311190            0.051849            0.950348           -0.000000           -0.311190
            0.161615            0.000021           -0.959171            0.000000            0.282826            0.051849            0.959171           -0.000000           -0.282826
            0.161670            0.000021           -0.967149            0.000000            0.254212            0.051849            0.967149           -0.000000           -0.254212
            0.161725            0.000021           -0.974272            0.000000            0.225374            0.051849            0.974272           -0.000000           -0.225374
            0.161780            0.000021           -0.980537            0.000000            0.196336            0.051849            0.980537           -0.000000           -0.196336
            0.161834            0.000021           -0.985936            0.000000            0.167126            0.051849            0.985936           -0.000000           -0.167126
            0.161889            0.000021           -0.990464            0.000000            0.137768            0.051849            0.990464           -0.000000           -0.137768
            0.161944            0.000021           -0.994119            0.000000            0.108289            0.051849            0.994119           -0.000000           -0.108289
            0.161999            0.000021           -0.996897            0.000000            0.078714            0.051849            0.996897           -0.000000           -0.078714
            0.162053            0.000021           -0.998795            0.000000            0.049069            0.051849            0.998795           -0.000000           -0.049069
            0.162108            0.000021           -0.999812            0.000000            0.019382            0.051849            0.999812           -0.000000           -0.019382
            0.162163            0.000021           -0.999947           -0.000000           -0.010323            0.051849            0.999947            0.000000            0.010323
            0.162218            0.000021           -0.999199           -0.000000           -0.040019            0.051849            0.999199            0.000000            0.040019
            0.162272            0.000021           -0.997569           -0.000000           -0.069679            0.051849            0.997569            0.000000            0.069679
            0.162327            0.000021           -0.995060           -0.000000           -0.099278            0.051849            0.995060            0.000000            0.099278
            0.162382            0.000021           -0.991672           -0.000000           -0.128789            0.051849            0.991672            0.000000            0.128789
            0.162437            0.000021           -0.987409           -0.000000           -0.158187            0.051849            0.987409            0.000000            0.158187
            0.162491            0.000021           -0.982275           -0.000000           -0.187445            0.051849            0.982275            0.000000            0.187445
            0.162546            0.000021           -0.976274           -0.000000           -0.216538            0.051849            0.976274            0.000000            0.216538
            0.162601            0.000021           -0.969412           -0.000000           -0.245439            0.051849            0.969412            0.000000            0.245439
            0.162656            0.000021           -0.961694           -0.000000           -0.274124            0.051849            0.961694            0.000000            0.274124
            0.162710            0.000021           -0.953128           -0.000000           -0.302567            0.051849            0.953128            0.000000            0.302567
            0.162765            0.000021           -0.943721           -0.000000           -0.330744            0.051849            0.943721            0.000000            0.330744
            0.162820            0.000021           -0.933481           -0.000000           -0.358628            0.051849            0.933481            0.000000            0.358628
            0.162875            0.000021           -0.922417           -0.000000           -0.386196            0.051849            0.922417            0.000000            0.386196
            0.162930            0.000021           -0.910539           -0.000000           -0.413423            0.051849            0.910539            0.000000            0.413423
            0.162984            0.000021           -0.897858           -0.000000           -0.440285            0.051849            0.897858            0.000000            0.440285
            0.163039            0.000021           -0.884385           -0.000000           -0.466759            0.051849            0.884385            0.000000            0.466759
            0.163094            0.000021           -0.870131           -0.000000           -0.492821            0.051849            0.870131            0.000000            0.492821
            0.163149            0.000021           -0.855109           -0.000000           -0.518448            0.051849            0.855109            0.000000            0.518448
            0.163203            0.000021           -0.839333           -0.000000           -0.543617            0.051849            0.839333            0.000000            0.543617
            0.163258            0.000021           -0.822816           -0.000000           -0.568307            0.051849            0.822816            0.000000            0.568307
            0.163313            0.000021           -0.805574           -0.000000           -0.592496            0.051849            0.805574            0.000000            0.592496
            0.163368            0.000021           -0.787620           -0.000000           -0.616161            0.051849            0.787620            0.000000            0.616161
            0.163422            0.000021           -0.768971           -0.000000           -0.639283            0.051849            0.768971            0.000000            0.639283
            0.163477            0.000021           -0.749644           -0.000000           -0.661841            0.051849            0.749644            0.000000            0.661841
            0.163532            0.000021           -0.729656           -0.000000           -0.683815            0.051849            0.729656            0.000000            0.683815
            0.163587            0.000021           -0.709023           -0.000000           -0.705185            0.051849            0.709023            0.000000            0.705185
            0.163641            0.000021           -0.687765           -0.000000           -0.725933            0.051849            0.687765            0.000000            0.725933
            0.163696            0.000021           -0.665900           -0.000000           -0.746041            0.051849            0.665900            0.000000            0.746041
            0.163751            0.000021           -0.643447           -0.000000           -0.765490            0.051849            0.643447            0.000000            0.765490
            0.163806            0.000021           -0.620427           -0.000000           -0.784264            0.051849            0.620427            0.000000            0.784264
            0.163860            0.000021           -0.596859           -0.000000           -0.802346            0.051849            0.596859            0.000000            0.802346
            0.163915            0.000021           -0.572765           -0.000000           -0.819720            0.051849            0.572765            0.000000            0.819720
            0.163970            0.000021           -0.548165           -0.000000           -0.836370            0.051849            0.548165            0.000000            0.836370
            0.164025            0.000021           -0.523081           -0.000000           -0.852283            0.051849            0.523081            0.000000            0.852283
            0.164079            0.000021           -0.497536           -0.000000           -0.867443            0.051849            0.497536            0.000000            0.867443
            0.164134            0.000021           -0.471552           -0.000000           -0.881838            0.051849            0.471552            0.000000            0.881838
            0.164189            0.000021           -0.445152           -0.000000           -0.895455            0.051849            0.445152            0.000000            0.895455
            0.164244            0.000021           -0.418359           -0.000000           -0.908282            0.051849            0.418359            0.000000            0.908282
