            0.020000           -0.000021           -0.000000           -0.000001            0.000345           -0.000000           -0.011600           54.987234            0.051826            0.000000            0.001540           -0.835470            0.000000           28.116143      -133283.743591
            0.040000           -0.000021           -0.000000           -0.000001            0.000689           -0.000000           -0.011584           54.914442            0.051757            0.000000            0.003079           -1.670202            0.000000           28.078923      -133107.304561
            0.060000           -0.000021           -0.000000           -0.000002            0.001033           -0.000000           -0.011559           54.793195            0.051643            0.000000            0.004615           -2.503461            0.000000           28.016926      -132813.412505
            0.080000           -0.000021           -0.000000           -0.000003            0.001376           -0.000000           -0.011523           54.623598            0.051483            0.000000            0.006146           -3.334510            0.000000           27.930208      -132402.326750
            0.100000           -0.000021           -0.000000           -0.000003            0.001717           -0.000000           -0.011477           54.405802            0.051278            0.000000            0.007673           -4.162617            0.000000           27.818844      -131874.410035
            0.120000           -0.000021           -0.000000           -0.000004            0.002057           -0.000000           -0.011421           54.139999            0.051028            0.000000            0.009193           -4.987051            0.000000           27.682933      -131230.128192
            0.140000           -0.000021           -0.000000           -0.000004            0.002396           -0.000000           -0.011355           53.826423            0.050732            0.000000            0.010704           -5.807085            0.000000           27.522595      -130470.049729
            0.160000           -0.000021           -0.000000           -0.000005            0.002732           -0.000000           -0.011278           53.465350            0.050392            0.000000            0.012206           -6.621995            0.000000           27.337971      -129594.845337
            0.180000           -0.000021           -0.000000           -0.000006            0.003066           -0.000000           -0.011192           53.057101            0.050007            0.000000            0.013698           -7.431061            0.000000           27.129224      -128605.287288
            0.200000           -0.000020           -0.000000           -0.000006            0.003397           -0.000000           -0.011096           52.602034            0.049578            0.000000            0.015177           -8.233570            0.000000           26.896539      -127502.248763
            0.220000           -0.000020           -0.000000           -0.000007            0.003725           -0.000000           -0.010991           52.100551            0.049105            0.000000            0.016643           -9.028814            0.000000           26.640120      -126286.703077
            0.240000           -0.000020           -0.000000           -0.000007            0.004050           -0.000000           -0.010875           51.553095            0.048589            0.000000            0.018094           -9.816091            0.000000           26.360194      -124959.722818
            0.260000           -0.000020           -0.000000           -0.000008            0.004371           -0.000000           -0.010750           50.960149            0.048031            0.000000            0.019529          -10.594706            0.000000           26.057008      -123522.478905
            0.280000           -0.000020           -0.000000           -0.000009            0.004688           -0.000000           -0.010615           50.322236            0.047429            0.000000            0.020947          -11.363973            0.000000           25.730830      -121976.239554
            0.300000           -0.000019           -0.000000           -0.000009            0.005002           -0.000000           -0.010472           49.639919            0.046786            0.000000            0.022347          -12.123212            0.000000           25.381947      -120322.369155
            0.320000           -0.000019           -0.000000           -0.000010            0.005310           -0.000000           -0.010318           48.913800            0.046102            0.000000            0.023726          -12.871753            0.000000           25.010667      -118562.327074
            0.340000           -0.000019           -0.000000           -0.000010            0.005614           -0.000000           -0.010156           48.144520            0.045377            0.000000            0.025085          -13.608937            0.000000           24.617317      -116697.666360
            0.360000           -0.000018           -0.000000           -0.000011            0.005914           -0.000000           -0.009985           47.332757            0.044612            0.000000            0.026422          -14.334112            0.000000           24.202246      -114730.032378
            0.380000           -0.000018           -0.000000           -0.000011            0.006208           -0.000000           -0.009805           46.479229            0.043807            0.000000            0.027735          -15.046639            0.000000           23.765819      -112661.161356
            0.400000           -0.000018           -0.000000           -0.000012            0.006496           -0.000000           -0.009616           45.584687            0.042964            0.000000            0.029024          -15.745889            0.000000           23.308420      -110492.878851
            0.420000           -0.000017           -0.000000           -0.000012            0.006779           -0.000000           -0.009419           44.649922            0.042083            0.000000            0.030287          -16.431245            0.000000           22.830455      -108227.098142
            0.440000           -0.000017           -0.000000           -0.000013            0.007056           -0.000000           -0.009213           43.675758            0.041165            0.000000            0.031524          -17.102102            0.000000           22.332344      -105865.818540
            0.460000           -0.000017           -0.000000           -0.000014            0.007326           -0.000000           -0.009000           42.663055            0.040210            0.000000            0.032733          -17.757868            0.000000           21.814528      -103411.123622
            0.480000           -0.000016           -0.000000           -0.000014            0.007590           -0.000000           -0.008778           41.612706            0.039220            0.000000            0.033913          -18.397965            0.000000           21.277462      -100865.179396
            0.500000           -0.000016           -0.000000           -0.000014            0.007848           -0.000000           -0.008549           40.525638            0.038196            0.000000            0.035063          -19.021827            0.000000           20.721621       -98230.232386
            0.520000           -0.000015           -0.000000           -0.000015            0.008098           -0.000000           -0.008312           39.402811            0.037138            0.000000            0.036182          -19.628905            0.000000           20.147496       -95508.607652
            0.540000           -0.000015           -0.000000           -0.000015            0.008341           -0.000000           -0.008068           38.245215            0.036047            0.000000            0.037269          -20.218662            0.000000           19.555592       -92702.706739
            0.560000           -0.000014           -0.000000           -0.000016            0.008577           -0.000000           -0.007816           37.053871            0.034924            0.000000            0.038323          -20.790579            0.000000           18.946433       -89815.005555
            0.580000           -0.000014           -0.000000           -0.000016            0.008806           -0.000000           -0.007558           35.829832            0.033770            0.000000            0.039343          -21.344150            0.000000           18.320555       -86848.052190
            0.600000           -0.000013           -0.000000           -0.000017            0.009026           -0.000000           -0.007293           34.574177            0.032587            0.000000            0.040329          -21.878887            0.000000           17.678512       -83804.464663
            0.620000           -0.000013           -0.000000           -0.000017            0.009239           -0.000000           -0.007022           33.288013            0.031374            0.000000            0.041279          -22.394318            0.000000           17.020869       -80686.928618
            0.640000           -0.000012           -0.000000           -0.000017            0.009443           -0.000000           -0.006745           31.972476            0.030134            0.000000            0.042193          -22.889989            0.000000           16.348208       -77498.194946
            0.660000           -0.000012           -0.000000           -0.000018            0.009640           -0.000000           -0.006461           30.628728            0.028868            0.000000            0.043069          -23.365462            0.000000           15.661120       -74241.077368
            0.680000           -0.000011           -0.000000           -0.000018            0.009827           -0.000000           -0.006172           29.257952            0.027576            0.000000            0.043908          -23.820317            0.000000           14.960213       -70918.449941
            0.700000           -0.000011           -0.000000           -0.000018            0.010006           -0.000000           -0.005877           27.861360            0.026260            0.000000            0.044707          -24.254153            0.000000           14.246106       -67533.244532
            0.720000           -0.000010           -0.000000           -0.000019            0.010176           -0.000000           -0.005578           26.440182            0.024920            0.000000            0.045468          -24.666588            0.000000           13.519428       -64088.448223
            0.740000           -0.000010           -0.000000           -0.000019            0.010338           -0.000000           -0.005273           24.995674            0.023559            0.000000            0.046188          -25.057257            0.000000           12.780820       -60587.100681
            0.760000           -0.000009           -0.000000           -0.000019            0.010490           -0.000000           -0.004963           23.529111            0.022176            0.000000            0.046867          -25.425815            0.000000           12.030935       -57032.291472
            0.780000           -0.000009           -0.000000           -0.000020            0.010632           -0.000000           -0.004650           22.041785            0.020775            0.000000            0.047505          -25.771938            0.000000           11.270434       -53427.157336
            0.800000           -0.000008           -0.000000           -0.000020            0.010766           -0.000000           -0.004332           20.535009            0.019354            0.000000            0.048101          -26.095321            0.000000           10.499987       -49774.879422
            0.820000           -0.000007           -0.000000           -0.000020            0.010890           -0.000000           -0.004010           19.010114            0.017917            0.000000            0.048655          -26.395676            0.000000            9.720276       -46078.680475
            0.840000           -0.000007           -0.000000           -0.000020            0.011004           -0.000000           -0.003685           17.468444            0.016464            0.000000            0.049165          -26.672741            0.000000            8.931987       -42341.821998
            0.860000           -0.000006           -0.000000           -0.000020            0.011109           -0.000000           -0.003356           15.911361            0.014997            0.000000            0.049633          -26.926269            0.000000            8.135817       -38567.601369
            0.880000           -0.000006           -0.000000           -0.000021            0.011203           -0.000000           -0.003025           14.340237            0.013516            0.000000            0.050056          -27.156038            0.000000            7.332468       -34759.348939
            0.900000           -0.000005           -0.000000           -0.000021            0.011288           -0.000000           -0.002691           12.756459            0.012023            0.000000            0.050436          -27.361844            0.000000            6.522649       -30920.425082
            0.920000           -0.000004           -0.000000           -0.000021            0.011363           -0.000000           -0.002354           11.161425            0.010520            0.000000            0.050771          -27.543507            0.000000            5.707074       -27054.217242
            0.940000           -0.000004           -0.000000           -0.000021            0.011428           -0.000000           -0.002016            9.556543            0.009007            0.000000            0.051061          -27.700866            0.000000            4.886464       -23164.136936
            0.960000           -0.000003           -0.000000           -0.000021            0.011483           -0.000000           -0.001676            7.943228            0.007487            0.000000            0.051306          -27.833781            0.000000            4.061541       -19253.616744
            0.980000           -0.000002           -0.000000           -0.000021            0.011528           -0.000000           -0.001334            6.322903            0.005959            0.000000            0.051505          -27.942136            0.000000            3.233035       -15326.107285
            1.000000           -0.000002           -0.000000           -0.000021            0.011562           -0.000000           -0.000991            4.697000            0.004427            0.000000            0.051660          -28.025835            0.000000            2.401676       -11385.074168
            1.020000           -0.000001           -0.000000           -0.000021            0.011587           -0.000000           -0.000647            3.066952            0.002891            0.000000            0.051768          -28.084804            0.000000            1.568198        -7433.994934
            1.040000           -0.000001           -0.000000           -0.000021            0.011601           -0.000000           -0.000303            1.434197            0.001352            0.000000            0.051831          -28.118992            0.000000            0.733336        -3476.355992
            1.060000            0.000000           -0.000000           -0.000021            0.011605            0.000000            0.000042           -0.199823           -0.000188            0.000000            0.051849          -28.128367           -0.000000           -0.102174          484.350465
            1.080000            0.000001           -0.000000           -0.000021            0.011598            0.000000            0.000387           -1.833666           -0.001728            0.000000            0.051820          -28.112922           -0.000000           -0.937592         4444.629533
            1.100000            0.000001           -0.000000           -0.000021            0.011582            0.000000            0.000731           -3.465892           -0.003267            0.000000            0.051746          -28.072671           -0.000000           -1.772184         8400.986690
            1.120000            0.000002           -0.000000           -0.000021            0.011555            0.000000            0.001075           -5.095059           -0.004802            0.000000            0.051626          -28.007648           -0.000000           -2.605212        12349.930870
            1.140000            0.000003           -0.000000           -0.000021            0.011518            0.000000            0.001418           -6.719730           -0.006333            0.000000            0.051461          -27.917912           -0.000000           -3.435941        16287.977550
            1.160000            0.000003           -0.000000           -0.000021            0.011471            0.000000            0.001759           -8.338472           -0.007859            0.000000            0.051250          -27.803541           -0.000000           -4.263638        20211.651824
            1.180000            0.000004           -0.000000           -0.000021            0.011413            0.000000            0.002099           -9.949857           -0.009378            0.000000            0.050994          -27.664636           -0.000000           -5.087573        24117.491467
            1.200000            0.000004           -0.000000           -0.000021            0.011346            0.000000            0.002437          -11.552461           -0.010888            0.000000            0.050693          -27.501320           -0.000000           -5.907019        28002.049992
            1.220000            0.000005           -0.000000           -0.000021            0.011268            0.000000            0.002773          -13.144872           -0.012389            0.000000            0.050347          -27.313737           -0.000000           -6.721253        31861.899687
            1.240000            0.000006           -0.000000           -0.000021            0.011181            0.000000            0.003106          -14.725684           -0.013879            0.000000            0.049957          -27.102053           -0.000000           -7.529555        35693.634648
            1.260000            0.000006           -0.000000           -0.000020            0.011084            0.000000            0.003437          -16.293501           -0.015357            0.000000            0.049523          -26.866454           -0.000000           -8.331214        39493.873776
            1.280000            0.000007           -0.000000           -0.000020            0.010977            0.000000            0.003765          -17.846942           -0.016821            0.000000            0.049045          -26.607148           -0.000000           -9.125521        43259.263764
            1.300000            0.000008           -0.000000           -0.000020            0.010860            0.000000            0.004089          -19.384635           -0.018270            0.000000            0.048523          -26.324365           -0.000000           -9.911776        46986.482058
            1.320000            0.000008           -0.000000           -0.000020            0.010734            0.000000            0.004410          -20.905222           -0.019703            0.000000            0.047959          -26.018353           -0.000000          -10.689285        50672.239782
            1.340000            0.000009           -0.000000           -0.000020            0.010598            0.000000            0.004727          -22.407363           -0.021119            0.000000            0.047353          -25.689382           -0.000000          -11.457362        54313.284648
            1.360000            0.000009           -0.000000           -0.000019            0.010453            0.000000            0.005040          -23.889732           -0.022516            0.000000            0.046705          -25.337743           -0.000000          -12.215328        57906.403823
            1.380000            0.000010           -0.000000           -0.000019            0.010299            0.000000            0.005348          -25.351021           -0.023894            0.000000            0.046015          -24.963747           -0.000000          -12.962517        61448.426760
            1.400000            0.000010           -0.000000           -0.000019            0.010136            0.000000            0.005651          -26.789940           -0.025250            0.000000            0.045285          -24.567722           -0.000000          -13.698267        64936.228002
            1.420000            0.000011           -0.000000           -0.000018            0.009963            0.000000            0.005950          -28.205220           -0.026584            0.000000            0.044515          -24.150019           -0.000000          -14.421929        68366.729935
            1.440000            0.000012           -0.000000           -0.000018            0.009782            0.000000            0.006243          -29.595612           -0.027894            0.000000            0.043706          -23.711007           -0.000000          -15.132866        71736.905506
            1.460000            0.000012           -0.000000           -0.000018            0.009592            0.000000            0.006531          -30.959889           -0.029180            0.000000            0.042858          -23.251072           -0.000000          -15.830450        75043.780895
            1.480000            0.000013           -0.000000           -0.000017            0.009394            0.000000            0.006813          -32.296847           -0.030440            0.000000            0.041973          -22.770620           -0.000000          -16.514065        78284.438135
            1.500000            0.000013           -0.000000           -0.000017            0.009188            0.000000            0.007089          -33.605307           -0.031673            0.000000            0.041050          -22.270076           -0.000000          -17.183108        81456.017692
            1.520000            0.000014           -0.000000           -0.000017            0.008973            0.000000            0.007359          -34.884113           -0.032879            0.000000            0.040091          -21.749880           -0.000000          -17.836989        84555.720984
            1.540000            0.000014           -0.000000           -0.000016            0.008751            0.000000            0.007622          -36.132138           -0.034055            0.000000            0.039097          -21.210493           -0.000000          -18.475131        87580.812854
            1.560000            0.000015           -0.000000           -0.000016            0.008520            0.000000            0.007879          -37.348280           -0.035201            0.000000            0.038068          -20.652390           -0.000000          -19.096970        90528.623979
            1.580000            0.000015           -0.000000           -0.000015            0.008283            0.000000            0.008128          -38.531466           -0.036316            0.000000            0.037006          -20.076063           -0.000000          -19.701959        93396.553230
            1.600000            0.000015           -0.000000           -0.000015            0.008037            0.000000            0.008371          -39.680653           -0.037399            0.000000            0.035911          -19.482021           -0.000000          -20.289562        96182.069964
            1.620000            0.000016           -0.000000           -0.000014            0.007785            0.000000            0.008606          -40.794825           -0.038450            0.000000            0.034784          -18.870789           -0.000000          -20.859262        98882.716261
            1.640000            0.000016           -0.000000           -0.000014            0.007526            0.000000            0.008833          -41.873001           -0.039466            0.000000            0.033627          -18.242905           -0.000000          -21.410556       101496.109086
            1.660000            0.000017           -0.000000           -0.000013            0.007261            0.000000            0.009053          -42.914227           -0.040447            0.000000            0.032440          -17.598923           -0.000000          -21.942958       104019.942399
            1.680000            0.000017           -0.000000           -0.000013            0.006988            0.000000            0.009264          -43.917587           -0.041393            0.000000            0.031224          -16.939413           -0.000000          -22.455997       106451.989186
            1.700000            0.000017           -0.000000           -0.000012            0.006710            0.000000            0.009468          -44.882194           -0.042302            0.000000            0.029981          -16.264955           -0.000000          -22.949221       108790.103424
            1.720000            0.000018           -0.000000           -0.000012            0.006426            0.000000            0.009663          -45.807197           -0.043174            0.000000            0.028711          -15.576145           -0.000000          -23.422195       111032.221976
            1.740000            0.000018           -0.000000           -0.000011            0.006136            0.000000            0.009850          -46.691781           -0.044008            0.000000            0.027416          -14.873590           -0.000000          -23.874501       113176.366412
            1.760000            0.000018           -0.000000           -0.000011            0.005841            0.000000            0.010028          -47.535163           -0.044802            0.000000            0.026097          -14.157912           -0.000000          -24.305740       115220.644752
            1.780000            0.000019           -0.000000           -0.000010            0.005541            0.000000            0.010197          -48.336601           -0.045558            0.000000            0.024755          -13.429740           -0.000000          -24.715533       117163.253138
            1.800000            0.000019           -0.000000           -0.000010            0.005235            0.000000            0.010357          -49.095387           -0.046273            0.000000            0.023391          -12.689718           -0.000000          -25.103516       119002.477425
            1.820000            0.000019           -0.000000           -0.000009            0.004925            0.000000            0.010508          -49.810852           -0.046947            0.000000            0.022006          -11.938499           -0.000000          -25.469349       120736.694694
            1.840000            0.000020           -0.000000           -0.000008            0.004611            0.000000            0.010649          -50.482364           -0.047580            0.000000            0.020602          -11.176746           -0.000000          -25.812707       122364.374682
            1.860000            0.000020           -0.000000           -0.000008            0.004293            0.000000            0.010781          -51.109331           -0.048171            0.000000            0.019180          -10.405130           -0.000000          -26.133288       123884.081134
            1.880000            0.000020           -0.000000           -0.000007            0.003971            0.000000            0.010904          -51.691199           -0.048720            0.000000            0.017740           -9.624333           -0.000000          -26.430810       125294.473073
            1.900000            0.000020           -0.000000           -0.000007            0.003645            0.000000            0.011017          -52.227455           -0.049225            0.000000            0.016286           -8.835043           -0.000000          -26.705009       126594.305976
            1.920000            0.000020           -0.000000           -0.000006            0.003316            0.000000            0.011121          -52.717626           -0.049687            0.000000            0.014816           -8.037957           -0.000000          -26.955644       127782.432880
            1.940000            0.000021           -0.000000           -0.000006            0.002984            0.000000            0.011214          -53.161279           -0.050105            0.000000            0.013334           -7.233779           -0.000000          -27.182493       128857.805390
            1.960000            0.000021           -0.000000           -0.000005            0.002650            0.000000            0.011298          -53.558023           -0.050479            0.000000            0.011840           -6.423217           -0.000000          -27.385357       129819.474603
            1.980000            0.000021           -0.000000           -0.000004            0.002313            0.000000            0.011372          -53.907508           -0.050808            0.000000            0.010335           -5.606988           -0.000000          -27.564056       130666.591948
            2.000000            0.000021           -0.000000           -0.000004            0.001974            0.000000            0.011435          -54.209425           -0.051093            0.000000            0.008822           -4.785812           -0.000000          -27.718432       131398.409936
            2.020000            0.000021           -0.000000           -0.000003            0.001634            0.000000            0.011489          -54.463508           -0.051332            0.000000            0.007300           -3.960412           -0.000000          -27.848350       132014.282814
            2.040000            0.000021           -0.000000           -0.000002            0.001292            0.000000            0.011533          -54.669533           -0.051527            0.000000            0.005772           -3.131517           -0.000000          -27.953695       132513.667141
            2.060000            0.000021           -0.000000           -0.000002            0.000949            0.000000            0.011566          -54.827318           -0.051675            0.000000            0.004239           -2.299860           -0.000000          -28.034374       132896.122262
            2.080000            0.000021           -0.000000           -0.000001            0.000605            0.000000            0.011589          -54.936723           -0.051778            0.000000            0.002703           -1.466173           -0.000000          -28.090315       133161.310702
            2.100000            0.000021           -0.000000           -0.000000            0.000260            0.000000            0.011602          -54.997653           -0.051836            0.000000            0.001163           -0.631192           -0.000000          -28.121470       133308.998460
            2.120000            0.000021            0.000000            0.000000           -0.000084            0.000000            0.011604          -55.010053           -0.051848           -0.000000           -0.000377            0.204346           -0.000000          -28.127811       133339.055218
            2.140000            0.000021            0.000000            0.000001           -0.000429            0.000000            0.011597          -54.973913           -0.051814           -0.000000           -0.001916            1.039703           -0.000000          -28.109331       133251.454453
            2.160000            0.000021            0.000000            0.000001           -0.000773            0.000000            0.011579          -54.889264           -0.051734           -0.000000           -0.003455            1.874143           -0.000000          -28.066048       133046.273464
            2.180000            0.000021            0.000000            0.000002           -0.001117            0.000000            0.011551          -54.756181           -0.051608           -0.000000           -0.004990            2.706929           -0.000000          -27.998000       132723.693301
            2.200000            0.000021            0.000000            0.000003           -0.001459            0.000000            0.011513          -54.574781           -0.051437           -0.000000           -0.006520            3.537327           -0.000000          -27.905247       132283.998608
            2.220000            0.000021            0.000000            0.000003           -0.001801            0.000000            0.011464          -54.345225           -0.051221           -0.000000           -0.008045            4.364603           -0.000000          -27.787870       131727.577367
            2.240000            0.000021            0.000000            0.000004           -0.002140            0.000000            0.011406          -54.067716           -0.050959           -0.000000           -0.009563            5.188028           -0.000000          -27.645973       131054.920561
            2.260000            0.000021            0.000000            0.000005           -0.002478            0.000000            0.011337          -53.742497           -0.050653           -0.000000           -0.011072            6.006875           -0.000000          -27.479682       130266.621739
            2.280000            0.000021            0.000000            0.000005           -0.002814            0.000000            0.011258          -53.369856           -0.050302           -0.000000           -0.012572            6.820422           -0.000000          -27.289143       129363.376490
            2.300000            0.000021            0.000000            0.000006           -0.003147            0.000000            0.011170          -52.950122           -0.049906           -0.000000           -0.014060            7.627951           -0.000000          -27.074524       128345.981831
            2.320000            0.000020            0.000000            0.000006           -0.003477            0.000000            0.011071          -52.483665           -0.049466           -0.000000           -0.015537            8.428748           -0.000000          -26.836015       127215.335506
            2.340000            0.000020            0.000000            0.000007           -0.003805            0.000000            0.010963          -51.970897           -0.048983           -0.000000           -0.016999            9.222108           -0.000000          -26.573826       125972.435189
            2.360000            0.000020            0.000000            0.000008           -0.004129            0.000000            0.010845          -51.412270           -0.048457           -0.000000           -0.018446           10.007331           -0.000000          -26.288188       124618.377608
            2.380000            0.000020            0.000000            0.000008           -0.004449            0.000000            0.010718          -50.808278           -0.047887           -0.000000           -0.019877           10.783723           -0.000000          -25.979353       123154.357574
            2.400000            0.000020            0.000000            0.000009           -0.004765            0.000000            0.010581          -50.159452           -0.047276           -0.000000           -0.021291           11.550600           -0.000000          -25.647595       121581.666930
            2.420000            0.000019            0.000000            0.000009           -0.005077            0.000000            0.010435          -49.466366           -0.046623           -0.000000           -0.022686           12.307284           -0.000000          -25.293205       119901.693406
            2.440000            0.000019            0.000000            0.000010           -0.005385            0.000000            0.010279          -48.729631           -0.045928           -0.000000           -0.024061           13.053109           -0.000000          -24.916497       118115.919402
            2.460000            0.000019            0.000000            0.000010           -0.005688            0.000000            0.010115          -47.949898           -0.045193           -0.000000           -0.025414           13.787415           -0.000000          -24.517803       116225.920671
            2.480000            0.000018            0.000000            0.000011           -0.005986            0.000000            0.009942          -47.127853           -0.044419           -0.000000           -0.026745           14.509556           -0.000000          -24.097474       114233.364938
            2.500000            0.000018            0.000000            0.000012           -0.006279            0.000000            0.009759          -46.264224           -0.043605           -0.000000           -0.028053           15.218894           -0.000000          -23.655882       112140.010421
            2.520000            0.000018            0.000000            0.000012           -0.006566            0.000000            0.009569          -45.359771           -0.042752           -0.000000           -0.029336           15.914802           -0.000000          -23.193416       109947.704281
            2.540000            0.000017            0.000000            0.000013           -0.006847            0.000000            0.009369          -44.415293           -0.041862           -0.000000           -0.030592           16.596668           -0.000000          -22.710485       107658.380997
            2.560000            0.000017            0.000000            0.000013           -0.007122            0.000000            0.009162          -43.431624           -0.040935           -0.000000           -0.031822           17.263888           -0.000000          -22.207513       105274.060651
            2.580000            0.000016            0.000000            0.000014           -0.007391            0.000000            0.008946          -42.409630           -0.039972           -0.000000           -0.033024           17.915875           -0.000000          -21.684946       102796.847153
            2.600000            0.000016            0.000000            0.000014           -0.007654            0.000000            0.008723          -41.350215           -0.038973           -0.000000           -0.034197           18.552054           -0.000000          -21.143245       100228.926380
            2.620000            0.000016            0.000000            0.000015           -0.007909            0.000000            0.008492          -40.254312           -0.037940           -0.000000           -0.035339           19.171862           -0.000000          -20.582886        97572.564249
            2.640000            0.000015            0.000000            0.000015           -0.008158            0.000000            0.008253          -39.122889           -0.036874           -0.000000           -0.036451           19.774753           -0.000000          -20.004366        94830.104716
            2.660000            0.000015            0.000000            0.000015           -0.008400            0.000000            0.008007          -37.956945           -0.035775           -0.000000           -0.037530           20.360194           -0.000000          -19.408193        92003.967710
            2.680000            0.000014            0.000000            0.000016           -0.008634            0.000000            0.007754          -36.757507           -0.034644           -0.000000           -0.038576           20.927670           -0.000000          -18.794896        89096.646997
            2.700000            0.000014            0.000000            0.000016           -0.008860            0.000000            0.007494          -35.525635           -0.033483           -0.000000           -0.039588           21.476680           -0.000000          -18.165013        86110.707977
            2.720000            0.000013            0.000000            0.000017           -0.009079            0.000000            0.007228          -34.262415           -0.032293           -0.000000           -0.040565           22.006739           -0.000000          -17.519102        83048.785424
            2.740000            0.000013            0.000000            0.000017           -0.009290            0.000000            0.006955          -32.968963           -0.031074           -0.000000           -0.041506           22.517379           -0.000000          -16.857732        79913.581158
            2.760000            0.000012            0.000000            0.000017           -0.009492            0.000000            0.006676          -31.646418           -0.029827           -0.000000           -0.042411           23.008150           -0.000000          -16.181487        76707.861663
            2.780000            0.000012            0.000000            0.000018           -0.009686            0.000000            0.006391          -30.295950           -0.028554           -0.000000           -0.043278           23.478619           -0.000000          -15.490964        73434.455646
            2.800000            0.000011            0.000000            0.000018           -0.009872            0.000000            0.006100          -28.918748           -0.027256           -0.000000           -0.044107           23.928370           -0.000000          -14.786771        70096.251538
            2.820000            0.000011            0.000000            0.000019           -0.010049            0.000000            0.005804          -27.516028           -0.025934           -0.000000           -0.044897           24.357007           -0.000000          -14.069531        66696.194951
            2.840000            0.000010            0.000000            0.000019           -0.010217            0.000000            0.005503          -26.089029           -0.024589           -0.000000           -0.045647           24.764152           -0.000000          -13.339876        63237.286071
            2.860000            0.000010            0.000000            0.000019           -0.010376            0.000000            0.005198          -24.639009           -0.023223           -0.000000           -0.046358           25.149445           -0.000000          -12.598449        59722.577018
            2.880000            0.000009            0.000000            0.000019           -0.010525            0.000000            0.004887          -23.167247           -0.021835           -0.000000           -0.047027           25.512546           -0.000000          -11.845906        56155.169148
            2.900000            0.000008            0.000000            0.000020           -0.010666            0.000000            0.004572          -21.675043           -0.020429           -0.000000           -0.047655           25.853135           -0.000000          -11.082911        52538.210318
            2.920000            0.000008            0.000000            0.000020           -0.010797            0.000000            0.004254          -20.163713           -0.019005           -0.000000           -0.048240           26.170911           -0.000000          -10.310135        48874.892111
            2.940000            0.000007            0.000000            0.000020           -0.010919            0.000000            0.003931          -18.634590           -0.017563           -0.000000           -0.048784           26.465595           -0.000000           -9.528263        45168.447015
            2.960000            0.000007            0.000000            0.000020           -0.011031            0.000000            0.003605          -17.089025           -0.016107           -0.000000           -0.049284           26.736925           -0.000000           -8.737982        41422.145571
            2.980000            0.000006            0.000000            0.000021           -0.011133            0.000000            0.003276          -15.528380           -0.014636           -0.000000           -0.049740           26.984663           -0.000000           -7.939991        37639.293494
            3.000000            0.000005            0.000000            0.000021           -0.011225            0.000000            0.002944          -13.954033           -0.013152           -0.000000           -0.050153           27.208590           -0.000000           -7.134994        33823.228747
            3.020000            0.000005            0.000000            0.000021           -0.011308            0.000000            0.002609          -12.367373           -0.011656           -0.000000           -0.050522           27.408508           -0.000000           -6.323701        29977.318601
            3.040000            0.000004            0.000000            0.000021           -0.011380            0.000000            0.002272          -10.769801           -0.010151           -0.000000           -0.050846           27.584241           -0.000000           -5.506828        26104.956663
            3.060000            0.000004            0.000000            0.000021           -0.011443            0.000000            0.001933           -9.162725           -0.008636           -0.000000           -0.051125           27.735633           -0.000000           -4.685096        22209.559879
            3.080000            0.000003            0.000000            0.000021           -0.011495            0.000000            0.001592           -7.547564           -0.007114           -0.000000           -0.051359           27.862552           -0.000000           -3.859230        18294.565522
            3.100000            0.000002            0.000000            0.000021           -0.011537            0.000000            0.001250           -5.925743           -0.005585           -0.000000           -0.051547           27.964886           -0.000000           -3.029958        14363.428159
            3.120000            0.000002            0.000000            0.000021           -0.011569            0.000000            0.000907           -4.298693           -0.004052           -0.000000           -0.051690           28.042543           -0.000000           -2.198013        10419.616600
            3.140000            0.000001            0.000000            0.000021           -0.011591            0.000000            0.000563           -2.667850           -0.002514           -0.000000           -0.051788           28.095456           -0.000000           -1.364128         6466.610838
            3.160000            0.000000            0.000000            0.000021           -0.011603            0.000000            0.000218           -1.034653           -0.000975           -0.000000           -0.051840           28.123577           -0.000000           -0.529040         2507.898980
            3.180000           -0.000000            0.000000            0.000021           -0.011604           -0.000000           -0.000126            0.599457            0.000565           -0.000000           -0.051846           28.126883            0.000000            0.306515        -1453.025831
            3.200000           -0.000001            0.000000            0.000021           -0.011595           -0.000000           -0.000471            2.233038            0.002105           -0.000000           -0.051806           28.105369            0.000000            1.141800        -5412.668502
            3.220000           -0.000002            0.000000            0.000021           -0.011576           -0.000000           -0.000815            3.864649            0.003642           -0.000000           -0.051721           28.059056            0.000000            1.976077        -9367.535069
            3.240000           -0.000002            0.000000            0.000021           -0.011547           -0.000000           -0.001159            5.492849            0.005177           -0.000000           -0.051590           27.987983            0.000000            2.808611       -13314.135784
            3.260000           -0.000003            0.000000            0.000021           -0.011507           -0.000000           -0.001501            7.116203            0.006707           -0.000000           -0.051413           27.892214            0.000000            3.638666       -17248.988191
            3.280000           -0.000003            0.000000            0.000021           -0.011457           -0.000000           -0.001842            8.733277            0.008231           -0.000000           -0.051191           27.771833            0.000000            4.465510       -21168.620202
            3.300000           -0.000004            0.000000            0.000021           -0.011398           -0.000000           -0.002182           10.342645            0.009748           -0.000000           -0.050924           27.626946            0.000000            5.288415       -25069.573159
            3.320000           -0.000005            0.000000            0.000021           -0.011328           -0.000000           -0.002519           11.942887            0.011256           -0.000000           -0.050612           27.457682            0.000000            6.106652       -28948.404886
            3.340000           -0.000005            0.000000            0.000021           -0.011248           -0.000000           -0.002855           13.532591            0.012755           -0.000000           -0.050256           27.264189            0.000000            6.919502       -32801.692728
            3.360000           -0.000006            0.000000            0.000021           -0.011158           -0.000000           -0.003188           15.110353            0.014242           -0.000000           -0.049855           27.046638            0.000000            7.726245       -36626.036568
            3.380000           -0.000006            0.000000            0.000020           -0.011059           -0.000000           -0.003518           16.674782            0.015716           -0.000000           -0.049410           26.805221            0.000000            8.526171       -40418.061829
            3.400000           -0.000007            0.000000            0.000020           -0.010949           -0.000000           -0.003844           18.224498            0.017177           -0.000000           -0.048921           26.540152            0.000000            9.318574       -44174.422453
            3.420000           -0.000008            0.000000            0.000020           -0.010830           -0.000000           -0.004168           19.758132            0.018622           -0.000000           -0.048389           26.251664            0.000000           10.102753       -47891.803851
            3.440000           -0.000008            0.000000            0.000020           -0.010702           -0.000000           -0.004488           21.274332            0.020051           -0.000000           -0.047815           25.940011            0.000000           10.878019       -51566.925831
            3.460000           -0.000009            0.000000            0.000019           -0.010564           -0.000000           -0.004804           22.771759            0.021463           -0.000000           -0.047198           25.605470            0.000000           11.643685       -55196.545488
            3.480000           -0.000009            0.000000            0.000019           -0.010416           -0.000000           -0.005115           24.249093            0.022855           -0.000000           -0.046540           25.248334            0.000000           12.399077       -58777.460069
            3.500000           -0.000010            0.000000            0.000019           -0.010260           -0.000000           -0.005422           25.705030            0.024227           -0.000000           -0.045841           24.868919            0.000000           13.143529       -62306.509798
            3.520000           -0.000011            0.000000            0.000019           -0.010094           -0.000000           -0.005725           27.138285            0.025578           -0.000000           -0.045101           24.467560            0.000000           13.876382       -65780.580665
            3.540000           -0.000011            0.000000            0.000018           -0.009920           -0.000000           -0.006022           28.547593            0.026906           -0.000000           -0.044321           24.044611            0.000000           14.596992       -69196.607172
            3.560000           -0.000012            0.000000            0.000018           -0.009737           -0.000000           -0.006314           29.931710            0.028211           -0.000000           -0.043502           23.600445            0.000000           15.304720       -72551.575038
            3.580000           -0.000012            0.000000            0.000018           -0.009545           -0.000000           -0.006600           31.289417            0.029491           -0.000000           -0.042645           23.135455            0.000000           15.998945       -75842.523863
            3.600000           -0.000013            0.000000            0.000017           -0.009344           -0.000000           -0.006881           32.619513            0.030744           -0.000000           -0.041751           22.650049            0.000000           16.679051       -79066.549734
            3.620000           -0.000013            0.000000            0.000017           -0.009136           -0.000000           -0.007156           33.920827            0.031971           -0.000000           -0.040819           22.144658            0.000000           17.344440       -82220.807792
            3.640000           -0.000014            0.000000            0.000016           -0.008919           -0.000000           -0.007424           35.192209            0.033169           -0.000000           -0.039851           21.619726            0.000000           17.994525       -85302.514739
            3.660000           -0.000014            0.000000            0.000016           -0.008695           -0.000000           -0.007685           36.432537            0.034338           -0.000000           -0.038849           21.075717            0.000000           18.628731       -88308.951296
            3.690000           -0.000015            0.000000            0.000015           -0.008344           -0.000000           -0.008065           38.232418            0.036034           -0.000000           -0.037280           20.224989            0.000000           19.549049       -92671.689761
            3.710000           -0.000015            0.000000            0.000015           -0.008101           -0.000000           -0.008309           39.390388            0.037126           -0.000000           -0.036194           19.635423            0.000000           20.141143       -95478.495119
            3.730000           -0.000016            0.000000            0.000014           -0.007850           -0.000000           -0.008546           40.513599            0.038185           -0.000000           -0.035075           19.028531            0.000000           20.715465       -98201.050868
            3.750000           -0.000016            0.000000            0.000014           -0.007593           -0.000000           -0.008776           41.601061            0.039209           -0.000000           -0.033925           18.404848            0.000000           21.271508      -100836.954643
            3.770000           -0.000017            0.000000            0.000014           -0.007329           -0.000000           -0.008997           42.651815            0.040200           -0.000000           -0.032746           17.764925            0.000000           21.808781      -103383.880540
            3.790000           -0.000017            0.000000            0.000013           -0.007059           -0.000000           -0.009211           43.664933            0.041155           -0.000000           -0.031537           17.109327            0.000000           22.326810      -105839.581168
            3.810000           -0.000017            0.000000            0.000013           -0.006782           -0.000000           -0.009417           44.639522            0.042073           -0.000000           -0.030301           16.438631            0.000000           22.825137      -108201.889631
            3.830000           -0.000018            0.000000            0.000012           -0.006499           -0.000000           -0.009614           45.574721            0.042955           -0.000000           -0.029038           15.753430            0.000000           23.303324      -110468.721445
            3.850000           -0.000018            0.000000            0.000011           -0.006211           -0.000000           -0.009803           46.469705            0.043798           -0.000000           -0.027749           15.054328            0.000000           23.760949      -112638.076372
            3.870000           -0.000018            0.000000            0.000011           -0.005917           -0.000000           -0.009983           47.323684            0.044603           -0.000000           -0.026436           14.341942            0.000000           24.197607      -114708.040186
            3.890000           -0.000019            0.000000            0.000010           -0.005618           -0.000000           -0.010154           48.135906            0.045369           -0.000000           -0.025100           13.616901            0.000000           24.612913      -116676.786365
            3.910000           -0.000019            0.000000            0.000010           -0.005314           -0.000000           -0.010317           48.905652            0.046094           -0.000000           -0.023741           12.879845            0.000000           25.006501      -118542.577701
            3.930000           -0.000019            0.000000            0.000009           -0.005005           -0.000000           -0.010470           49.632245            0.046779           -0.000000           -0.022362           12.131424            0.000000           25.378023      -120303.767831
            3.950000           -0.000020            0.000000            0.000009           -0.004692           -0.000000           -0.010614           50.315042            0.047422           -0.000000           -0.020962           11.372298            0.000000           25.727152      -121958.802691
            3.970000           -0.000020            0.000000            0.000008           -0.004374           -0.000000           -0.010749           50.953442            0.048024           -0.000000           -0.019545           10.603137            0.000000           26.053579      -123506.221891
            3.990000           -0.000020            0.000000            0.000007           -0.004053           -0.000000           -0.010874           51.546881            0.048584           -0.000000           -0.018110            9.824619            0.000000           26.357017      -124944.659997
            4.010000           -0.000020            0.000000            0.000007           -0.003728           -0.000000           -0.010989           52.094835            0.049100           -0.000000           -0.016659            9.037433            0.000000           26.637197      -126272.847741
            4.030000           -0.000020            0.000000            0.000006           -0.003400           -0.000000           -0.011095           52.596821            0.049573           -0.000000           -0.015193            8.242272            0.000000           26.893874      -127489.613138
            4.050000           -0.000021            0.000000            0.000006           -0.003069           -0.000000           -0.011191           53.052395            0.050002           -0.000000           -0.013714            7.439838            0.000000           27.126819      -128593.882523
            4.070000           -0.000021            0.000000            0.000005           -0.002736           -0.000000           -0.011278           53.461157            0.050388           -0.000000           -0.012223            6.630840            0.000000           27.335827      -129584.681495
            4.090000           -0.000021            0.000000            0.000004           -0.002399           -0.000000           -0.011354           53.822745            0.050729           -0.000000           -0.010721            5.815990            0.000000           27.520715      -130461.135780
            4.110000           -0.000021            0.000000            0.000004           -0.002061           -0.000000           -0.011420           54.136840            0.051025           -0.000000           -0.009209            4.996008            0.000000           27.681318      -131222.472000
            4.130000           -0.000021            0.000000            0.000003           -0.001721           -0.000000           -0.011476           54.403165            0.051276           -0.000000           -0.007689            4.171618            0.000000           27.817496      -131868.018357
            4.150000           -0.000021            0.000000            0.000003           -0.001379           -0.000000           -0.011522           54.621485            0.051481           -0.000000           -0.006163            3.343547            0.000000           27.929128      -132397.205225
            4.170000           -0.000021            0.000000            0.000002           -0.001037           -0.000000           -0.011558           54.791608            0.051642           -0.000000           -0.004631            2.512526            0.000000           28.016115      -132809.565653
            4.190000           -0.000021            0.000000            0.000001           -0.000693           -0.000000           -0.011584           54.913383            0.051756           -0.000000           -0.003095            1.679287            0.000000           28.078381      -133104.735777
            4.210000           -0.000021            0.000000            0.000001           -0.000348           -0.000000           -0.011599           54.986702            0.051826           -0.000000           -0.001557            0.844567            0.000000           28.115871      -133282.455140
            4.230000           -0.000021            0.000000            0.000000           -0.000004           -0.000000           -0.011605           55.011502            0.051849           -0.000000           -0.000017            0.009101            0.000000           28.128551      -133342.566924
            4.250000           -0.000021           -0.000000           -0.000001            0.000341           -0.000000           -0.011600           54.987759            0.051827            0.000000            0.001523           -0.826372            0.000000           28.116411      -133285.018088
            4.270000           -0.000021           -0.000000           -0.000001            0.000685           -0.000000           -0.011584           54.915496            0.051758            0.000000            0.003062           -1.661117            0.000000           28.079462      -133109.859411
            4.290000           -0.000021           -0.000000           -0.000002            0.001029           -0.000000           -0.011559           54.794776            0.051645            0.000000            0.004598           -2.494395            0.000000           28.017735      -132817.245452
            4.310000           -0.000021           -0.000000           -0.000003            0.001372           -0.000000           -0.011523           54.625706            0.051485            0.000000            0.006130           -3.325473            0.000000           27.931286      -132407.434413
            4.330000           -0.000021           -0.000000           -0.000003            0.001714           -0.000000           -0.011477           54.408434            0.051281            0.000000            0.007656           -4.153616            0.000000           27.820190      -131880.787907
            4.350000           -0.000021           -0.000000           -0.000004            0.002054           -0.000000           -0.011421           54.143152            0.051031            0.000000            0.009176           -4.978094            0.000000           27.684546      -131237.770645
            4.370000           -0.000021           -0.000000           -0.000004            0.002392           -0.000000           -0.011355           53.830095            0.050735            0.000000            0.010688           -5.798179            0.000000           27.524473      -130478.950020
            4.390000           -0.000021           -0.000000           -0.000005            0.002728           -0.000000           -0.011279           53.469538            0.050396            0.000000            0.012190           -6.613149            0.000000           27.340112      -129604.995611
            4.410000           -0.000021           -0.000000           -0.000006            0.003062           -0.000000           -0.011193           53.061800            0.050011            0.000000            0.013681           -7.422282            0.000000           27.131627      -128616.678590
            4.430000           -0.000020           -0.000000           -0.000006            0.003393           -0.000000           -0.011097           52.607241            0.049583            0.000000            0.015161           -8.224867            0.000000           26.899202      -127514.871041
            4.450000           -0.000020           -0.000000           -0.000007            0.003721           -0.000000           -0.010992           52.106261            0.049111            0.000000            0.016627           -9.020194            0.000000           26.643040      -126300.545192
            4.470000           -0.000020           -0.000000           -0.000007            0.004046           -0.000000           -0.010876           51.559304            0.048595            0.000000            0.018078           -9.807561            0.000000           26.363369      -124974.772556
            4.490000           -0.000020           -0.000000           -0.000008            0.004367           -0.000000           -0.010751           50.966850            0.048037            0.000000            0.019514          -10.586274            0.000000           26.060435      -123538.722988
            4.510000           -0.000020           -0.000000           -0.000009            0.004685           -0.000000           -0.010617           50.329424            0.047436            0.000000            0.020932          -11.355646            0.000000           25.734506      -121993.663647
            4.530000           -0.000019           -0.000000           -0.000009            0.004998           -0.000000           -0.010473           49.647588            0.046793            0.000000            0.022331          -12.114998            0.000000           25.385868      -120340.957883
            4.550000           -0.000019           -0.000000           -0.000010            0.005307           -0.000000           -0.010320           48.921943            0.046109            0.000000            0.023711          -12.863660            0.000000           25.014830      -118582.064035
            4.570000           -0.000019           -0.000000           -0.000010            0.005611           -0.000000           -0.010158           48.153129            0.045385            0.000000            0.025070          -13.600971            0.000000           24.621720      -116718.534138
            4.590000           -0.000018           -0.000000           -0.000011            0.005910           -0.000000           -0.009987           47.341825            0.044620            0.000000            0.026407          -14.326281            0.000000           24.206883      -114752.012559
            4.610000           -0.000018           -0.000000           -0.000011            0.006204           -0.000000           -0.009807           46.488748            0.043816            0.000000            0.027721          -15.038949            0.000000           23.770686      -112684.234545
            4.630000           -0.000018           -0.000000           -0.000012            0.006493           -0.000000           -0.009618           45.594649            0.042973            0.000000            0.029010          -15.738346            0.000000           23.313514      -110517.024688
            4.650000           -0.000017           -0.000000           -0.000012            0.006776           -0.000000           -0.009421           44.660317            0.042093            0.000000            0.030274          -16.423857            0.000000           22.835770      -108252.295322
            4.670000           -0.000017           -0.000000           -0.000013            0.007053           -0.000000           -0.009216           43.686578            0.041175            0.000000            0.031511          -17.094875            0.000000           22.337877      -105892.044828
            4.690000           -0.000017           -0.000000           -0.000013            0.007323           -0.000000           -0.009002           42.674289            0.040221            0.000000            0.032720          -17.750809            0.000000           21.820272      -103438.355877
            4.710000           -0.000016           -0.000000           -0.000014            0.007587           -0.000000           -0.008781           41.624346            0.039231            0.000000            0.033900          -18.391079            0.000000           21.283414      -100893.393588
            4.740000           -0.000016           -0.000000           -0.000015            0.007971           -0.000000           -0.008434           39.980861            0.037682            0.000000            0.035614          -19.320884            0.000000           20.443065       -96909.746559
            4.760000           -0.000015           -0.000000           -0.000015            0.008218           -0.000000           -0.008193           38.840903            0.036608            0.000000            0.036717          -19.919557            0.000000           19.860180       -94146.596965
            4.780000           -0.000015           -0.000000           -0.000016            0.008458           -0.000000           -0.007946           37.666671            0.035501            0.000000            0.037789          -20.500652            0.000000           19.259770       -91300.373021
            4.800000           -0.000014           -0.000000           -0.000016            0.008690           -0.000000           -0.007691           36.459203            0.034363            0.000000            0.038826          -21.063658            0.000000           18.642366       -88373.586217
            4.820000           -0.000014           -0.000000           -0.000016            0.008915           -0.000000           -0.007430           35.219563            0.033195            0.000000            0.039830          -21.608077            0.000000           18.008512       -85368.819130
            4.840000           -0.000013           -0.000000           -0.000017            0.009131           -0.000000           -0.007161           33.948846            0.031997            0.000000            0.040798          -22.133429            0.000000           17.358767       -82288.723148
            4.860000           -0.000013           -0.000000           -0.000017            0.009340           -0.000000           -0.006887           32.648172            0.030771            0.000000            0.041731          -22.639251            0.000000           16.693705       -79136.016127
            4.880000           -0.000012           -0.000000           -0.000018            0.009540           -0.000000           -0.006607           31.318690            0.029518            0.000000            0.042626          -23.125096            0.000000           16.013913       -75913.479996
            4.900000           -0.000012           -0.000000           -0.000018            0.009732           -0.000000           -0.006320           29.961573            0.028239            0.000000            0.043484          -23.590536            0.000000           15.319990       -72623.958299
            4.920000           -0.000011           -0.000000           -0.000018            0.009916           -0.000000           -0.006029           28.578017            0.026935            0.000000            0.044304          -24.035160            0.000000           14.612548       -69270.353691
            4.940000           -0.000011           -0.000000           -0.000019            0.010091           -0.000000           -0.005731           27.169245            0.025607            0.000000            0.045084          -24.458575            0.000000           13.892213       -65855.625368
            4.960000           -0.000010           -0.000000           -0.000019            0.010256           -0.000000           -0.005429           25.736498            0.024257            0.000000            0.045825          -24.860408            0.000000           13.159619       -62382.786467
            4.980000           -0.000009           -0.000000           -0.000019            0.010413           -0.000000           -0.005122           24.281042            0.022885            0.000000            0.046525          -25.240305            0.000000           12.415414       -58854.901397
            5.000000           -0.000009           -0.000000           -0.000019            0.010561           -0.000000           -0.004811           22.804161            0.021493            0.000000            0.047184          -25.597929            0.000000           11.660253       -55275.083142
            5.020000           -0.000008           -0.000000           -0.000020            0.010699           -0.000000           -0.004495           21.307157            0.020082            0.000000            0.047802          -25.932967            0.000000           10.894803       -51646.490510
            5.040000           -0.000008           -0.000000           -0.000020            0.010828           -0.000000           -0.004175           19.791352            0.018654            0.000000            0.048377          -26.245121            0.000000           10.119739       -47972.325348
            5.050000           -0.000007           -0.000000           -0.000020            0.010888           -0.000000           -0.004014           19.026816            0.017933            0.000000            0.048649          -26.392530            0.000000            9.728816       -46119.164719
            5.070000           -0.000007           -0.000000           -0.000020            0.011003           -0.000000           -0.003689           17.485322            0.016480            0.000000            0.049160          -26.669849            0.000000            8.940617       -42382.731408
            5.090000           -0.000006           -0.000000           -0.000020            0.011108           -0.000000           -0.003360           15.928399            0.015013            0.000000            0.049628          -26.923635            0.000000            8.144529       -38608.899849
            5.110000           -0.000006           -0.000000           -0.000021            0.011202           -0.000000           -0.003029           14.357420            0.013532            0.000000            0.050052          -27.153664            0.000000            7.341254       -34801.000045
            5.130000           -0.000005           -0.000000           -0.000021            0.011287           -0.000000           -0.002695           12.773773            0.012039            0.000000            0.050432          -27.359733            0.000000            6.531502       -30962.392064
            5.150000           -0.000004           -0.000000           -0.000021            0.011363           -0.000000           -0.002358           11.178854            0.010536            0.000000            0.050767          -27.541659            0.000000            5.715986       -27096.463067
            5.170000           -0.000004           -0.000000           -0.000021            0.011428           -0.000000           -0.002020            9.574071            0.009024            0.000000            0.051058          -27.699283            0.000000            4.895426       -23206.624326
            5.190000           -0.000003           -0.000000           -0.000021            0.011482           -0.000000           -0.001679            7.960840            0.007503            0.000000            0.051303          -27.832465            0.000000            4.070547       -19296.308210
            5.210000           -0.000002           -0.000000           -0.000021            0.011527           -0.000000           -0.001338            6.340585            0.005976            0.000000            0.051503          -27.941089            0.000000            3.242076       -15368.965155
            5.230000           -0.000002           -0.000000           -0.000021            0.011562           -0.000000           -0.000995            4.714734            0.004444            0.000000            0.051658          -28.025057            0.000000            2.410744       -11428.060625
            5.250000           -0.000001           -0.000000           -0.000021            0.011586           -0.000000           -0.000651            3.084724            0.002907            0.000000            0.051767          -28.084296            0.000000            1.577285        -7477.072048
            5.270000           -0.000001           -0.000000           -0.000021            0.011601           -0.000000           -0.000306            1.451991            0.001369            0.000000            0.051831          -28.118753            0.000000            0.742434        -3519.485750
            5.290000            0.000000           -0.000000           -0.000021            0.011605            0.000000            0.000038           -0.182023           -0.000172            0.000000            0.051849          -28.128399           -0.000000           -0.093072          441.206118
            5.310000            0.000001           -0.000000           -0.000021            0.011598            0.000000            0.000383           -1.815876           -0.001711            0.000000            0.051821          -28.113224           -0.000000           -0.928496         4401.508670
            5.330000            0.000001           -0.000000           -0.000021            0.011582            0.000000            0.000727           -3.448127           -0.003250            0.000000            0.051747          -28.073243           -0.000000           -1.763101         8357.927359
            5.350000            0.000002           -0.000000           -0.000021            0.011555            0.000000            0.001071           -5.077336           -0.004785            0.000000            0.051628          -28.008490           -0.000000           -2.596150        12306.971066
            5.370000            0.000003           -0.000000           -0.000021            0.011518            0.000000            0.001414           -6.702064           -0.006317            0.000000            0.051463          -27.919022           -0.000000           -3.426908        16245.155181
            5.390000            0.000003           -0.000000           -0.000021            0.011471            0.000000            0.001755           -8.320878           -0.007843            0.000000            0.051252          -27.804919           -0.000000           -4.254642        20169.004677
            5.410000            0.000004           -0.000000           -0.000021            0.011414            0.000000            0.002095           -9.932350           -0.009361            0.000000            0.050997          -27.666281           -0.000000           -5.078622        24075.057172
            5.430000            0.000004           -0.000000           -0.000021            0.011347            0.000000            0.002433          -11.535058           -0.010872            0.000000            0.050696          -27.503230           -0.000000           -5.898120        27959.865993
            5.450000            0.000005           -0.000000           -0.000021            0.011269            0.000000            0.002769          -13.127587           -0.012373            0.000000            0.050351          -27.315911           -0.000000           -6.712415        31820.003208
            5.470000            0.000006           -0.000000           -0.000021            0.011182            0.000000            0.003103          -14.708533           -0.013863            0.000000            0.049961          -27.104488           -0.000000           -7.520786        35652.062657
            5.490000            0.000006           -0.000000           -0.000020            0.011085            0.000000            0.003434          -16.276500           -0.015341            0.000000            0.049528          -26.869148           -0.000000           -8.322521        39452.662957
            5.510000            0.000007           -0.000000           -0.000020            0.010978            0.000000            0.003761          -17.830104           -0.016805            0.000000            0.049050          -26.610100           -0.000000           -9.116912        43218.450481
            5.530000            0.000008           -0.000000           -0.000020            0.010862            0.000000            0.004086          -19.367976           -0.018255            0.000000            0.048529          -26.327570           -0.000000           -9.903258        46946.102322
            5.550000            0.000008           -0.000000           -0.000020            0.010735            0.000000            0.004406          -20.888757           -0.019688            0.000000            0.047966          -26.021810           -0.000000          -10.680866        50632.329226
            5.570000            0.000009           -0.000000           -0.000020            0.010600            0.000000            0.004723          -22.391106           -0.021104            0.000000            0.047360          -25.693088           -0.000000          -11.449049        54273.878490
            5.590000            0.000009           -0.000000           -0.000019            0.010455            0.000000            0.005036          -23.873697           -0.022501            0.000000            0.046712          -25.341694           -0.000000          -12.207129        57867.536832
            5.610000            0.000010           -0.000000           -0.000019            0.010301            0.000000            0.005344          -25.335223           -0.023879            0.000000            0.046023          -24.967940           -0.000000          -12.954439        61410.133234
            5.630000            0.000010           -0.000000           -0.000019            0.010137            0.000000            0.005648          -26.774393           -0.025235            0.000000            0.045293          -24.572153           -0.000000          -13.690317        64898.541730
            5.650000            0.000011           -0.000000           -0.000018            0.009965            0.000000            0.005947          -28.189937           -0.026569            0.000000            0.044524          -24.154685           -0.000000          -14.414115        68329.684171
            5.670000            0.000012           -0.000000           -0.000018            0.009784            0.000000            0.006240          -29.580606           -0.027880            0.000000            0.043715          -23.715902           -0.000000          -15.125193        71700.532940
            5.690000            0.000012           -0.000000           -0.000018            0.009595            0.000000            0.006528          -30.945174           -0.029166            0.000000            0.042868          -23.256193           -0.000000          -15.822926        75008.113621
            5.720000            0.000013           -0.000000           -0.000017            0.009294            0.000000            0.006949          -32.940458           -0.031047            0.000000            0.041526          -22.528283           -0.000000          -16.843157        79844.488466
            5.740000            0.000013           -0.000000           -0.000017            0.009084            0.000000            0.007222          -34.234557           -0.032266            0.000000            0.040586          -22.018071           -0.000000          -17.504857        82981.258553
            5.760000            0.000014           -0.000000           -0.000016            0.008865            0.000000            0.007488          -35.498447           -0.033458            0.000000            0.039609          -21.488431           -0.000000          -18.151111        86044.806512
            5.780000            0.000014           -0.000000           -0.000016            0.008639            0.000000            0.007748          -36.731013           -0.034619            0.000000            0.038598          -20.939829           -0.000000          -18.781349        89032.429089
            5.800000            0.000015           -0.000000           -0.000015            0.008405            0.000000            0.008002          -37.931169           -0.035751            0.000000            0.037553          -20.372750           -0.000000          -19.395014        91941.490025
            5.820000            0.000015           -0.000000           -0.000015            0.008164            0.000000            0.008248          -39.097854           -0.036850            0.000000            0.036474          -19.787694           -0.000000          -19.991565        94769.422383
            5.840000            0.000016           -0.000000           -0.000015            0.007915            0.000000            0.008487          -40.230040           -0.037917            0.000000            0.035364          -19.185177           -0.000000          -20.570475        97513.730813
            5.860000            0.000016           -0.000000           -0.000014            0.007659            0.000000            0.008718          -41.326727           -0.038951            0.000000            0.034222          -18.565732           -0.000000          -21.131235       100171.993757
            5.880000            0.000016           -0.000000           -0.000014            0.007397            0.000000            0.008942          -42.386947           -0.039950            0.000000            0.033050          -17.929904           -0.000000          -21.673348       102741.865579
            5.900000            0.000017           -0.000000           -0.000013            0.007128            0.000000            0.009157          -43.409765           -0.040914            0.000000            0.031849          -17.278256           -0.000000          -22.196337       105221.078642
            5.920000            0.000017           -0.000000           -0.000013            0.006853            0.000000            0.009365          -44.394279           -0.041842            0.000000            0.030619          -16.611361           -0.000000          -22.699740       107607.445303
            5.940000            0.000018           -0.000000           -0.000012            0.006572            0.000000            0.009564          -45.339620           -0.042733            0.000000            0.029363          -15.929808           -0.000000          -23.183112       109898.859848
            5.960000            0.000018           -0.000000           -0.000012            0.006285            0.000000            0.009755          -46.244953           -0.043586            0.000000            0.028081          -15.234199           -0.000000          -23.646029       112093.300349
            5.980000            0.000018           -0.000000           -0.000011            0.005992            0.000000            0.009938          -47.109480           -0.044401            0.000000            0.026774          -14.525147           -0.000000          -24.088080       114188.830444
            6.000000            0.000019           -0.000000           -0.000010            0.005695            0.000000            0.010111          -47.932438           -0.045177            0.000000            0.025443          -13.803279           -0.000000          -24.508876       116183.601051
            6.020000            0.000019           -0.000000           -0.000010            0.005392            0.000000            0.010276          -48.713101           -0.045913            0.000000            0.024090          -13.069230           -0.000000          -24.908045       118075.851999
            6.040000            0.000019           -0.000000           -0.000009            0.005084            0.000000            0.010432          -49.450780           -0.046608            0.000000            0.022716          -12.323649           -0.000000          -25.285236       119863.913576
            6.060000            0.000019           -0.000000           -0.000009            0.004772            0.000000            0.010578          -50.144823           -0.047262            0.000000            0.021322          -11.567194           -0.000000          -25.640115       121546.208008
            6.080000            0.000020           -0.000000           -0.000008            0.004456            0.000000            0.010715          -50.794619           -0.047874            0.000000            0.019908          -10.800533           -0.000000          -25.972370       123121.250851
            6.100000            0.000020           -0.000000           -0.000008            0.004136            0.000000            0.010843          -51.399594           -0.048445            0.000000            0.018478          -10.024340           -0.000000          -26.281706       124587.652295
            6.110000            0.000020           -0.000000           -0.000007            0.003974            0.000000            0.010903          -51.685106           -0.048714            0.000000            0.017756           -9.632884           -0.000000          -26.427694       125279.704360
            6.130000            0.000020           -0.000000           -0.000007            0.003649            0.000000            0.011016          -52.221861           -0.049220            0.000000            0.016301           -8.843683           -0.000000          -26.702149       126580.747837
            6.150000            0.000020           -0.000000           -0.000006            0.003320            0.000000            0.011120          -52.712536           -0.049682            0.000000            0.014832           -8.046679           -0.000000          -26.953042       127770.097278
            6.170000            0.000021           -0.000000           -0.000006            0.002988            0.000000            0.011213          -53.156699           -0.050101            0.000000            0.013350           -7.242574           -0.000000          -27.180151       128846.703209
            6.190000            0.000021           -0.000000           -0.000005            0.002654            0.000000            0.011297          -53.553955           -0.050475            0.000000            0.011856           -6.432078           -0.000000          -27.383277       129809.615641
            6.210000            0.000021           -0.000000           -0.000004            0.002317            0.000000            0.011371          -53.903957           -0.050805            0.000000            0.010352           -5.615907           -0.000000          -27.562240       130657.984904
            6.230000            0.000021           -0.000000           -0.000004            0.001978            0.000000            0.011435          -54.206393           -0.051090            0.000000            0.008838           -4.794780           -0.000000          -27.716882       131391.062405
            6.250000            0.000021           -0.000000           -0.000003            0.001638            0.000000            0.011489          -54.460999           -0.051330            0.000000            0.007317           -3.969422           -0.000000          -27.847068       132008.201279
            6.270000            0.000021           -0.000000           -0.000002            0.001296            0.000000            0.011532          -54.667548           -0.051525            0.000000            0.005789           -3.140562           -0.000000          -27.952681       132508.856968
            6.290000            0.000021           -0.000000           -0.000002            0.000953            0.000000            0.011565          -54.825859           -0.051674            0.000000            0.004256           -2.308931           -0.000000          -28.033628       132892.587696
            6.310000            0.000021           -0.000000           -0.000001            0.000609            0.000000            0.011589          -54.935792           -0.051778            0.000000            0.002719           -1.475262           -0.000000          -28.089840       133159.054862
            6.330000            0.000021           -0.000000           -0.000000            0.000264            0.000000            0.011602          -54.997250           -0.051836            0.000000            0.001180           -0.640291           -0.000000          -28.121264       133308.023336
            6.350000            0.000021            0.000000            0.000000           -0.000081            0.000000            0.011604          -55.010179           -0.051848           -0.000000           -0.000360            0.195245           -0.000000          -28.127875       133339.361671
            6.370000            0.000021            0.000000            0.000001           -0.000425            0.000000            0.011597          -54.974568           -0.051814           -0.000000           -0.001900            1.030608           -0.000000          -28.109666       133253.042212
            6.390000            0.000021            0.000000            0.000001           -0.000769            0.000000            0.011579          -54.890447           -0.051735           -0.000000           -0.003438            1.865062           -0.000000          -28.066653       133049.141129
            6.410000            0.000021            0.000000            0.000002           -0.001113            0.000000            0.011551          -54.757891           -0.051610           -0.000000           -0.004973            2.697870           -0.000000          -27.998875       132727.838341
            6.430000            0.000021            0.000000            0.000003           -0.001456            0.000000            0.011513          -54.577017           -0.051439           -0.000000           -0.006504            3.528298           -0.000000          -27.906390       132289.417365
            6.450000            0.000021            0.000000            0.000003           -0.001797            0.000000            0.011465          -54.347984           -0.051224           -0.000000           -0.008029            4.355612           -0.000000          -27.789281       131734.265060
            6.470000            0.000021            0.000000            0.000004           -0.002137            0.000000            0.011406          -54.070996           -0.050963           -0.000000           -0.009547            5.179083           -0.000000          -27.647651       131062.871289
            6.490000            0.000021            0.000000            0.000005           -0.002475            0.000000            0.011338          -53.746295           -0.050656           -0.000000           -0.011056            5.997984           -0.000000          -27.481624       130275.828486
            6.510000            0.000021            0.000000            0.000005           -0.002810            0.000000            0.011259          -53.374169           -0.050306           -0.000000           -0.012556            6.811592           -0.000000          -27.291348       129373.831131
            6.530000            0.000021            0.000000            0.000006           -0.003143            0.000000            0.011171          -52.954946           -0.049911           -0.000000           -0.014044            7.619190           -0.000000          -27.076991       128357.675143
            6.550000            0.000020            0.000000            0.000006           -0.003474            0.000000            0.011073          -52.488996           -0.049471           -0.000000           -0.015521            8.420065           -0.000000          -26.838741       127228.257170
            6.570000            0.000020            0.000000            0.000007           -0.003801            0.000000            0.010964          -51.976730           -0.048989           -0.000000           -0.016983            9.213509           -0.000000          -26.576808       125986.573803
            6.590000            0.000020            0.000000            0.000008           -0.004125            0.000000            0.010847          -51.418600           -0.048463           -0.000000           -0.018431            9.998824           -0.000000          -26.291424       124633.720696
            6.610000            0.000020            0.000000            0.000008           -0.004445            0.000000            0.010719          -50.815099           -0.047894           -0.000000           -0.019862           10.775316           -0.000000          -25.982841       123170.891597
            6.630000            0.000020            0.000000            0.000009           -0.004762            0.000000            0.010583          -50.166758           -0.047283           -0.000000           -0.021276           11.542300           -0.000000          -25.651331       121599.377298
            6.650000            0.000019            0.000000            0.000009           -0.005074            0.000000            0.010437          -49.474151           -0.046630           -0.000000           -0.022671           12.299100           -0.000000          -25.297186       119920.564493
            6.670000            0.000019            0.000000            0.000010           -0.005382            0.000000            0.010281          -48.737889           -0.045936           -0.000000           -0.024046           13.045046           -0.000000          -24.920719       118135.934555
            6.690000            0.000019            0.000000            0.000010           -0.005685            0.000000            0.010117          -47.958620           -0.045202           -0.000000           -0.025400           13.779482           -0.000000          -24.522263       116247.062231
            6.710000            0.000018            0.000000            0.000011           -0.005983            0.000000            0.009944          -47.137033           -0.044427           -0.000000           -0.026731           14.501758           -0.000000          -24.102168       114255.614248
            6.730000            0.000018            0.000000            0.000012           -0.006276            0.000000            0.009761          -46.273852           -0.043614           -0.000000           -0.028039           15.211239           -0.000000          -23.660805       112163.347848
            6.750000            0.000018            0.000000            0.000012           -0.006563            0.000000            0.009571          -45.369840           -0.042762           -0.000000           -0.029322           15.907297           -0.000000          -23.198564       109972.109233
            6.770000            0.000017            0.000000            0.000013           -0.006844            0.000000            0.009372          -44.425793           -0.041872           -0.000000           -0.030579           16.589319           -0.000000          -22.715853       107683.831938
            6.790000            0.000017            0.000000            0.000013           -0.007119            0.000000            0.009164          -43.442546           -0.040945           -0.000000           -0.031809           17.256702           -0.000000          -22.213098       105300.535125
            6.810000            0.000016            0.000000            0.000014           -0.007388            0.000000            0.008949          -42.420965           -0.039982           -0.000000           -0.033011           17.908858           -0.000000          -21.690742       102824.321798
            6.830000            0.000016            0.000000            0.000014           -0.007651            0.000000            0.008725          -41.361952           -0.038984           -0.000000           -0.034184           18.545212           -0.000000          -21.149246       100257.376953
            6.850000            0.000016            0.000000            0.000015           -0.007907            0.000000            0.008494          -40.266442           -0.037952           -0.000000           -0.035327           19.165201           -0.000000          -20.589088        97601.965645
            6.870000            0.000015            0.000000            0.000015           -0.008156            0.000000            0.008256          -39.135401           -0.036886           -0.000000           -0.036439           19.768279           -0.000000          -20.010763        94860.430992
            6.890000            0.000015            0.000000            0.000015           -0.008397            0.000000            0.008010          -37.969826           -0.035787           -0.000000           -0.037518           20.353913           -0.000000          -19.414780        92035.192107
            6.910000            0.000014            0.000000            0.000016           -0.008631            0.000000            0.007757          -36.770748           -0.034657           -0.000000           -0.038564           20.921588           -0.000000          -18.801666        89128.741961
            6.930000            0.000014            0.000000            0.000016           -0.008858            0.000000            0.007497          -35.539223           -0.033496           -0.000000           -0.039577           21.470801           -0.000000          -18.171961        86143.645188
            6.950000            0.000013            0.000000            0.000017           -0.009077            0.000000            0.007231          -34.276339           -0.032306           -0.000000           -0.040554           22.001069           -0.000000          -17.526222        83082.535819
            6.970000            0.000013            0.000000            0.000017           -0.009287            0.000000            0.006958          -32.983210           -0.031087           -0.000000           -0.041496           22.511923           -0.000000          -16.865017        79948.114955
            6.990000            0.000012            0.000000            0.000017           -0.009490            0.000000            0.006679          -31.660976           -0.029841           -0.000000           -0.042401           23.002913           -0.000000          -16.188931        76743.148391
            7.010000            0.000012            0.000000            0.000018           -0.009684            0.000000            0.006394          -30.310805           -0.028568           -0.000000           -0.043269           23.473605           -0.000000          -15.498560        73470.464167
            7.030000            0.000011            0.000000            0.000018           -0.009870            0.000000            0.006104          -28.933888           -0.027271           -0.000000           -0.044098           23.923584           -0.000000          -14.794513        70132.950080
            7.050000            0.000011            0.000000            0.000019           -0.010047            0.000000            0.005808          -27.531440           -0.025949           -0.000000           -0.044889           24.352453           -0.000000          -14.077411        66733.551130
            7.070000            0.000010            0.000000            0.000019           -0.010215            0.000000            0.005507          -26.104698           -0.024604           -0.000000           -0.045639           24.759834           -0.000000          -13.347888        63275.266924
            7.090000            0.000010            0.000000            0.000019           -0.010374            0.000000            0.005201          -24.654922           -0.023238           -0.000000           -0.046350           25.145367           -0.000000          -12.606586        59761.149031
            7.110000            0.000009            0.000000            0.000019           -0.010524            0.000000            0.004891          -23.183390           -0.021851           -0.000000           -0.047020           25.508711           -0.000000          -11.854161        56194.298286
            7.130000            0.000008            0.000000            0.000020           -0.010664            0.000000            0.004576          -21.691401           -0.020444           -0.000000           -0.047648           25.849547           -0.000000          -11.091275        52577.862054
            7.150000            0.000008            0.000000            0.000020           -0.010796            0.000000            0.004257          -20.180272           -0.019020           -0.000000           -0.048234           26.167574           -0.000000          -10.318603        48915.031456
            7.170000            0.000007            0.000000            0.000020           -0.010917            0.000000            0.003934          -18.651337           -0.017579           -0.000000           -0.048778           26.462510           -0.000000           -9.536825        45209.038549
            7.190000            0.000007            0.000000            0.000020           -0.011029            0.000000            0.003608          -17.105943           -0.016123           -0.000000           -0.049279           26.734096           -0.000000           -8.746633        41463.153479
            7.210000            0.000006            0.000000            0.000021           -0.011132            0.000000            0.003279          -15.545455           -0.014652           -0.000000           -0.049736           26.982092           -0.000000           -7.948722        37680.681589
            7.230000            0.000005            0.000000            0.000021           -0.011224            0.000000            0.002947          -13.971250           -0.013168           -0.000000           -0.050149           27.206279           -0.000000           -7.143797        33864.960509
            7.250000            0.000005            0.000000            0.000021           -0.011307            0.000000            0.002613          -12.384717           -0.011673           -0.000000           -0.050518           27.406460           -0.000000           -6.332569        30019.357206
            7.270000            0.000004            0.000000            0.000021           -0.011379            0.000000            0.002276          -10.787255           -0.010167           -0.000000           -0.050842           27.582457           -0.000000           -5.515753        26147.265015
            7.290000            0.000004            0.000000            0.000021           -0.011442            0.000000            0.001937           -9.180275           -0.008653           -0.000000           -0.051122           27.734116           -0.000000           -4.694070        22252.100647
            7.310000            0.000003            0.000000            0.000021           -0.011494            0.000000            0.001596           -7.565195           -0.007130           -0.000000           -0.051356           27.861302           -0.000000           -3.868245        18337.301169
            7.330000            0.000002            0.000000            0.000021           -0.011537            0.000000            0.001254           -5.943439           -0.005602           -0.000000           -0.051545           27.963904           -0.000000           -3.039007        14406.320974
            7.350000            0.000002            0.000000            0.000021           -0.011569            0.000000            0.000911           -4.316438           -0.004068           -0.000000           -0.051689           28.041830           -0.000000           -2.207087        10462.628735
            7.370000            0.000001            0.000000            0.000021           -0.011591            0.000000            0.000567           -2.685629           -0.002531           -0.000000           -0.051787           28.095013           -0.000000           -1.373219         6509.704339
            7.390000            0.000000            0.000000            0.000021           -0.011603            0.000000            0.000222           -1.052449           -0.000992           -0.000000           -0.051839           28.123405           -0.000000           -0.538140         2551.035823
            7.410000           -0.000000            0.000000            0.000021           -0.011604           -0.000000           -0.000123            0.581658            0.000548           -0.000000           -0.051846           28.126980            0.000000            0.297414        -1409.883712
            7.430000           -0.000001            0.000000            0.000021           -0.011595           -0.000000           -0.000467            2.215253            0.002088           -0.000000           -0.051807           28.105737            0.000000            1.132706        -5369.559173
            7.450000           -0.000001            0.000000            0.000021           -0.011576           -0.000000           -0.000812            3.846893            0.003626           -0.000000           -0.051722           28.059694            0.000000            1.966998        -9324.496571
            7.470000           -0.000002            0.000000            0.000021           -0.011547           -0.000000           -0.001155            5.475138            0.005160           -0.000000           -0.051592           27.988890            0.000000            2.799555       -13271.206093
            7.490000           -0.000003            0.000000            0.000021           -0.011508           -0.000000           -0.001497            7.098552            0.006690           -0.000000           -0.051415           27.893390            0.000000            3.629641       -17206.205188
            7.510000           -0.000003            0.000000            0.000021           -0.011458           -0.000000           -0.001839            8.715703            0.008215           -0.000000           -0.051194           27.773276            0.000000            4.456524       -21126.021639
            7.530000           -0.000004            0.000000            0.000021           -0.011398           -0.000000           -0.002178           10.325162            0.009732           -0.000000           -0.050928           27.628656            0.000000            5.279475       -25027.196624
            7.550000           -0.000005            0.000000            0.000021           -0.011329           -0.000000           -0.002516           11.925511            0.011240           -0.000000           -0.050616           27.459656            0.000000            6.097768       -28906.287773
            7.570000           -0.000005            0.000000            0.000021           -0.011249           -0.000000           -0.002851           13.515337            0.012738           -0.000000           -0.050260           27.266426            0.000000            6.910680       -32759.872199
            7.590000           -0.000006            0.000000            0.000021           -0.011159           -0.000000           -0.003184           15.093237            0.014226           -0.000000           -0.049859           27.049136            0.000000            7.717493       -36584.549526
            7.610000           -0.000006            0.000000            0.000020           -0.011060           -0.000000           -0.003514           16.657819            0.015700           -0.000000           -0.049415           26.807979            0.000000            8.517497       -40376.944882
            7.630000           -0.000007            0.000000            0.000020           -0.010951           -0.000000           -0.003841           18.207702            0.017161           -0.000000           -0.048927           26.543166            0.000000            9.309986       -44133.711882
            7.650000           -0.000008            0.000000            0.000020           -0.010832           -0.000000           -0.004164           19.741519            0.018607           -0.000000           -0.048395           26.254931            0.000000           10.094259       -47851.535580
            7.670000           -0.000008            0.000000            0.000020           -0.010703           -0.000000           -0.004484           21.257916            0.020036           -0.000000           -0.047821           25.943530            0.000000           10.869625       -51527.135391
            7.690000           -0.000009            0.000000            0.000019           -0.010565           -0.000000           -0.004800           22.755555            0.021447           -0.000000           -0.047205           25.609236            0.000000           11.635400       -55157.267990
            7.710000           -0.000009            0.000000            0.000019           -0.010418           -0.000000           -0.005112           24.233115            0.022840           -0.000000           -0.046547           25.252344            0.000000           12.390907       -58738.730172
            7.730000           -0.000010            0.000000            0.000019           -0.010262           -0.000000           -0.005419           25.689292            0.024212           -0.000000           -0.045848           24.873171            0.000000           13.135481       -62268.361677
            7.750000           -0.000011            0.000000            0.000019           -0.010096           -0.000000           -0.005722           27.122800            0.025564           -0.000000           -0.045109           24.472049            0.000000           13.868465       -65743.047981
            7.770000           -0.000011            0.000000            0.000018           -0.009922           -0.000000           -0.006019           28.532376            0.026892           -0.000000           -0.044330           24.049333            0.000000           14.589211       -69159.723044
            7.800000           -0.000012            0.000000            0.000018           -0.009644           -0.000000           -0.006455           30.599150            0.028840           -0.000000           -0.043088           23.375592            0.000000           15.645996       -74169.384223
            7.820000           -0.000012            0.000000            0.000017           -0.009448           -0.000000           -0.006738           31.943500            0.030107           -0.000000           -0.042212           22.900563            0.000000           16.333391       -77427.959715
            7.840000           -0.000013            0.000000            0.000017           -0.009243           -0.000000           -0.007016           33.259664            0.031348           -0.000000           -0.041299           22.405328            0.000000           17.006374       -80618.213274
            7.860000           -0.000013            0.000000            0.000017           -0.009031           -0.000000           -0.007288           34.546480            0.032560           -0.000000           -0.040350           21.890323            0.000000           17.664350       -83737.329842
            7.880000           -0.000014            0.000000            0.000016           -0.008811           -0.000000           -0.007553           35.802812            0.033745           -0.000000           -0.039365           21.356001            0.000000           18.306739       -86782.557130
            7.900000           -0.000014            0.000000            0.000016           -0.008582           -0.000000           -0.007811           37.027551            0.034899           -0.000000           -0.038346           20.802835            0.000000           18.932975       -89751.208049
            7.920000           -0.000015            0.000000            0.000015           -0.008347           -0.000000           -0.008062           38.219618            0.036022           -0.000000           -0.037292           20.231313            0.000000           19.542504       -92640.663081
            7.940000           -0.000015            0.000000            0.000015           -0.008103           -0.000000           -0.008307           39.377960            0.037114           -0.000000           -0.036206           19.641939            0.000000           20.134789       -95448.372589
            7.960000           -0.000016            0.000000            0.000014           -0.007853           -0.000000           -0.008544           40.501556            0.038173           -0.000000           -0.035087           19.035233            0.000000           20.709307       -98171.859069
            7.980000           -0.000016            0.000000            0.000014           -0.007596           -0.000000           -0.008773           41.589413            0.039198           -0.000000           -0.033938           18.411730            0.000000           21.265552      -100808.719334
            8.000000           -0.000017            0.000000            0.000014           -0.007332           -0.000000           -0.008995           42.640571            0.040189           -0.000000           -0.032759           17.771981            0.000000           21.803031      -103356.626635
            8.020000           -0.000017            0.000000            0.000013           -0.007062           -0.000000           -0.009209           43.654104            0.041144           -0.000000           -0.031551           17.116550            0.000000           22.321272      -105813.332715
            8.040000           -0.000017            0.000000            0.000013           -0.006785           -0.000000           -0.009414           44.629117            0.042063           -0.000000           -0.030315           16.446015            0.000000           22.819817      -108176.669792
            8.060000           -0.000018            0.000000            0.000012           -0.006502           -0.000000           -0.009612           45.564750            0.042945           -0.000000           -0.029052           15.760969            0.000000           23.298226      -110444.552474
            8.080000           -0.000018            0.000000            0.000011           -0.006214           -0.000000           -0.009801           46.460176            0.043789           -0.000000           -0.027764           15.062015            0.000000           23.756077      -112614.979595
            8.100000           -0.000018            0.000000            0.000011           -0.005920           -0.000000           -0.009981           47.314606            0.044595           -0.000000           -0.026451           14.349771            0.000000           24.192965      -114686.035985
            8.120000           -0.000019            0.000000            0.000010           -0.005621           -0.000000           -0.010152           48.127286            0.045361           -0.000000           -0.025115           13.624865            0.000000           24.608506      -116655.894155
            8.140000           -0.000019            0.000000            0.000010           -0.005317           -0.000000           -0.010315           48.897499            0.046086           -0.000000           -0.023756           12.887936            0.000000           25.002332      -118522.815917
            8.160000           -0.000019            0.000000            0.000009           -0.005008           -0.000000           -0.010468           49.624566            0.046772           -0.000000           -0.022377           12.139634            0.000000           25.374096      -120285.153911
            8.180000           -0.000020            0.000000            0.000009           -0.004695           -0.000000           -0.010612           50.307843            0.047416           -0.000000           -0.020978           11.380621            0.000000           25.723471      -121941.353060
            8.200000           -0.000020            0.000000            0.000008           -0.004378           -0.000000           -0.010747           50.946730            0.048018           -0.000000           -0.019560           10.611566            0.000000           26.050147      -123489.951946
            8.220000           -0.000020            0.000000            0.000007           -0.004057           -0.000000           -0.010872           51.540661            0.048578           -0.000000           -0.018125            9.833147            0.000000           26.353837      -124929.584095
            8.230000           -0.000020            0.000000            0.000007           -0.003895           -0.000000           -0.010932           51.820603            0.048841           -0.000000           -0.017402            9.440641            0.000000           26.496977      -125608.136880
            8.250000           -0.000020            0.000000            0.000007           -0.003568           -0.000000           -0.011042           52.346132            0.049337           -0.000000           -0.015943            8.649467            0.000000           26.765691      -126881.967425
            8.270000           -0.000021            0.000000            0.000006           -0.003239           -0.000000           -0.011144           52.825470            0.049789           -0.000000           -0.014471            7.850660            0.000000           27.010787      -128043.838141
            8.290000           -0.000021            0.000000            0.000005           -0.002906           -0.000000           -0.011235           53.258196            0.050196           -0.000000           -0.012986            7.044927            0.000000           27.232049      -129092.723799
            8.310000           -0.000021            0.000000            0.000005           -0.002571           -0.000000           -0.011316           53.643927            0.050560           -0.000000           -0.011489            6.232977            0.000000           27.429282      -130027.698871
            8.330000           -0.000021            0.000000            0.000004           -0.002234           -0.000000           -0.011388           53.982323            0.050879           -0.000000           -0.009982            5.415527            0.000000           27.602311      -130847.938339
            8.350000           -0.000021            0.000000            0.000003           -0.001895           -0.000000           -0.011449           54.273086            0.051153           -0.000000           -0.008467            4.593298            0.000000           27.750984      -131552.718431
            8.370000           -0.000021            0.000000            0.000003           -0.001554           -0.000000           -0.011500           54.515958            0.051382           -0.000000           -0.006944            3.767017            0.000000           27.875169      -132141.417252
            8.390000           -0.000021            0.000000            0.000002           -0.001212           -0.000000           -0.011541           54.710726            0.051565           -0.000000           -0.005414            2.937411            0.000000           27.974758      -132613.515339
            8.410000           -0.000021            0.000000            0.000002           -0.000869           -0.000000           -0.011572           54.857217            0.051704           -0.000000           -0.003881            2.105214            0.000000           28.049662      -132968.596115
            8.430000           -0.000021            0.000000            0.000001           -0.000524           -0.000000           -0.011593           54.955303            0.051796           -0.000000           -0.002343            1.271158            0.000000           28.099816      -133206.346259
            8.450000           -0.000021            0.000000            0.000000           -0.000180           -0.000000           -0.011603           55.004896            0.051843           -0.000000           -0.000804            0.435981            0.000000           28.125174      -133326.555983
            8.470000           -0.000021           -0.000000           -0.000000            0.000165           -0.000000           -0.011603           55.005954            0.051844            0.000000            0.000737           -0.399580            0.000000           28.125715      -133329.119213
            8.490000           -0.000021           -0.000000           -0.000001            0.000509           -0.000000           -0.011593           54.958474            0.051799            0.000000            0.002276           -1.234789            0.000000           28.101437      -133214.033689
            8.510000           -0.000021           -0.000000           -0.000002            0.000854           -0.000000           -0.011573           54.862500            0.051709            0.000000            0.003814           -2.068909            0.000000           28.052364      -132981.400960
            8.530000           -0.000021           -0.000000           -0.000002            0.001197           -0.000000           -0.011543           54.718115            0.051572            0.000000            0.005348           -2.901202            0.000000           27.978537      -132631.426300
            8.550000           -0.000021           -0.000000           -0.000003            0.001539           -0.000000           -0.011502           54.525448            0.051391            0.000000            0.006877           -3.730936            0.000000           27.880022      -132164.418526
            8.570000           -0.000021           -0.000000           -0.000003            0.001880           -0.000000           -0.011451           54.284667            0.051164            0.000000            0.008401           -4.557378            0.000000           27.756905      -131580.789720
            8.590000           -0.000021           -0.000000           -0.000004            0.002219           -0.000000           -0.011390           53.995986            0.050892            0.000000            0.009917           -5.379798            0.000000           27.609297      -130881.054875
            8.610000           -0.000021           -0.000000           -0.000005            0.002557           -0.000000           -0.011319           53.659659            0.050575            0.000000            0.011424           -6.197471            0.000000           27.437326      -130065.831431
            8.630000           -0.000021           -0.000000           -0.000005            0.002892           -0.000000           -0.011239           53.275984            0.050213            0.000000            0.012921           -7.009676            0.000000           27.241144      -129135.838735
            8.650000           -0.000021           -0.000000           -0.000006            0.003224           -0.000000           -0.011148           52.845298            0.049807            0.000000            0.014407           -7.815695            0.000000           27.020925      -128091.897409
            8.670000           -0.000020           -0.000000           -0.000007            0.003554           -0.000000           -0.011047           52.367981            0.049357            0.000000            0.015880           -8.614818            0.000000           26.776863      -126934.928618
            8.690000           -0.000020           -0.000000           -0.000007            0.003881           -0.000000           -0.010937           51.844456            0.048864            0.000000            0.017339           -9.406339            0.000000           26.509173      -125665.953265
            8.710000           -0.000020           -0.000000           -0.000008            0.004204           -0.000000           -0.010816           51.275183            0.048327            0.000000            0.018782          -10.189560            0.000000           26.218092      -124286.091086
            8.730000           -0.000020           -0.000000           -0.000008            0.004523           -0.000000           -0.010687           50.660665            0.047748            0.000000            0.020209          -10.963790            0.000000           25.903876      -122796.559661
            8.750000           -0.000019           -0.000000           -0.000009            0.004839           -0.000000           -0.010548           50.001445            0.047127            0.000000            0.021619          -11.728345            0.000000           25.566803      -121198.673343
            8.770000           -0.000019           -0.000000           -0.000009            0.005150           -0.000000           -0.010399           49.298104            0.046464            0.000000            0.023009          -12.482552            0.000000           25.207169      -119493.842098
            8.790000           -0.000019           -0.000000           -0.000010            0.005456           -0.000000           -0.010242           48.551262            0.045760            0.000000            0.024379          -13.225743            0.000000           24.825293      -117683.570257
            8.810000           -0.000019           -0.000000           -0.000011            0.005758           -0.000000           -0.010075           47.761579            0.045016            0.000000            0.025727          -13.957265            0.000000           24.421512      -115769.455193
            8.830000           -0.000018           -0.000000           -0.000011            0.006055           -0.000000           -0.009900           46.929752            0.044232            0.000000            0.027053          -14.676471            0.000000           23.996181      -113753.185908
            8.850000           -0.000018           -0.000000           -0.000012            0.006346           -0.000000           -0.009716           46.056514            0.043409            0.000000            0.028355          -15.382726            0.000000           23.549676      -111636.541546
            8.870000           -0.000018           -0.000000           -0.000012            0.006632           -0.000000           -0.009523           45.142636            0.042547            0.000000            0.029632          -16.075408            0.000000           23.082390      -109421.389819
            8.890000           -0.000017           -0.000000           -0.000013            0.006912           -0.000000           -0.009322           44.188925            0.041649            0.000000            0.030882          -16.753905            0.000000           22.594737      -107109.685364
            8.910000           -0.000017           -0.000000           -0.000013            0.007186           -0.000000           -0.009112           43.196221            0.040713            0.000000            0.032106          -17.417618            0.000000           22.087147      -104703.468013
            8.930000           -0.000016           -0.000000           -0.000014            0.007453           -0.000000           -0.008895           42.165402            0.039741            0.000000            0.033301          -18.065962            0.000000           21.560067      -102204.860996
            8.950000           -0.000016           -0.000000           -0.000014            0.007714           -0.000000           -0.008669           41.097376            0.038735            0.000000            0.034466          -18.698365            0.000000           21.013963       -99616.069070
            8.970000           -0.000016           -0.000000           -0.000015            0.007968           -0.000000           -0.008437           39.993085            0.037694            0.000000            0.035602          -19.314269            0.000000           20.449316       -96939.376567
            8.990000           -0.000015           -0.000000           -0.000015            0.008215           -0.000000           -0.008196           38.853506            0.036620            0.000000            0.036706          -19.913129            0.000000           19.866624       -94177.145383
            9.010000           -0.000015           -0.000000           -0.000016            0.008455           -0.000000           -0.007949           37.679642            0.035513            0.000000            0.037777          -20.494419            0.000000           19.266403       -91331.812893
            9.030000           -0.000014           -0.000000           -0.000016            0.008687           -0.000000           -0.007694           36.472530            0.034376            0.000000            0.038815          -21.057624            0.000000           18.649181       -88405.889801
            9.050000           -0.000014           -0.000000           -0.000016            0.008912           -0.000000           -0.007432           35.233235            0.033208            0.000000            0.039819          -21.602249            0.000000           18.015503       -85401.957922
            9.070000           -0.000013           -0.000000           -0.000017            0.009129           -0.000000           -0.007164           33.962850            0.032010            0.000000            0.040788          -22.127811            0.000000           17.365928       -82322.667905
            9.090000           -0.000013           -0.000000           -0.000017            0.009338           -0.000000           -0.006890           32.662497            0.030785            0.000000            0.041721          -22.633849            0.000000           16.701029       -79170.736898
            9.110000           -0.000012           -0.000000           -0.000018            0.009538           -0.000000           -0.006610           31.333322            0.029532            0.000000            0.042617          -23.119914            0.000000           16.021394       -75948.946143
            9.130000           -0.000012           -0.000000           -0.000018            0.009730           -0.000000           -0.006324           29.976499            0.028253            0.000000            0.043475          -23.585578            0.000000           15.327622       -72660.138527
            9.150000           -0.000011           -0.000000           -0.000018            0.009914           -0.000000           -0.006032           28.593225            0.026949            0.000000            0.044295          -24.030431            0.000000           14.620324       -69307.216074
            9.170000           -0.000011           -0.000000           -0.000019            0.010089           -0.000000           -0.005735           27.184721            0.025622            0.000000            0.045076          -24.454079            0.000000           13.900126       -65893.137380
            9.190000           -0.000010           -0.000000           -0.000019            0.010255           -0.000000           -0.005432           25.752229            0.024272            0.000000            0.045817          -24.856149            0.000000           13.167662       -62420.915007
            9.210000           -0.000009           -0.000000           -0.000019            0.010411           -0.000000           -0.005125           24.297013            0.022900            0.000000            0.046518          -25.236286            0.000000           12.423580       -58893.612821
            9.230000           -0.000009           -0.000000           -0.000019            0.010559           -0.000000           -0.004814           22.820358            0.021508            0.000000            0.047177          -25.594155            0.000000           11.668535       -55314.343291
            9.250000           -0.000008           -0.000000           -0.000020            0.010697           -0.000000           -0.004498           21.323566            0.020098            0.000000            0.047795          -25.929440            0.000000           10.903193       -51686.264741
            9.270000           -0.000008           -0.000000           -0.000020            0.010826           -0.000000           -0.004178           19.807959            0.018669            0.000000            0.048371          -26.241845            0.000000           10.128231       -48012.578565
            9.290000           -0.000007           -0.000000           -0.000020            0.010946           -0.000000           -0.003855           18.274873            0.017224            0.000000            0.048904          -26.531094            0.000000            9.344331       -44296.526398
            9.310000           -0.000007           -0.000000           -0.000020            0.011055           -0.000000           -0.003528           16.725661            0.015764            0.000000            0.049394          -26.796933            0.000000            8.552186       -40541.387263
            9.330000           -0.000006           -0.000000           -0.000021            0.011155           -0.000000           -0.003198           15.161691            0.014290            0.000000            0.049841          -27.039125            0.000000            7.752495       -36750.474669
            9.350000           -0.000005           -0.000000           -0.000021            0.011245           -0.000000           -0.002866           13.584342            0.012803            0.000000            0.050243          -27.257459            0.000000            6.945963       -32927.133693
            9.370000           -0.000005           -0.000000           -0.000021            0.011325           -0.000000           -0.002530           11.995007            0.011305            0.000000            0.050601          -27.451741            0.000000            6.133302       -29074.738026
            9.390000           -0.000004           -0.000000           -0.000021            0.011396           -0.000000           -0.002193           10.395087            0.009797            0.000000            0.050915          -27.621800            0.000000            5.315229       -25196.686999
            9.410000           -0.000003           -0.000000           -0.000021            0.011456           -0.000000           -0.001853            8.785995            0.008281            0.000000            0.051183          -27.767485            0.000000            4.492466       -21296.402577
            9.430000           -0.000003           -0.000000           -0.000021            0.011506           -0.000000           -0.001512            7.169150            0.006757            0.000000            0.051407          -27.888669            0.000000            3.665739       -17377.326347
            9.450000           -0.000002           -0.000000           -0.000021            0.011546           -0.000000           -0.001170            5.545979            0.005227            0.000000            0.051585          -27.985244            0.000000            2.835777       -13442.916476
            9.470000           -0.000002           -0.000000           -0.000021            0.011575           -0.000000           -0.000826            3.917914            0.003693            0.000000            0.051717          -28.057124            0.000000            2.003313        -9496.644662
            9.490000           -0.000001           -0.000000           -0.000021            0.011595           -0.000000           -0.000482            2.286392            0.002155            0.000000            0.051804          -28.104248            0.000000            1.169081        -5541.993070
            9.510000           -0.000000           -0.000000           -0.000021            0.011604           -0.000000           -0.000138            0.652852            0.000615            0.000000            0.051845          -28.126572            0.000000            0.333817        -1582.451260
            9.530000            0.000000           -0.000000           -0.000021            0.011603            0.000000            0.000207           -0.981263           -0.000925            0.000000            0.051841          -28.124078           -0.000000           -0.501741         2378.486896
            9.550000            0.000001           -0.000000           -0.000021            0.011592            0.000000            0.000552           -2.614513           -0.002464            0.000000            0.051790          -28.096767           -0.000000           -1.336856         6337.326290
            9.570000            0.000002           -0.000000           -0.000021            0.011570            0.000000            0.000896           -4.245455           -0.004001            0.000000            0.051694          -28.044663           -0.000000           -2.170792        10290.573668
            9.590000            0.000002           -0.000000           -0.000021            0.011538            0.000000            0.001239           -5.872652           -0.005535            0.000000            0.051553          -27.967814           -0.000000           -3.002812        14234.740710
            9.610000            0.000003           -0.000000           -0.000021            0.011496            0.000000            0.001581           -7.494666           -0.007064            0.000000            0.051366          -27.866285           -0.000000           -3.832182        18166.347109
            9.630000            0.000004           -0.000000           -0.000021            0.011444            0.000000            0.001922           -9.110067           -0.008586            0.000000            0.051133          -27.740168           -0.000000           -4.658171        22081.923640
            9.650000            0.000004           -0.000000           -0.000021            0.011382            0.000000            0.002261          -10.717430           -0.010101            0.000000            0.050855          -27.589573           -0.000000           -5.480050        25978.015224
            9.670000            0.000005           -0.000000           -0.000021            0.011310            0.000000            0.002598          -12.315336           -0.011607            0.000000            0.050533          -27.414633           -0.000000           -6.297093        29851.183975
            9.690000            0.000005           -0.000000           -0.000021            0.011228            0.000000            0.002933          -13.902374           -0.013103            0.000000            0.050166          -27.215503           -0.000000           -7.108580        33698.012234
            9.710000            0.000006           -0.000000           -0.000021            0.011136            0.000000            0.003265          -15.477145           -0.014587            0.000000            0.049755          -26.992357           -0.000000           -7.913794        37515.105585
            9.730000            0.000007           -0.000000           -0.000020            0.011034            0.000000            0.003594          -17.038260           -0.016059            0.000000            0.049299          -26.745394           -0.000000           -8.712025        41299.095848
            9.750000            0.000007           -0.000000           -0.000020            0.010922            0.000000            0.003920          -18.584340           -0.017516            0.000000            0.048801          -26.474831           -0.000000           -9.502568        45046.644055
            9.770000            0.000008           -0.000000           -0.000020            0.010801            0.000000            0.004243          -20.114021           -0.018958            0.000000            0.048259          -26.180907           -0.000000          -10.284727        48754.443394
            9.790000            0.000008           -0.000000           -0.000020            0.010670            0.000000            0.004562          -21.625953           -0.020383            0.000000            0.047675          -25.863881           -0.000000          -11.057810        52419.222126
            9.810000            0.000009           -0.000000           -0.000019            0.010530            0.000000            0.004877          -23.118803           -0.021790            0.000000            0.047048          -25.524032           -0.000000          -11.821136        56037.746475
            9.830000            0.000010           -0.000000           -0.000019            0.010381            0.000000            0.005188          -24.591254           -0.023178            0.000000            0.046380          -25.161662           -0.000000          -12.574031        59606.823478
            9.850000            0.000010           -0.000000           -0.000019            0.010222            0.000000            0.005494          -26.042005           -0.024545            0.000000            0.045671          -24.777089           -0.000000          -13.315831        63123.303805
            9.870000            0.000011           -0.000000           -0.000019            0.010054            0.000000            0.005795          -27.469776           -0.025891            0.000000            0.044922          -24.370653           -0.000000          -14.045881        66584.084535
            9.890000            0.000011           -0.000000           -0.000018            0.009878            0.000000            0.006091          -28.873309           -0.027213            0.000000            0.044133          -23.942712           -0.000000          -14.763537        69986.111898
            9.910000            0.000012           -0.000000           -0.000018            0.009692            0.000000            0.006382          -30.251364           -0.028512            0.000000            0.043305          -23.493644           -0.000000          -15.468166        73326.383967
            9.930000            0.000012           -0.000000           -0.000018            0.009499            0.000000            0.006667          -31.602725           -0.029786            0.000000            0.042440          -23.023846           -0.000000          -16.159146        76601.953309
            9.950000            0.000013           -0.000000           -0.000017            0.009296            0.000000            0.006946          -32.926200           -0.031033            0.000000            0.041536          -22.533732           -0.000000          -16.835867        79809.929580
            9.970000            0.000013           -0.000000           -0.000017            0.009086            0.000000            0.007219          -34.220622           -0.032253            0.000000            0.040596          -22.023734           -0.000000          -17.497732        82947.482085
            9.990000            0.000014           -0.000000           -0.000016            0.008868            0.000000            0.007486          -35.484847           -0.033445            0.000000            0.039620          -21.494302           -0.000000          -18.144157        86011.842266
           10.010000            0.000014           -0.000000           -0.000016            0.008641            0.000000            0.007746          -36.717761           -0.034607            0.000000            0.038609          -20.945904           -0.000000          -18.774572        89000.306152
           10.030000            0.000015           -0.000000           -0.000015            0.008408            0.000000            0.007999          -37.918275           -0.035738            0.000000            0.037564          -20.379024           -0.000000          -19.388421        91910.236742
           10.050000            0.000015           -0.000000           -0.000015            0.008166            0.000000            0.008245          -39.085331           -0.036838            0.000000            0.036486          -19.794161           -0.000000          -19.985161        94739.066332
           10.070000            0.000016           -0.000000           -0.000015            0.007918            0.000000            0.008484          -40.217897           -0.037906            0.000000            0.035376          -19.191832           -0.000000          -20.564267        97484.298781
           10.090000            0.000016           -0.000000           -0.000014            0.007662            0.000000            0.008715          -41.314976           -0.038940            0.000000            0.034235          -18.572568           -0.000000          -21.125226       100143.511713
           10.110000            0.000016           -0.000000           -0.000014            0.007400            0.000000            0.008939          -42.375599           -0.039939            0.000000            0.033063          -17.936916           -0.000000          -21.667545       102714.358656
           10.130000            0.000017           -0.000000           -0.000013            0.007131            0.000000            0.009155          -43.398830           -0.040904            0.000000            0.031862          -17.285437           -0.000000          -22.190745       105194.571112
           10.150000            0.000017           -0.000000           -0.000013            0.006856            0.000000            0.009363          -44.383765           -0.041832            0.000000            0.030633          -16.618705           -0.000000          -22.694364       107581.960556
           10.170000            0.000018           -0.000000           -0.000012            0.006575            0.000000            0.009562          -45.329537           -0.042724            0.000000            0.029377          -15.937308           -0.000000          -23.177957       109874.420372
           10.190000            0.000018           -0.000000           -0.000012            0.006288            0.000000            0.009753          -46.235311           -0.043577            0.000000            0.028095          -15.241849           -0.000000          -23.641098       112069.927709
           10.210000            0.000018           -0.000000           -0.000011            0.005996            0.000000            0.009936          -47.100286           -0.044393            0.000000            0.026788          -14.532940           -0.000000          -24.083379       114166.545264
           10.230000            0.000019           -0.000000           -0.000011            0.005698            0.000000            0.010109          -47.923701           -0.045169            0.000000            0.025458          -13.811208           -0.000000          -24.504408       116162.422995
           10.250000            0.000019           -0.000000           -0.000010            0.005395            0.000000            0.010274          -48.704828           -0.045905            0.000000            0.024105          -13.077289           -0.000000          -24.903815       118055.799754
           10.270000            0.000019           -0.000000           -0.000009            0.005088            0.000000            0.010430          -49.442979           -0.046601            0.000000            0.022731          -12.331830           -0.000000          -25.281247       119845.004836
           10.290000            0.000019           -0.000000           -0.000009            0.004776            0.000000            0.010576          -50.137501           -0.047255            0.000000            0.021337          -11.575490           -0.000000          -25.636371       121528.459459
           10.310000            0.000020           -0.000000           -0.000008            0.004459            0.000000            0.010714          -50.787782           -0.047868            0.000000            0.019924          -10.808936           -0.000000          -25.968874       123104.678153
           10.330000            0.000020           -0.000000           -0.000008            0.004139            0.000000            0.010841          -51.393248           -0.048439            0.000000            0.018493          -10.032844           -0.000000          -26.278461       124572.270073
           10.350000            0.000020           -0.000000           -0.000007            0.003815            0.000000            0.010960          -51.953366           -0.048967            0.000000            0.017047           -9.247899           -0.000000          -26.564861       125929.940225
           10.370000            0.000020           -0.000000           -0.000006            0.003488            0.000000            0.011068          -52.467639           -0.049451            0.000000            0.015585           -8.454793           -0.000000          -26.827820       127176.490610
           10.390000            0.000021           -0.000000           -0.000006            0.003158            0.000000            0.011167          -52.935616           -0.049892            0.000000            0.014109           -7.654228           -0.000000          -27.067107       128310.821280
           10.410000            0.000021           -0.000000           -0.000005            0.002825            0.000000            0.011256          -53.356883           -0.050289            0.000000            0.012621           -6.846908           -0.000000          -27.282510       129331.931309
           10.430000            0.000021           -0.000000           -0.000005            0.002489            0.000000            0.011335          -53.731068           -0.050642            0.000000            0.011122           -6.033547           -0.000000          -27.473838       130238.919675
           10.450000            0.000021           -0.000000           -0.000004            0.002151            0.000000            0.011403          -54.057841           -0.050950            0.000000            0.009612           -5.214861           -0.000000          -27.640924       131030.986059
           10.470000            0.000021           -0.000000           -0.000003            0.001812            0.000000            0.011462          -54.336914           -0.051213            0.000000            0.008095           -4.391574           -0.000000          -27.783620       131707.431546
           10.490000            0.000021           -0.000000           -0.000003            0.001471            0.000000            0.011511          -54.568040           -0.051431            0.000000            0.006570           -3.564412           -0.000000          -27.901800       132267.659244
           10.510000            0.000021           -0.000000           -0.000002            0.001128            0.000000            0.011550          -54.751016           -0.051603            0.000000            0.005040           -2.734105           -0.000000          -27.995359       132711.174813
           10.530000            0.000021           -0.000000           -0.000001            0.000784            0.000000            0.011578          -54.885680           -0.051730            0.000000            0.003505           -1.901385           -0.000000          -28.064216       133037.586897
           10.550000            0.000021           -0.000000           -0.000001            0.000440            0.000000            0.011596          -54.971913           -0.051812            0.000000            0.001967           -1.066988           -0.000000          -28.108309       133246.607473
           10.570000            0.000021           -0.000000           -0.000000            0.000096            0.000000            0.011604          -55.009639           -0.051847            0.000000            0.000427           -0.231649           -0.000000          -28.127599       133338.052101
           10.590000            0.000021            0.000000            0.000000           -0.000249            0.000000            0.011602          -54.998825           -0.051837           -0.000000           -0.001113            0.603895           -0.000000          -28.122070       133311.840092
           10.610000            0.000021            0.000000            0.000001           -0.000594            0.000000            0.011589          -54.939481           -0.051781           -0.000000           -0.002652            1.438905           -0.000000          -28.091725       133167.994575
           10.630000            0.000021            0.000000            0.000002           -0.000938            0.000000            0.011567          -54.831658           -0.051679           -0.000000           -0.004189            2.272646           -0.000000          -28.036593       132906.642479
           10.650000            0.000021            0.000000            0.000002           -0.001281            0.000000            0.011534          -54.675452           -0.051532           -0.000000           -0.005722            3.104382           -0.000000          -27.956722       132528.014418
           10.670000            0.000021            0.000000            0.000003           -0.001623            0.000000            0.011491          -54.471001           -0.051340           -0.000000           -0.007250            3.933378           -0.000000          -27.852182       132032.444492
           10.690000            0.000021            0.000000            0.000004           -0.001963            0.000000            0.011437          -54.218485           -0.051102           -0.000000           -0.008772            4.758903           -0.000000          -27.723065       131420.369989
           10.710000            0.000021            0.000000            0.000004           -0.002302            0.000000            0.011374          -53.918126           -0.050818           -0.000000           -0.010286            5.580230           -0.000000          -27.569485       130692.330998
           10.730000            0.000021            0.000000            0.000005           -0.002639            0.000000            0.011301          -53.570191           -0.050491           -0.000000           -0.011791            6.396632           -0.000000          -27.391579       129848.969938
           10.750000            0.000021            0.000000            0.000005           -0.002973            0.000000            0.011217          -53.174986           -0.050118           -0.000000           -0.013285            7.207390           -0.000000          -27.189502       128891.030983
           10.770000            0.000021            0.000000            0.000006           -0.003305            0.000000            0.011124          -52.732860           -0.049701           -0.000000           -0.014768            8.011788           -0.000000          -26.963433       127819.359415
           10.790000            0.000020            0.000000            0.000007           -0.003634            0.000000            0.011021          -52.244202           -0.049241           -0.000000           -0.016238            8.809117           -0.000000          -26.713572       126634.900868
           10.810000            0.000020            0.000000            0.000007           -0.003960            0.000000            0.010908          -51.709445           -0.048737           -0.000000           -0.017693            9.598672           -0.000000          -26.440140       125338.700501
           10.830000            0.000020            0.000000            0.000008           -0.004282            0.000000            0.010786          -51.129060           -0.048190           -0.000000           -0.019133           10.379758           -0.000000          -26.143376       123931.902073
           10.850000            0.000020            0.000000            0.000008           -0.004601            0.000000            0.010654          -50.503558           -0.047600           -0.000000           -0.020556           11.151684           -0.000000          -25.823544       122415.746934
           10.870000            0.000019            0.000000            0.000009           -0.004915            0.000000            0.010512          -49.833493           -0.046969           -0.000000           -0.021960           11.913771           -0.000000          -25.480925       120791.572929
           10.890000            0.000019            0.000000            0.000010           -0.005225            0.000000            0.010362          -49.119454           -0.046296           -0.000000           -0.023346           12.665345           -0.000000          -25.115822       119060.813219
           10.910000            0.000019            0.000000            0.000010           -0.005531            0.000000            0.010202          -48.362073           -0.045582           -0.000000           -0.024711           13.405743           -0.000000          -24.728557       117224.995016
           10.940000            0.000018            0.000000            0.000011           -0.005980            0.000000            0.009945          -47.146207           -0.044436           -0.000000           -0.026717           14.493959           -0.000000          -24.106859       114277.851595
           10.960000            0.000018            0.000000            0.000012           -0.006272            0.000000            0.009763          -46.283475           -0.043623           -0.000000           -0.028025           15.203582           -0.000000          -23.665726       112186.673532
           10.980000            0.000018            0.000000            0.000012           -0.006560            0.000000            0.009573          -45.379903           -0.042771           -0.000000           -0.029308           15.899790           -0.000000          -23.203710       109996.502672
           11.000000            0.000017            0.000000            0.000013           -0.006841            0.000000            0.009374          -44.436289           -0.041882           -0.000000           -0.030565           16.581968           -0.000000          -22.721220       107709.271606
           11.020000            0.000017            0.000000            0.000013           -0.007116            0.000000            0.009166          -43.453463           -0.040955           -0.000000           -0.031796           17.249514           -0.000000          -22.218680       105326.998575
           11.040000            0.000016            0.000000            0.000014           -0.007386            0.000000            0.008951          -42.432295           -0.039993           -0.000000           -0.032998           17.901839           -0.000000          -21.696535       102851.785679
           11.060000            0.000016            0.000000            0.000014           -0.007648            0.000000            0.008728          -41.373685           -0.038995           -0.000000           -0.034172           18.538367           -0.000000          -21.155246       100285.817030
           11.080000            0.000016            0.000000            0.000015           -0.007904            0.000000            0.008497          -40.278567           -0.037963           -0.000000           -0.035315           19.158538           -0.000000          -20.595289        97631.356824
           11.100000            0.000015            0.000000            0.000015           -0.008153            0.000000            0.008258          -39.147908           -0.036897           -0.000000           -0.036427           19.761803           -0.000000          -20.017158        94890.747337
           11.120000            0.000015            0.000000            0.000015           -0.008395            0.000000            0.008012          -37.982704           -0.035799           -0.000000           -0.037506           20.347631           -0.000000          -19.421365        92066.406867
           11.140000            0.000014            0.000000            0.000016           -0.008629            0.000000            0.007760          -36.783985           -0.034669           -0.000000           -0.038553           20.915503           -0.000000          -18.808434        89160.827594
           11.160000            0.000014            0.000000            0.000016           -0.008856            0.000000            0.007500          -35.552808           -0.033509           -0.000000           -0.039566           21.464920           -0.000000          -18.178907        86176.573381
           11.180000            0.000013            0.000000            0.000017           -0.009074            0.000000            0.007234          -34.290260           -0.032319           -0.000000           -0.040544           21.995397           -0.000000          -17.533339        83116.277516
           11.200000            0.000013            0.000000            0.000017           -0.009285            0.000000            0.006961          -32.997454           -0.031100           -0.000000           -0.041486           22.506465           -0.000000          -16.872300        79982.640383
           11.220000            0.000012            0.000000            0.000017           -0.009488            0.000000            0.006682          -31.675531           -0.029855           -0.000000           -0.042391           22.997674           -0.000000          -16.196373        76778.427085
           11.240000            0.000012            0.000000            0.000018           -0.009682            0.000000            0.006397          -30.325658           -0.028582           -0.000000           -0.043259           23.468589           -0.000000          -15.506154        73506.464997
           11.260000            0.000011            0.000000            0.000018           -0.009868            0.000000            0.006107          -28.949025           -0.027285           -0.000000           -0.044089           23.918796           -0.000000          -14.802253        70169.641279
           11.280000            0.000011            0.000000            0.000019           -0.010045            0.000000            0.005811          -27.546849           -0.025963           -0.000000           -0.044880           24.347897           -0.000000          -14.085290        66770.900322
           11.300000            0.000010            0.000000            0.000019           -0.010213            0.000000            0.005510          -26.120365           -0.024619           -0.000000           -0.045631           24.755514           -0.000000          -13.355898        63313.241153
           11.320000            0.000010            0.000000            0.000019           -0.010372            0.000000            0.005204          -24.670832           -0.023253           -0.000000           -0.046343           25.141286           -0.000000          -12.614722        59799.714788
           11.340000            0.000009            0.000000            0.000019           -0.010522            0.000000            0.004894          -23.199531           -0.021866           -0.000000           -0.047013           25.504875           -0.000000          -11.862414        56233.421541
           11.360000            0.000008            0.000000            0.000020           -0.010663            0.000000            0.004579          -21.707758           -0.020460           -0.000000           -0.047641           25.845957           -0.000000          -11.099638        52617.508285
           11.370000            0.000008            0.000000            0.000020           -0.010730            0.000000            0.004420          -20.954605           -0.019750           -0.000000           -0.047940           26.007964           -0.000000          -10.714536        50791.939601
           11.390000            0.000008            0.000000            0.000020           -0.010856            0.000000            0.004100          -19.434599           -0.018317           -0.000000           -0.048506           26.314731           -0.000000           -9.937324        47107.591731
           11.410000            0.000007            0.000000            0.000020           -0.010973            0.000000            0.003775          -17.897444           -0.016869           -0.000000           -0.049028           26.598278           -0.000000           -9.151344        43381.676426
           11.430000            0.000006            0.000000            0.000020           -0.011081            0.000000            0.003448          -16.344497           -0.015405           -0.000000           -0.049508           26.858354           -0.000000           -8.357289        39617.481409
           11.450000            0.000006            0.000000            0.000021           -0.011178            0.000000            0.003117          -14.777127           -0.013928           -0.000000           -0.049943           27.094731           -0.000000           -7.555859        35818.328182
           11.470000            0.000005            0.000000            0.000021           -0.011266            0.000000            0.002784          -13.196718           -0.012438           -0.000000           -0.050335           27.307200           -0.000000           -6.747763        31987.569093
           11.490000            0.000005            0.000000            0.000021           -0.011344            0.000000            0.002448          -11.604664           -0.010938           -0.000000           -0.050682           27.495573           -0.000000           -5.933712        28128.584380
           11.510000            0.000004            0.000000            0.000021           -0.011411            0.000000            0.002110          -10.002370           -0.009427           -0.000000           -0.050985           27.659684           -0.000000           -5.114425        24244.779185
           11.530000            0.000003            0.000000            0.000021           -0.011469            0.000000            0.001770           -8.391250           -0.007909           -0.000000           -0.051242           27.799389           -0.000000           -4.290625        20339.580554
           11.550000            0.000003            0.000000            0.000021           -0.011516            0.000000            0.001429           -6.772726           -0.006383           -0.000000           -0.051455           27.914563           -0.000000           -3.463039        16416.434408
           11.570000            0.000002            0.000000            0.000021           -0.011554            0.000000            0.001086           -5.148226           -0.004852           -0.000000           -0.051621           28.005106           -0.000000           -2.632397        12478.802505
           11.590000            0.000001            0.000000            0.000021           -0.011581            0.000000            0.000742           -3.519183           -0.003317           -0.000000           -0.051743           28.070937           -0.000000           -1.799433         8530.159388
           11.610000            0.000001            0.000000            0.000021           -0.011598            0.000000            0.000398           -1.887034           -0.001779           -0.000000           -0.051818           28.111999           -0.000000           -0.964881         4573.989314
           11.630000            0.000000            0.000000            0.000021           -0.011605            0.000000            0.000053           -0.253221           -0.000239           -0.000000           -0.051848           28.128255           -0.000000           -0.129477          613.783180
           11.650000           -0.000001            0.000000            0.000021           -0.011601           -0.000000           -0.000291            1.380816            0.001301           -0.000000           -0.051833           28.119690            0.000000            0.706041        -3346.964551
           11.670000           -0.000001            0.000000            0.000021           -0.011587           -0.000000           -0.000636            3.013634            0.002840           -0.000000           -0.051771           28.086313            0.000000            1.540935        -7304.758943
           11.690000           -0.000002            0.000000            0.000021           -0.011563           -0.000000           -0.000980            4.643794            0.004377           -0.000000           -0.051664           28.028153            0.000000            2.374471       -11256.107662
           11.710000           -0.000002            0.000000            0.000021           -0.011529           -0.000000           -0.001323            6.269855            0.005909           -0.000000           -0.051511           27.945261            0.000000            3.205911       -15197.524065
           11.730000           -0.000003            0.000000            0.000021           -0.011485           -0.000000           -0.001664            7.890385            0.007437           -0.000000           -0.051313           27.837710            0.000000            4.034522       -19125.530271
           11.750000           -0.000004            0.000000            0.000021           -0.011430           -0.000000           -0.002005            9.503951            0.008958           -0.000000           -0.051069           27.705596            0.000000            4.859573       -23036.660231
           11.770000           -0.000004            0.000000            0.000021           -0.011366           -0.000000           -0.002343           11.109132            0.010470           -0.000000           -0.050781           27.549034            0.000000            5.680336       -26927.462792
           11.790000           -0.000005            0.000000            0.000021           -0.011291           -0.000000           -0.002680           12.704510            0.011974           -0.000000           -0.050447           27.368163            0.000000            6.496086       -30794.504733
           11.810000           -0.000006            0.000000            0.000021           -0.011206           -0.000000           -0.003014           14.288677            0.013467           -0.000000           -0.050069           27.163143            0.000000            7.306105       -34634.373801
           11.830000           -0.000006            0.000000            0.000020           -0.011112           -0.000000           -0.003346           15.860237            0.014948           -0.000000           -0.049647           26.934154            0.000000            8.109676       -38443.681722
           11.850000           -0.000007            0.000000            0.000020           -0.011008           -0.000000           -0.003674           17.417801            0.016416           -0.000000           -0.049181           26.681398            0.000000            8.906092       -42219.067186
           11.870000           -0.000007            0.000000            0.000020           -0.010894           -0.000000           -0.004000           18.959996            0.017870           -0.000000           -0.048672           26.405099            0.000000            9.694649       -45957.198817
           11.890000           -0.000008            0.000000            0.000020           -0.010770           -0.000000           -0.004321           20.485461            0.019308           -0.000000           -0.048120           26.105500            0.000000           10.474652       -49654.778112
           11.910000           -0.000009            0.000000            0.000020           -0.010637           -0.000000           -0.004639           21.992849            0.020729           -0.000000           -0.047525           25.782866            0.000000           11.245412       -53308.542351
           11.930000           -0.000009            0.000000            0.000019           -0.010494           -0.000000           -0.004953           23.480831            0.022131           -0.000000           -0.046889           25.437482            0.000000           12.006249       -56915.267476
           11.950000           -0.000010            0.000000            0.000019           -0.010343           -0.000000           -0.005263           24.948094            0.023514           -0.000000           -0.046211           25.069651            0.000000           12.756491       -60471.770937
           11.970000           -0.000010            0.000000            0.000019           -0.010182           -0.000000           -0.005568           26.393343            0.024876           -0.000000           -0.045492           24.679699            0.000000           13.495478       -63974.914496
           11.990000           -0.000011            0.000000            0.000018           -0.010012           -0.000000           -0.005868           27.815303            0.026216           -0.000000           -0.044733           24.267970            0.000000           14.222556       -67421.607004
           12.010000           -0.000011            0.000000            0.000018           -0.009833           -0.000000           -0.006162           29.212718            0.027533           -0.000000           -0.043934           23.834827            0.000000           14.937084       -70808.807120
           12.030000           -0.000012            0.000000            0.000018           -0.009646           -0.000000           -0.006452           30.584356            0.028826           -0.000000           -0.043097           23.380653            0.000000           15.638432       -74133.526002
           12.050000           -0.000012            0.000000            0.000017           -0.009450           -0.000000           -0.006735           31.929007            0.030093           -0.000000           -0.042222           22.905847            0.000000           16.325981       -77392.829938
           12.070000           -0.000013            0.000000            0.000017           -0.009246           -0.000000           -0.007013           33.245484            0.031334           -0.000000           -0.041310           22.410830            0.000000           16.999124       -80583.842941
           12.090000           -0.000013            0.000000            0.000017           -0.009033           -0.000000           -0.007285           34.532626            0.032547           -0.000000           -0.040361           21.896037            0.000000           17.657266       -83703.749280
           12.120000           -0.000014            0.000000            0.000016           -0.008700           -0.000000           -0.007680           36.405856            0.034313           -0.000000           -0.038871           21.087768            0.000000           18.615089       -88244.279395
           12.140000           -0.000015            0.000000            0.000016           -0.008468           -0.000000           -0.007935           37.614749            0.035452           -0.000000           -0.037834           20.525562            0.000000           19.233221       -91174.517982
           12.160000           -0.000015            0.000000            0.000015           -0.008229           -0.000000           -0.008183           38.790450            0.036560           -0.000000           -0.036765           19.945244            0.000000           19.834383       -94024.304762
           12.180000           -0.000016            0.000000            0.000015           -0.007982           -0.000000           -0.008424           39.931923            0.037636           -0.000000           -0.035663           19.347327            0.000000           20.418042       -96791.125102
           12.200000           -0.000016            0.000000            0.000014           -0.007728           -0.000000           -0.008657           41.038161            0.038679           -0.000000           -0.034529           18.732337            0.000000           20.983685       -99472.537578
           12.220000           -0.000016            0.000000            0.000014           -0.007468           -0.000000           -0.008883           42.108186            0.039687           -0.000000           -0.033365           18.100819            0.000000           21.530812      -102066.176128
           12.240000           -0.000017            0.000000            0.000013           -0.007201           -0.000000           -0.009101           43.141056            0.040661           -0.000000           -0.032171           17.453328            0.000000           22.058940      -104569.752142
           12.260000           -0.000017            0.000000            0.000013           -0.006927           -0.000000           -0.009310           44.135858            0.041599           -0.000000           -0.030950           16.790437            0.000000           22.567603      -106981.056482
           12.280000           -0.000018            0.000000            0.000012           -0.006647           -0.000000           -0.009512           45.091715            0.042499           -0.000000           -0.029700           16.112730            0.000000           23.056353      -109297.961427
           12.300000           -0.000018            0.000000            0.000012           -0.006362           -0.000000           -0.009705           46.007783            0.043363           -0.000000           -0.028425           15.420805            0.000000           23.524758      -111518.422555
           12.320000           -0.000018            0.000000            0.000011           -0.006071           -0.000000           -0.009890           46.883254            0.044188           -0.000000           -0.027124           14.715273            0.000000           23.972406      -113640.480547
           12.340000           -0.000019            0.000000            0.000011           -0.005774           -0.000000           -0.010066           47.717356            0.044974           -0.000000           -0.025800           13.996756            0.000000           24.398900      -115662.262912
           12.360000           -0.000019            0.000000            0.000010           -0.005473           -0.000000           -0.010233           48.509353            0.045721           -0.000000           -0.024453           13.265889            0.000000           24.803864      -117581.985642
           12.380000           -0.000019            0.000000            0.000010           -0.005167           -0.000000           -0.010391           49.258545            0.046427           -0.000000           -0.023084           12.523316            0.000000           25.186942      -119397.954786
           12.400000           -0.000019            0.000000            0.000009           -0.004856           -0.000000           -0.010540           49.964271            0.047092           -0.000000           -0.021695           11.769692            0.000000           25.547795      -121108.567945
           12.420000           -0.000020            0.000000            0.000008           -0.004540           -0.000000           -0.010680           50.625910            0.047715           -0.000000           -0.020287           11.005683            0.000000           25.886105      -122712.315684
           12.440000           -0.000020            0.000000            0.000008           -0.004221           -0.000000           -0.010810           51.242876            0.048297           -0.000000           -0.018860           10.231963            0.000000           26.201573      -124207.782868
           12.450000           -0.000020            0.000000            0.000007           -0.004060           -0.000000           -0.010871           51.534436            0.048572           -0.000000           -0.018141            9.841674            0.000000           26.350654      -124914.495114
           12.470000           -0.000020            0.000000            0.000007           -0.003736           -0.000000           -0.010987           52.083386            0.049089           -0.000000           -0.016690            9.054669            0.000000           26.631344      -126245.097410
           12.490000           -0.000020            0.000000            0.000006           -0.003408           -0.000000           -0.011093           52.586378            0.049563           -0.000000           -0.015225            8.259674            0.000000           26.888534      -127464.301846
           12.510000           -0.000021            0.000000            0.000006           -0.003077           -0.000000           -0.011189           53.042969            0.049994           -0.000000           -0.013746            7.457391            0.000000           27.121998      -128571.032605
           12.530000           -0.000021            0.000000            0.000005           -0.002743           -0.000000           -0.011276           53.452754            0.050380           -0.000000           -0.012255            6.648528            0.000000           27.331531      -129564.313113
           12.550000           -0.000021            0.000000            0.000004           -0.002407           -0.000000           -0.011352           53.815373            0.050722           -0.000000           -0.010753            5.833798            0.000000           27.516945      -130443.266907
           12.570000           -0.000021            0.000000            0.000004           -0.002069           -0.000000           -0.011419           54.130506            0.051019           -0.000000           -0.009242            5.013921            0.000000           27.678080      -131207.118403
           12.590000           -0.000021            0.000000            0.000003           -0.001728           -0.000000           -0.011475           54.397874            0.051271           -0.000000           -0.007723            4.189619            0.000000           27.814791      -131855.193584
           12.610000           -0.000021            0.000000            0.000003           -0.001387           -0.000000           -0.011521           54.617242            0.051477           -0.000000           -0.006196            3.361620            0.000000           27.926958      -132386.920593
           12.630000           -0.000021            0.000000            0.000002           -0.001044           -0.000000           -0.011558           54.788417            0.051639           -0.000000           -0.004665            2.530655            0.000000           28.014483      -132801.830237
           12.650000           -0.000021            0.000000            0.000001           -0.000700           -0.000000           -0.011584           54.911246            0.051754           -0.000000           -0.003129            1.697457            0.000000           28.077288      -133099.556402
           12.670000           -0.000021            0.000000            0.000001           -0.000356           -0.000000           -0.011599           54.985622            0.051825           -0.000000           -0.001590            0.862761            0.000000           28.115318      -133279.836378
           12.690000           -0.000021            0.000000            0.000000           -0.000011           -0.000000           -0.011605           55.011479            0.051849           -0.000000           -0.000050            0.027304            0.000000           28.128540      -133342.511085
           12.710000           -0.000021           -0.000000           -0.000001            0.000333           -0.000000           -0.011600           54.988794            0.051828            0.000000            0.001490           -0.808177            0.000000           28.116940      -133287.525220
           12.730000           -0.000021           -0.000000           -0.000001            0.000678           -0.000000           -0.011585           54.917587            0.051760            0.000000            0.003028           -1.642945            0.000000           28.080531      -133114.927302
           12.750000           -0.000021           -0.000000           -0.000002            0.001022           -0.000000           -0.011560           54.797922            0.051648            0.000000            0.004564           -2.476264            0.000000           28.019343      -132824.869631
           12.770000           -0.000021           -0.000000           -0.000003            0.001364           -0.000000           -0.011524           54.629903            0.051489            0.000000            0.006096           -3.307397            0.000000           27.933432      -132417.608152
           12.790000           -0.000021           -0.000000           -0.000003            0.001706           -0.000000           -0.011479           54.413679            0.051286            0.000000            0.007623           -4.135612            0.000000           27.822872      -131893.502229
           12.810000           -0.000021           -0.000000           -0.000004            0.002046           -0.000000           -0.011423           54.149441            0.051036            0.000000            0.009143           -4.960178            0.000000           27.687761      -131253.014331
           12.830000           -0.000021           -0.000000           -0.000004            0.002385           -0.000000           -0.011357           53.837421            0.050742            0.000000            0.010655           -5.780367            0.000000           27.528219      -130496.709619
           12.850000           -0.000021           -0.000000           -0.000005            0.002721           -0.000000           -0.011281           53.477896            0.050404            0.000000            0.012157           -6.595455            0.000000           27.344386      -129625.255452
           12.870000           -0.000021           -0.000000           -0.000006            0.003055           -0.000000           -0.011195           53.071183            0.050020            0.000000            0.013649           -7.404723            0.000000           27.136425      -128639.420796
           12.890000           -0.000020           -0.000000           -0.000006            0.003386           -0.000000           -0.011100           52.617639            0.049593            0.000000            0.015129           -8.207458            0.000000           26.904519      -127540.075544
           12.910000           -0.000020           -0.000000           -0.000007            0.003714           -0.000000           -0.010994           52.117666            0.049121            0.000000            0.016595           -9.002950            0.000000           26.648872      -126328.189752
           12.930000           -0.000020           -0.000000           -0.000007            0.004039           -0.000000           -0.010879           51.571705            0.048607            0.000000            0.018047           -9.790499            0.000000           26.369710      -125004.832780
           12.950000           -0.000020           -0.000000           -0.000008            0.004360           -0.000000           -0.010754           50.980238            0.048049            0.000000            0.019482          -10.569408            0.000000           26.067280      -123571.172350
           12.970000           -0.000020           -0.000000           -0.000009            0.004678           -0.000000           -0.010620           50.343785            0.047450            0.000000            0.020901          -11.338991            0.000000           25.741849      -122028.473515
           12.990000           -0.000019           -0.000000           -0.000009            0.004991           -0.000000           -0.010476           49.662910            0.046808            0.000000            0.022301          -12.098568            0.000000           25.393703      -120378.097541
           13.010000           -0.000019           -0.000000           -0.000010            0.005300           -0.000000           -0.010323           48.938213            0.046125            0.000000            0.023682          -12.847470            0.000000           25.023149      -118621.500710
           13.030000           -0.000019           -0.000000           -0.000010            0.005605           -0.000000           -0.010162           48.170332            0.045401            0.000000            0.025041          -13.585035            0.000000           24.630516      -116760.233032
           13.050000           -0.000018           -0.000000           -0.000011            0.005904           -0.000000           -0.009991           47.359947            0.044637            0.000000            0.026379          -14.310613            0.000000           24.216149      -114795.936878
           13.070000           -0.000018           -0.000000           -0.000011            0.006198           -0.000000           -0.009811           46.507771            0.043834            0.000000            0.027693          -15.023563            0.000000           23.780413      -112730.345529
           13.090000           -0.000018           -0.000000           -0.000012            0.006487           -0.000000           -0.009622           45.614557            0.042992            0.000000            0.028982          -15.723256            0.000000           23.323694      -110565.281650
           13.110000           -0.000017           -0.000000           -0.000012            0.006770           -0.000000           -0.009425           44.681094            0.042112            0.000000            0.030247          -16.409076            0.000000           22.846394      -108302.655680
           13.130000           -0.000017           -0.000000           -0.000013            0.007047           -0.000000           -0.009220           43.708204            0.041195            0.000000            0.031484          -17.080416            0.000000           22.348935      -105944.464145
           13.150000           -0.000017           -0.000000           -0.000013            0.007317           -0.000000           -0.009007           42.696746            0.040242            0.000000            0.032694          -17.736684            0.000000           21.831755      -103492.787898
           13.170000           -0.000016           -0.000000           -0.000014            0.007582           -0.000000           -0.008786           41.647613            0.039253            0.000000            0.033875          -18.377302            0.000000           21.295310      -100949.790282
           13.190000           -0.000016           -0.000000           -0.000014            0.007839           -0.000000           -0.008556           40.561730            0.038230            0.000000            0.035026          -19.001704            0.000000           20.740075       -98317.715223
           13.210000           -0.000015           -0.000000           -0.000015            0.008090           -0.000000           -0.008320           39.440055            0.037173            0.000000            0.036146          -19.609339            0.000000           20.166540       -95598.885245
           13.230000           -0.000015           -0.000000           -0.000015            0.008334           -0.000000           -0.008076           38.283580            0.036083            0.000000            0.037234          -20.199670            0.000000           19.575209       -92795.699428
           13.250000           -0.000014           -0.000000           -0.000016            0.008570           -0.000000           -0.007825           37.093323            0.034961            0.000000            0.038289          -20.772178            0.000000           18.966605       -89910.631284
           13.270000           -0.000014           -0.000000           -0.000016            0.008798           -0.000000           -0.007567           35.870335            0.033808            0.000000            0.039311          -21.326356            0.000000           18.341265       -86946.226578
           13.290000           -0.000013           -0.000000           -0.000017            0.009019           -0.000000           -0.007302           34.615695            0.032626            0.000000            0.040297          -21.861716            0.000000           17.699741       -83905.101084
           13.310000           -0.000013           -0.000000           -0.000017            0.009232           -0.000000           -0.007031           33.330510            0.031414            0.000000            0.041249          -22.377786            0.000000           17.042599       -80789.938269
           13.330000           -0.000012           -0.000000           -0.000017            0.009437           -0.000000           -0.006754           32.015915            0.030175            0.000000            0.042164          -22.874109            0.000000           16.370419       -77603.486933
           13.350000           -0.000012           -0.000000           -0.000018            0.009633           -0.000000           -0.006470           30.673070            0.028910            0.000000            0.043041          -23.350249            0.000000           15.683793       -74348.558781
           13.370000           -0.000011           -0.000000           -0.000018            0.009821           -0.000000           -0.006181           29.303158            0.027619            0.000000            0.043881          -23.805784            0.000000           14.983328       -71028.025941
           13.390000           -0.000011           -0.000000           -0.000018            0.010001           -0.000000           -0.005887           27.907390            0.026303            0.000000            0.044682          -24.240313            0.000000           14.269642       -67644.818428
           13.410000           -0.000010           -0.000000           -0.000019            0.010171           -0.000000           -0.005587           26.486997            0.024964            0.000000            0.045443          -24.653453            0.000000           13.543365       -64201.921564
           13.430000           -0.000010           -0.000000           -0.000019            0.010332           -0.000000           -0.005283           25.043231            0.023604            0.000000            0.046165          -25.044839            0.000000           12.805137       -60702.373338
           13.450000           -0.000009           -0.000000           -0.000019            0.010485           -0.000000           -0.004974           23.577368            0.022222            0.000000            0.046845          -25.414125            0.000000           12.055610       -57149.261730
           13.470000           -0.000009           -0.000000           -0.000020            0.010628           -0.000000           -0.004660           22.090699            0.020821            0.000000            0.047485          -25.760986            0.000000           11.295445       -53545.721981
           13.490000           -0.000008           -0.000000           -0.000020            0.010762           -0.000000           -0.004342           20.584539            0.019401            0.000000            0.048082          -26.085116            0.000000           10.525313       -49894.933833
           13.510000           -0.000007           -0.000000           -0.000020            0.010886           -0.000000           -0.004021           19.060214            0.017964            0.000000            0.048637          -26.386228            0.000000            9.745893       -46200.118717
           13.530000           -0.000007           -0.000000           -0.000020            0.011000           -0.000000           -0.003696           17.519071            0.016512            0.000000            0.049149          -26.664058            0.000000            8.957874       -42464.536914
           13.550000           -0.000006           -0.000000           -0.000020            0.011105           -0.000000           -0.003367           15.962470            0.015045            0.000000            0.049618          -26.918359            0.000000            8.161950       -38691.484677
           13.570000           -0.000006           -0.000000           -0.000021            0.011200           -0.000000           -0.003036           14.391783            0.013564            0.000000            0.050043          -27.148908            0.000000            7.358825       -34884.291324
           13.590000           -0.000005           -0.000000           -0.000021            0.011286           -0.000000           -0.002702           12.808397            0.012072            0.000000            0.050424          -27.355500            0.000000            6.549206       -31046.316298
           13.610000           -0.000004           -0.000000           -0.000021            0.011361           -0.000000           -0.002366           11.213708            0.010569            0.000000            0.050760          -27.537954            0.000000            5.733808       -27180.946202
           13.630000           -0.000004           -0.000000           -0.000021            0.011426           -0.000000           -0.002027            9.609125            0.009057            0.000000            0.051052          -27.696109            0.000000            4.913350       -23291.591814
           13.650000           -0.000003           -0.000000           -0.000021            0.011481           -0.000000           -0.001687            7.996063            0.007536            0.000000            0.051298          -27.829825            0.000000            4.088557       -19381.685076
           13.670000           -0.000002           -0.000000           -0.000021            0.011526           -0.000000           -0.001345            6.375945            0.006009            0.000000            0.051500          -27.938985            0.000000            3.260157       -15454.676064
           13.690000           -0.000002           -0.000000           -0.000021            0.011561           -0.000000           -0.001002            4.750202            0.004477            0.000000            0.051655          -28.023491            0.000000            2.428879       -11514.029946
           13.710000           -0.000001           -0.000000           -0.000021            0.011586           -0.000000           -0.000658            3.120266            0.002941            0.000000            0.051765          -28.083269            0.000000            1.595459        -7563.223921
           13.730000           -0.000001           -0.000000           -0.000021            0.011600           -0.000000           -0.000314            1.487577            0.001402            0.000000            0.051830          -28.118267            0.000000            0.760630        -3605.744157
           13.750000            0.000000           -0.000000           -0.000021            0.011605            0.000000            0.000031           -0.146424           -0.000138            0.000000            0.051849          -28.128453           -0.000000           -0.074870          354.917292
           13.770000            0.000001           -0.000000           -0.000021            0.011599            0.000000            0.000376           -1.780296           -0.001678            0.000000            0.051822          -28.113819           -0.000000           -0.910303         4315.265565
           13.790000            0.000001           -0.000000           -0.000021            0.011582            0.000000            0.000720           -3.412597           -0.003216            0.000000            0.051749          -28.074378           -0.000000           -1.744934         8271.806076
           13.810000            0.000002           -0.000000           -0.000021            0.011556            0.000000            0.001064           -5.041887           -0.004752            0.000000            0.051631          -28.010164           -0.000000           -2.578024        12221.047598
           13.830000            0.000003           -0.000000           -0.000021            0.011519            0.000000            0.001406           -6.666728           -0.006283            0.000000            0.051467          -27.921234           -0.000000           -3.408840        16159.505346
           13.850000            0.000003           -0.000000           -0.000021            0.011472            0.000000            0.001748           -8.285687           -0.007809            0.000000            0.051257          -27.807666           -0.000000           -4.236648        20083.704051
           13.870000            0.000004           -0.000000           -0.000021            0.011415            0.000000            0.002088           -9.897334           -0.009328            0.000000            0.051003          -27.669561           -0.000000           -5.060717        23990.181025
           13.890000            0.000004           -0.000000           -0.000021            0.011348            0.000000            0.002426          -11.500248           -0.010839            0.000000            0.050703          -27.507041           -0.000000           -5.880321        27875.489219
           13.910000            0.000005           -0.000000           -0.000021            0.011271            0.000000            0.002762          -13.093014           -0.012340            0.000000            0.050359          -27.320249           -0.000000           -6.694736        31736.200260
           13.930000            0.000006           -0.000000           -0.000021            0.011184            0.000000            0.003096          -14.674226           -0.013831            0.000000            0.049970          -27.109349           -0.000000           -7.503244        35568.907483
           13.950000            0.000006           -0.000000           -0.000020            0.011087            0.000000            0.003426          -16.242491           -0.015309            0.000000            0.049537          -26.874528           -0.000000           -8.305131        39370.228931
           13.970000            0.000007           -0.000000           -0.000020            0.010981            0.000000            0.003754          -17.796423           -0.016773            0.000000            0.049061          -26.615994           -0.000000           -9.099690        43136.810343
           13.990000            0.000008           -0.000000           -0.000020            0.010864            0.000000            0.004079          -19.334652           -0.018223            0.000000            0.048541          -26.333974           -0.000000           -9.886219        46865.328112
           14.010000            0.000008           -0.000000           -0.000020            0.010738            0.000000            0.004400          -20.855820           -0.019657            0.000000            0.047978          -26.028716           -0.000000          -10.664024        50552.492217
           14.030000            0.000009           -0.000000           -0.000020            0.010603            0.000000            0.004717          -22.358584           -0.021073            0.000000            0.047373          -25.700491           -0.000000          -11.432420        54195.049130
           14.050000            0.000009           -0.000000           -0.000019            0.010458            0.000000            0.005029          -23.841620           -0.022471            0.000000            0.046727          -25.349589           -0.000000          -12.190728        57789.784681
           14.070000            0.000010           -0.000000           -0.000019            0.010304            0.000000            0.005338          -25.303618           -0.023849            0.000000            0.046038          -24.976317           -0.000000          -12.938278        61333.526898
           14.090000            0.000010           -0.000000           -0.000019            0.010141            0.000000            0.005641          -26.743289           -0.025206            0.000000            0.045310          -24.581007           -0.000000          -13.674413        64823.148807
           14.110000            0.000011           -0.000000           -0.000018            0.009969            0.000000            0.005940          -28.159361           -0.026541            0.000000            0.044541          -24.164007           -0.000000          -14.398480        68255.571187
           14.130000            0.000011           -0.000000           -0.000018            0.009788            0.000000            0.006234          -29.550586           -0.027852            0.000000            0.043733          -23.725685           -0.000000          -15.109843        71627.765291
           14.150000            0.000012           -0.000000           -0.000018            0.009599            0.000000            0.006522          -30.915735           -0.029138            0.000000            0.042887          -23.266427           -0.000000          -15.807873        74936.755518
           14.170000            0.000013           -0.000000           -0.000017            0.009401            0.000000            0.006804          -32.253604           -0.030399            0.000000            0.042002          -22.786639           -0.000000          -16.491954        78179.622034
           14.190000            0.000013           -0.000000           -0.000017            0.009195            0.000000            0.007080          -33.563014           -0.031634            0.000000            0.041081          -22.286745           -0.000000          -17.161483        81353.503356
           14.210000            0.000014           -0.000000           -0.000017            0.008980            0.000000            0.007350          -34.842807           -0.032840            0.000000            0.040123          -21.767184           -0.000000          -17.815869        84455.598872
           14.230000            0.000014           -0.000000           -0.000016            0.008758            0.000000            0.007614          -36.091855           -0.034017            0.000000            0.039130          -21.228417           -0.000000          -18.454534        87483.171311
           14.250000            0.000015           -0.000000           -0.000016            0.008528            0.000000            0.007870          -37.309056           -0.035164            0.000000            0.038102          -20.670917           -0.000000          -19.076914        90433.549165
           14.270000            0.000015           -0.000000           -0.000015            0.008290            0.000000            0.008120          -38.493336           -0.036280            0.000000            0.037041          -20.095178           -0.000000          -19.682462        93304.129038
           14.290000            0.000015           -0.000000           -0.000015            0.008046            0.000000            0.008363          -39.643650           -0.037365            0.000000            0.035947          -19.501707           -0.000000          -20.270642        96092.377949
           14.310000            0.000016           -0.000000           -0.000014            0.007794            0.000000            0.008598          -40.758982           -0.038416            0.000000            0.034822          -18.891028           -0.000000          -20.840935        98795.835565
           14.330000            0.000016           -0.000000           -0.000014            0.007535            0.000000            0.008826          -41.838349           -0.039433            0.000000            0.033665          -18.263679           -0.000000          -21.392838       101412.116374
           14.350000            0.000017           -0.000000           -0.000013            0.007269            0.000000            0.009046          -42.880798           -0.040416            0.000000            0.032479          -17.620215           -0.000000          -21.925864       103938.911785
           14.370000            0.000017           -0.000000           -0.000013            0.006997            0.000000            0.009258          -43.885409           -0.041362            0.000000            0.031264          -16.961202           -0.000000          -22.439543       106373.992170
           14.390000            0.000017           -0.000000           -0.000012            0.006719            0.000000            0.009461          -44.851296           -0.042273            0.000000            0.030022          -16.287223           -0.000000          -22.933422       108715.208831
           14.410000            0.000018           -0.000000           -0.000012            0.006435            0.000000            0.009657          -45.777606           -0.043146            0.000000            0.028753          -15.598873           -0.000000          -23.407064       110960.495893
           14.430000            0.000018           -0.000000           -0.000011            0.006146            0.000000            0.009844          -46.663523           -0.043981            0.000000            0.027459          -14.896758           -0.000000          -23.860052       113107.872128
           14.450000            0.000018           -0.000000           -0.000011            0.005851            0.000000            0.010022          -47.508264           -0.044777            0.000000            0.026141          -14.181498           -0.000000          -24.291986       115155.442707
           14.470000            0.000019           -0.000000           -0.000010            0.005550            0.000000            0.010191          -48.311084           -0.045534            0.000000            0.024799          -13.453725           -0.000000          -24.702485       117101.400866
           14.490000            0.000019           -0.000000           -0.000010            0.005245            0.000000            0.010352          -49.071274           -0.046250            0.000000            0.023436          -12.714080           -0.000000          -25.091187       118944.029504
           14.510000            0.000019           -0.000000           -0.000009            0.004936            0.000000            0.010503          -49.788165           -0.046926            0.000000            0.022052          -11.963216           -0.000000          -25.457748       120681.702697
           14.530000            0.000020           -0.000000           -0.000009            0.004621            0.000000            0.010645          -50.461122           -0.047560            0.000000            0.020648          -11.201797           -0.000000          -25.801846       122312.887134
           14.550000            0.000020           -0.000000           -0.000008            0.004303            0.000000            0.010777          -51.089554           -0.048152            0.000000            0.019226          -10.430492           -0.000000          -26.123176       123836.143468
           14.570000            0.000020           -0.000000           -0.000007            0.003981            0.000000            0.010900          -51.672904           -0.048702            0.000000            0.017788           -9.649984           -0.000000          -26.421455       125250.127588
           14.590000            0.000020           -0.000000           -0.000007            0.003656            0.000000            0.011014          -52.210658           -0.049209            0.000000            0.016333           -8.860961           -0.000000          -26.696420       126553.591803
           14.610000            0.000020           -0.000000           -0.000006            0.003327            0.000000            0.011118          -52.702342           -0.049673            0.000000            0.014864           -8.064119           -0.000000          -26.947829       127745.385945
           14.630000            0.000021           -0.000000           -0.000006            0.002995            0.000000            0.011211          -53.147521           -0.050092            0.000000            0.013383           -7.260161           -0.000000          -27.175459       128824.458382
           14.650000            0.000021           -0.000000           -0.000005            0.002661            0.000000            0.011295          -53.545804           -0.050468            0.000000            0.011889           -6.449797           -0.000000          -27.379109       129789.856948
           14.670000            0.000021           -0.000000           -0.000004            0.002324            0.000000            0.011370          -53.896838           -0.050798            0.000000            0.010385           -5.633742           -0.000000          -27.558600       130640.729781
           14.690000            0.000021           -0.000000           -0.000004            0.001986            0.000000            0.011434          -54.200314           -0.051084            0.000000            0.008871           -4.812715           -0.000000          -27.713774       131376.326076
           14.710000            0.000021           -0.000000           -0.000003            0.001645            0.000000            0.011487          -54.455964           -0.051325            0.000000            0.007350           -3.987442           -0.000000          -27.844493       131995.996749
           14.730000            0.000021           -0.000000           -0.000002            0.001303            0.000000            0.011531          -54.663562           -0.051521            0.000000            0.005822           -3.158650           -0.000000          -27.950642       132499.195005
           14.750000            0.000021           -0.000000           -0.000002            0.000960            0.000000            0.011565          -54.822926           -0.051671            0.000000            0.004289           -2.327071           -0.000000          -28.032128       132885.476826
           14.770000            0.000021           -0.000000           -0.000001            0.000616            0.000000            0.011588          -54.933914           -0.051776            0.000000            0.002753           -1.493439           -0.000000          -28.088879       133154.501360
           14.790000            0.000021           -0.000000           -0.000001            0.000272            0.000000            0.011601          -54.996429           -0.051835            0.000000            0.001214           -0.658489           -0.000000          -28.120844       133306.031220
           14.810000            0.000021            0.000000            0.000000           -0.000073            0.000000            0.011604          -55.010415           -0.051848           -0.000000           -0.000326            0.177042           -0.000000          -28.127996       133339.932698
           14.830000            0.000021            0.000000            0.000001           -0.000418            0.000000            0.011597          -54.975860           -0.051815           -0.000000           -0.001866            1.012417           -0.000000          -28.110327       133256.175879
           14.850000            0.000021            0.000000            0.000001           -0.000762            0.000000            0.011580          -54.892796           -0.051737           -0.000000           -0.003404            1.846899           -0.000000          -28.067854       133054.834670
           14.870000            0.000021            0.000000            0.000002           -0.001106            0.000000            0.011552          -54.761294           -0.051613           -0.000000           -0.004940            2.679751           -0.000000          -28.000615       132736.086733
           14.890000            0.000021            0.000000            0.000003           -0.001448            0.000000            0.011514          -54.581471           -0.051444           -0.000000           -0.006470            3.510238           -0.000000          -27.908667       132300.213329
           14.910000            0.000021            0.000000            0.000003           -0.001790            0.000000            0.011466          -54.353485           -0.051229           -0.000000           -0.007995            4.337628           -0.000000          -27.792094       131747.599070
           14.930000            0.000021            0.000000            0.000004           -0.002129            0.000000            0.011408          -54.077539           -0.050969           -0.000000           -0.009514            5.161190           -0.000000          -27.650996       131078.731579
           14.950000            0.000021            0.000000            0.000005           -0.002467            0.000000            0.011339          -53.753875           -0.050664           -0.000000           -0.011023            5.980198           -0.000000          -27.485500       130294.201061
           14.970000            0.000021            0.000000            0.000005           -0.002803            0.000000            0.011261          -53.382779           -0.050314           -0.000000           -0.012523            6.793930           -0.000000          -27.295751       129394.699780
           14.990000            0.000021            0.000000            0.000006           -0.003136            0.000000            0.011173          -52.964578           -0.049920           -0.000000           -0.014012            7.601666           -0.000000          -27.081916       128381.021451
           15.010000            0.000020            0.000000            0.000006           -0.003467            0.000000            0.011075          -52.499642           -0.049481           -0.000000           -0.015489            8.402695           -0.000000          -26.844184       127254.060536
           15.030000            0.000020            0.000000            0.000007           -0.003794            0.000000            0.010967          -51.988380           -0.049000           -0.000000           -0.016951            9.196309           -0.000000          -26.582765       126014.811459
           15.050000            0.000020            0.000000            0.000008           -0.004118            0.000000            0.010849          -51.431244           -0.048475           -0.000000           -0.018399            9.981808           -0.000000          -26.297889       124664.367724
           15.070000            0.000020            0.000000            0.000008           -0.004439            0.000000            0.010722          -50.828725           -0.047907           -0.000000           -0.019831           10.758500           -0.000000          -25.989809       123203.920956
           15.090000            0.000020            0.000000            0.000009           -0.004755            0.000000            0.010586          -50.181356           -0.047296           -0.000000           -0.021245           11.525698           -0.000000          -25.658795       121634.759842
           15.110000            0.000019            0.000000            0.000009           -0.005067            0.000000            0.010440          -49.489707           -0.046645           -0.000000           -0.022641           12.282727           -0.000000          -25.305140       119958.269001
           15.130000            0.000019            0.000000            0.000010           -0.005375            0.000000            0.010285          -48.754388           -0.045952           -0.000000           -0.024016           13.028917           -0.000000          -24.929156       118175.927757
           15.150000            0.000019            0.000000            0.000010           -0.005678            0.000000            0.010121          -47.976049           -0.045218           -0.000000           -0.025370           13.763610           -0.000000          -24.531175       116289.308836
           15.170000            0.000018            0.000000            0.000011           -0.005976            0.000000            0.009947          -47.155376           -0.044444           -0.000000           -0.026702           14.486158           -0.000000          -24.111547       114300.076979
           15.200000            0.000018            0.000000            0.000012           -0.006414            0.000000            0.009671          -45.846585           -0.043211           -0.000000           -0.028655           15.545817           -0.000000          -23.442334       111127.694004
           15.220000            0.000017            0.000000            0.000012           -0.006698            0.000000            0.009477          -44.923326           -0.042341           -0.000000           -0.029926           16.235239           -0.000000          -22.970252       108889.803416
           15.240000            0.000017            0.000000            0.000013           -0.006976            0.000000            0.009273          -43.960427           -0.041433           -0.000000           -0.031171           16.910335           -0.000000          -22.477902       106555.829168
           15.260000            0.000017            0.000000            0.000013           -0.007249            0.000000            0.009062          -42.958738           -0.040489           -0.000000           -0.032387           17.570509           -0.000000          -21.965717       104127.830744
           15.280000            0.000016            0.000000            0.000014           -0.007515            0.000000            0.008843          -41.919142           -0.039509           -0.000000           -0.033576           18.215179           -0.000000          -21.434149       101607.950593
           15.300000            0.000016            0.000000            0.000014           -0.007774            0.000000            0.008616          -40.842556           -0.038495           -0.000000           -0.034734           18.843776           -0.000000          -20.883668        98998.412242
           15.320000            0.000015            0.000000            0.000015           -0.008027            0.000000            0.008381          -39.729932           -0.037446           -0.000000           -0.035862           19.455745           -0.000000          -20.314760        96301.518330
           15.340000            0.000015            0.000000            0.000015           -0.008272            0.000000            0.008139          -38.582250           -0.036364           -0.000000           -0.036959           20.050547           -0.000000          -19.727926        93519.648580
           15.360000            0.000015            0.000000            0.000016           -0.008510            0.000000            0.007890          -37.400524           -0.035250           -0.000000           -0.038023           20.627656           -0.000000          -19.123684        90655.257694
           15.380000            0.000014            0.000000            0.000016           -0.008741            0.000000            0.007633          -36.185795           -0.034106           -0.000000           -0.039053           21.186564           -0.000000          -18.502567        87710.873195
           15.400000            0.000014            0.000000            0.000017           -0.008964            0.000000            0.007370          -34.939137           -0.032931           -0.000000           -0.040049           21.726777           -0.000000          -17.865124        84689.093186
           15.420000            0.000013            0.000000            0.000017           -0.009179            0.000000            0.007101          -33.661648           -0.031726           -0.000000           -0.041009           22.247818           -0.000000          -17.211917        81592.584067
           15.440000            0.000013            0.000000            0.000017           -0.009385            0.000000            0.006825          -32.354457           -0.030494           -0.000000           -0.041933           22.749228           -0.000000          -16.543522        78424.078179
           15.460000            0.000012            0.000000            0.000018           -0.009584            0.000000            0.006543          -31.018716           -0.029235           -0.000000           -0.042821           23.230564           -0.000000          -15.860529        75186.371390
           15.480000            0.000012            0.000000            0.000018           -0.009774            0.000000            0.006256          -29.655604           -0.027951           -0.000000           -0.043670           23.691401           -0.000000          -15.163542        71882.320631
           15.500000            0.000011            0.000000            0.000018           -0.009956            0.000000            0.005963          -28.266325           -0.026641           -0.000000           -0.044481           24.131334           -0.000000          -14.453173        68514.841376
           15.520000            0.000010            0.000000            0.000019           -0.010128            0.000000            0.005664          -26.852103           -0.025308           -0.000000           -0.045253           24.549973           -0.000000          -13.730052        65086.905068
           15.540000            0.000010            0.000000            0.000019           -0.010292            0.000000            0.005361          -25.414188           -0.023953           -0.000000           -0.045984           24.946949           -0.000000          -12.994815        61601.536494
           15.560000            0.000009            0.000000            0.000019           -0.010447            0.000000            0.005053          -23.953847           -0.022577           -0.000000           -0.046676           25.321912           -0.000000          -12.248112        58061.811121
           15.580000            0.000009            0.000000            0.000020           -0.010592            0.000000            0.004741          -22.472369           -0.021180           -0.000000           -0.047325           25.674532           -0.000000          -11.490601        54470.852381
           15.600000            0.000008            0.000000            0.000020           -0.010728            0.000000            0.004424          -20.971062           -0.019765           -0.000000           -0.047934           26.004496           -0.000000          -10.722950        50831.828911
           15.610000            0.000008            0.000000            0.000020           -0.010793            0.000000            0.004264          -20.213386           -0.019051           -0.000000           -0.048222           26.160891           -0.000000          -10.335534        48995.294777
           15.630000            0.000007            0.000000            0.000020           -0.010915            0.000000            0.003942          -18.684823           -0.017611           -0.000000           -0.048767           26.456333           -0.000000           -9.553948        45290.207415
           15.650000            0.000007            0.000000            0.000020           -0.011027            0.000000            0.003616          -17.139774           -0.016154           -0.000000           -0.049268           26.728431           -0.000000           -8.763931        41545.156266
           15.670000            0.000006            0.000000            0.000021           -0.011130            0.000000            0.003287          -15.579600           -0.014684           -0.000000           -0.049726           26.976943           -0.000000           -7.966181        37763.445939
           15.690000            0.000005            0.000000            0.000021           -0.011222            0.000000            0.002954          -14.005679           -0.013201           -0.000000           -0.050140           27.201651           -0.000000           -7.161402        33948.413391
           15.710000            0.000005            0.000000            0.000021           -0.011305            0.000000            0.002620          -12.419400           -0.011705           -0.000000           -0.050510           27.402356           -0.000000           -6.350303        30103.424981
           15.730000            0.000004            0.000000            0.000021           -0.011378            0.000000            0.002283          -10.822161           -0.010200           -0.000000           -0.050836           27.578882           -0.000000           -5.533601        26231.873504
           15.750000            0.000004            0.000000            0.000021           -0.011441            0.000000            0.001944           -9.215373           -0.008686           -0.000000           -0.051116           27.731073           -0.000000           -4.712017        22337.175191
           15.770000            0.000003            0.000000            0.000021           -0.011493            0.000000            0.001603           -7.600454           -0.007164           -0.000000           -0.051352           27.858793           -0.000000           -3.886274        18422.766698
           15.790000            0.000002            0.000000            0.000021           -0.011536            0.000000            0.001261           -5.978828           -0.005635           -0.000000           -0.051542           27.961931           -0.000000           -3.057102        14492.102075
           15.810000            0.000002            0.000000            0.000021           -0.011568            0.000000            0.000918           -4.351927           -0.004102           -0.000000           -0.051686           28.040396           -0.000000           -2.225233        10548.649714
           15.830000            0.000001            0.000000            0.000021           -0.011590            0.000000            0.000574           -2.721185           -0.002565           -0.000000           -0.051785           28.094118           -0.000000           -1.391400         6595.889293
           15.850000            0.000000            0.000000            0.000021           -0.011602            0.000000            0.000230           -1.088042           -0.001025           -0.000000           -0.051839           28.123051           -0.000000           -0.556339         2637.308702
           15.870000           -0.000000            0.000000            0.000021           -0.011604           -0.000000           -0.000115            0.546061            0.000515           -0.000000           -0.051846           28.127167            0.000000            0.279213        -1323.599034
           15.890000           -0.000001            0.000000            0.000021           -0.011596           -0.000000           -0.000460            2.179682            0.002054           -0.000000           -0.051808           28.106464            0.000000            1.114518        -5283.338834
           15.910000           -0.000001            0.000000            0.000021           -0.011577           -0.000000           -0.000804            3.811380            0.003592           -0.000000           -0.051724           28.060961            0.000000            1.948840        -9238.416650
           15.930000           -0.000002            0.000000            0.000021           -0.011548           -0.000000           -0.001148            5.439714            0.005127           -0.000000           -0.051595           27.990696            0.000000            2.781442       -13185.342547
           15.950000           -0.000003            0.000000            0.000021           -0.011509           -0.000000           -0.001490            7.063249            0.006657           -0.000000           -0.051420           27.895733            0.000000            3.611590       -17120.633782
           15.970000           -0.000003            0.000000            0.000021           -0.011459           -0.000000           -0.001831            8.680551            0.008182           -0.000000           -0.051199           27.776154            0.000000            4.438551       -21040.817881
           15.990000           -0.000004            0.000000            0.000021           -0.011400           -0.000000           -0.002171           10.290194            0.009699           -0.000000           -0.050934           27.632067            0.000000            5.261595       -24942.435698
           16.010000           -0.000005            0.000000            0.000021           -0.011330           -0.000000           -0.002508           11.890756            0.011207           -0.000000           -0.050623           27.463596            0.000000            6.079997       -28822.044470
           16.030000           -0.000005            0.000000            0.000021           -0.011251           -0.000000           -0.002844           13.480826            0.012706           -0.000000           -0.050268           27.270892            0.000000            6.893033       -32676.220857
           16.050000           -0.000006            0.000000            0.000021           -0.011161           -0.000000           -0.003177           15.059001            0.014193           -0.000000           -0.049868           27.054125            0.000000            7.699988       -36501.563956
           16.070000           -0.000006            0.000000            0.000020           -0.011062           -0.000000           -0.003507           16.623888            0.015668           -0.000000           -0.049425           26.813485            0.000000            8.500148       -40294.698311
           16.090000           -0.000007            0.000000            0.000020           -0.010953           -0.000000           -0.003834           18.174106            0.017129           -0.000000           -0.048938           26.549185            0.000000            9.292807       -44052.276884
           16.110000           -0.000008            0.000000            0.000020           -0.010834           -0.000000           -0.004157           19.708287            0.018575           -0.000000           -0.048407           26.261458            0.000000           10.077266       -47770.984012
           16.130000           -0.000008            0.000000            0.000020           -0.010706           -0.000000           -0.004477           21.225078            0.020005           -0.000000           -0.047834           25.950558            0.000000           10.852834       -51447.538332
           16.160000           -0.000009            0.000000            0.000019           -0.010496           -0.000000           -0.004950           23.464733            0.022116           -0.000000           -0.046896           25.441365            0.000000           11.998017       -56876.247555
           16.180000           -0.000010            0.000000            0.000019           -0.010344           -0.000000           -0.005259           24.932229            0.023499           -0.000000           -0.046218           25.073777            0.000000           12.748379       -60433.315021
           16.200000           -0.000010            0.000000            0.000019           -0.010184           -0.000000           -0.005564           26.377724            0.024861           -0.000000           -0.045500           24.684065            0.000000           13.487492       -63937.056520
           16.220000           -0.000011            0.000000            0.000018           -0.010014           -0.000000           -0.005864           27.799944            0.026202           -0.000000           -0.044741           24.272571            0.000000           14.214703       -67384.380372
           16.240000           -0.000011            0.000000            0.000018           -0.009835           -0.000000           -0.006159           29.197634            0.027519           -0.000000           -0.043943           23.839659            0.000000           14.929372       -70772.244682
           16.260000           -0.000012            0.000000            0.000018           -0.009648           -0.000000           -0.006449           30.569560            0.028812           -0.000000           -0.043107           23.385712            0.000000           15.630866       -74097.660019
           16.280000           -0.000012            0.000000            0.000017           -0.009452           -0.000000           -0.006732           31.914511            0.030080           -0.000000           -0.042232           22.911128            0.000000           16.318569       -77357.692059
           16.300000           -0.000013            0.000000            0.000017           -0.009248           -0.000000           -0.007010           33.231301            0.031321           -0.000000           -0.041320           22.416329            0.000000           16.991871       -80549.464170
           16.320000           -0.000013            0.000000            0.000017           -0.009036           -0.000000           -0.007282           34.518768            0.032534           -0.000000           -0.040371           21.901749            0.000000           17.650181       -83670.159954
           16.340000           -0.000014            0.000000            0.000016           -0.008815           -0.000000           -0.007547           35.775776            0.033719           -0.000000           -0.039387           21.367843            0.000000           18.292916       -86717.025728
           16.360000           -0.000014            0.000000            0.000016           -0.008587           -0.000000           -0.007805           37.001216            0.034874           -0.000000           -0.038368           20.815083            0.000000           18.919509       -89687.372958
           16.380000           -0.000015            0.000000            0.000015           -0.008352           -0.000000           -0.008057           38.194006            0.035998           -0.000000           -0.037315           20.243955            0.000000           19.529408       -92578.580628
           16.400000           -0.000015            0.000000            0.000015           -0.008109           -0.000000           -0.008302           39.353093            0.037091           -0.000000           -0.036230           19.654964            0.000000           20.122074       -95388.097556
           16.420000           -0.000016            0.000000            0.000014           -0.007859           -0.000000           -0.008539           40.477456            0.038150           -0.000000           -0.035112           19.048630            0.000000           20.696985       -98113.444642
           16.440000           -0.000016            0.000000            0.000014           -0.007602           -0.000000           -0.008768           41.566102            0.039177           -0.000000           -0.033963           18.425488            0.000000           21.253632      -100752.217057
           16.460000           -0.000017            0.000000            0.000014           -0.007338           -0.000000           -0.008990           42.618070            0.040168           -0.000000           -0.032785           17.786086            0.000000           21.791526      -103302.086365
           16.480000           -0.000017            0.000000            0.000013           -0.007068           -0.000000           -0.009204           43.632433            0.041124           -0.000000           -0.031577           17.130991            0.000000           22.310191      -105760.802579
           16.500000           -0.000017            0.000000            0.000013           -0.006791           -0.000000           -0.009410           44.608294            0.042044           -0.000000           -0.030342           16.460779            0.000000           22.809170      -108126.196142
           16.520000           -0.000018            0.000000            0.000012           -0.006509           -0.000000           -0.009608           45.544793            0.042926           -0.000000           -0.029080           15.776043            0.000000           23.288022      -110396.179847
           16.540000           -0.000018            0.000000            0.000011           -0.006220           -0.000000           -0.009797           46.441104            0.043771           -0.000000           -0.027792           15.077385            0.000000           23.746325      -112568.750675
           16.560000           -0.000018            0.000000            0.000011           -0.005927           -0.000000           -0.009977           47.296435            0.044577           -0.000000           -0.026480           14.365424            0.000000           24.183674      -114641.991564
           16.580000           -0.000019            0.000000            0.000010           -0.005628           -0.000000           -0.010149           48.110033            0.045344           -0.000000           -0.025144           13.640786            0.000000           24.599684      -116614.073098
           16.600000           -0.000019            0.000000            0.000010           -0.005324           -0.000000           -0.010311           48.881178            0.046071           -0.000000           -0.023786           12.904113            0.000000           24.993987      -118483.255126
           16.620000           -0.000019            0.000000            0.000009           -0.005015           -0.000000           -0.010465           49.609191            0.046757           -0.000000           -0.022407           12.156052            0.000000           25.366235      -120247.888295
           16.640000           -0.000020            0.000000            0.000009           -0.004702           -0.000000           -0.010609           50.293429            0.047402           -0.000000           -0.021008           11.397265            0.000000           25.716101      -121906.415502
           16.660000           -0.000020            0.000000            0.000008           -0.004385           -0.000000           -0.010744           50.933289            0.048005           -0.000000           -0.019591           10.628421            0.000000           26.043274      -123457.373274
           16.670000           -0.000020            0.000000            0.000008           -0.004225           -0.000000           -0.010808           51.236399            0.048291           -0.000000           -0.018876           10.240440            0.000000           26.198261      -124192.082207
           16.690000           -0.000020            0.000000            0.000007           -0.003902           -0.000000           -0.010929           51.808644            0.048830           -0.000000           -0.017433            9.457785            0.000000           26.490862      -125579.149780
           16.710000           -0.000020            0.000000            0.000007           -0.003576           -0.000000           -0.011040           52.335174            0.049326           -0.000000           -0.015975            8.666785            0.000000           26.760088      -126855.407122
           16.730000           -0.000021            0.000000            0.000006           -0.003246           -0.000000           -0.011141           52.815524            0.049779           -0.000000           -0.014503            7.868138            0.000000           27.005701      -128019.728070
           16.750000           -0.000021            0.000000            0.000005           -0.002914           -0.000000           -0.011233           53.249269            0.050188           -0.000000           -0.013018            7.062548            0.000000           27.227484      -129071.085236
           16.770000           -0.000021            0.000000            0.000005           -0.002579           -0.000000           -0.011314           53.636028            0.050553           -0.000000           -0.011522            6.250726            0.000000           27.425242      -130008.550909
           16.790000           -0.000021            0.000000            0.000004           -0.002242           -0.000000           -0.011386           53.975458            0.050872           -0.000000           -0.010015            5.433388            0.000000           27.598800      -130831.297875
           16.810000           -0.000021            0.000000            0.000004           -0.001902           -0.000000           -0.011448           54.267261            0.051147           -0.000000           -0.008500            4.611256            0.000000           27.748005      -131538.600148
           16.830000           -0.000021            0.000000            0.000003           -0.001562           -0.000000           -0.011499           54.511179            0.051377           -0.000000           -0.006977            3.785055            0.000000           27.872726      -132129.833607
           16.850000           -0.000021            0.000000            0.000002           -0.001219           -0.000000           -0.011540           54.706997            0.051562           -0.000000           -0.005448            2.955514            0.000000           27.972852      -132604.476554
           16.870000           -0.000021            0.000000            0.000002           -0.000876           -0.000000           -0.011572           54.854541            0.051701           -0.000000           -0.003914            2.123365            0.000000           28.048294      -132962.110166
           16.890000           -0.000021            0.000000            0.000001           -0.000532           -0.000000           -0.011592           54.953683            0.051794           -0.000000           -0.002377            1.289342            0.000000           28.098987      -133202.418870
           16.910000           -0.000021            0.000000            0.000000           -0.000187           -0.000000           -0.011603           55.004333            0.051842           -0.000000           -0.000837            0.454182            0.000000           28.124886      -133325.190618
           16.930000           -0.000021           -0.000000           -0.000000            0.000157           -0.000000           -0.011604           55.006448            0.051844            0.000000            0.000703           -0.381379            0.000000           28.125967      -133330.317077
           16.950000           -0.000021           -0.000000           -0.000001            0.000502           -0.000000           -0.011594           54.960026            0.051800            0.000000            0.002243           -1.216604            0.000000           28.102231      -133217.793725
           16.970000           -0.000021           -0.000000           -0.000002            0.000846           -0.000000           -0.011574           54.865107            0.051711            0.000000            0.003780           -2.050755            0.000000           28.053697      -132987.719851
           16.990000           -0.000021           -0.000000           -0.000002            0.001189           -0.000000           -0.011544           54.721775            0.051576            0.000000            0.005314           -2.883096            0.000000           27.980408      -132640.298470
           17.010000           -0.000021           -0.000000           -0.000003            0.001532           -0.000000           -0.011503           54.530158            0.051395            0.000000            0.006844           -3.712894            0.000000           27.882430      -132175.836145
           17.030000           -0.000021           -0.000000           -0.000003            0.001873           -0.000000           -0.011453           54.290423            0.051169            0.000000            0.008367           -4.539415            0.000000           27.759849      -131594.742715
           17.050000           -0.000021           -0.000000           -0.000004            0.002212           -0.000000           -0.011392           54.002783            0.050898            0.000000            0.009884           -5.361930            0.000000           27.612772      -130897.530933
           17.070000           -0.000021           -0.000000           -0.000005            0.002549           -0.000000           -0.011321           53.667491            0.050582            0.000000            0.011391           -6.179715            0.000000           27.441330      -130084.816013
           17.090000           -0.000021           -0.000000           -0.000005            0.002885           -0.000000           -0.011240           53.284844            0.050222            0.000000            0.012888           -6.992046            0.000000           27.245674      -129157.315091
           17.110000           -0.000021           -0.000000           -0.000006            0.003217           -0.000000           -0.011150           52.855178            0.049817            0.000000            0.014374           -7.798208            0.000000           27.025977      -128115.846587
           17.130000           -0.000020           -0.000000           -0.000007            0.003547           -0.000000           -0.011049           52.378873            0.049368            0.000000            0.015848           -8.597488            0.000000           26.782432      -126961.329486
           17.150000           -0.000020           -0.000000           -0.000007            0.003874           -0.000000           -0.010939           51.856349            0.048875            0.000000            0.017307           -9.389182            0.000000           26.515255      -125694.782526
           17.170000           -0.000020           -0.000000           -0.000008            0.004197           -0.000000           -0.010819           51.288068            0.048340            0.000000            0.018751          -10.172591            0.000000           26.224680      -124317.323302
           17.190000           -0.000020           -0.000000           -0.000008            0.004516           -0.000000           -0.010690           50.674530            0.047761            0.000000            0.020178          -10.947024            0.000000           25.910966      -122830.167272
           17.210000           -0.000019           -0.000000           -0.000009            0.004832           -0.000000           -0.010551           50.016278            0.047141            0.000000            0.021588          -11.711798            0.000000           25.574387      -121234.626696
           17.230000           -0.000019           -0.000000           -0.000009            0.005143           -0.000000           -0.010403           49.313891            0.046479            0.000000            0.022979          -12.466237            0.000000           25.215242      -119532.109466
           17.250000           -0.000019           -0.000000           -0.000010            0.005450           -0.000000           -0.010245           48.567990            0.045776            0.000000            0.024349          -13.209676            0.000000           24.833847      -117724.117874
           17.270000           -0.000019           -0.000000           -0.000011            0.005752           -0.000000           -0.010079           47.779233            0.045032            0.000000            0.025698          -13.941458            0.000000           24.430539      -115812.247280
           17.290000           -0.000018           -0.000000           -0.000011            0.006048           -0.000000           -0.009904           46.948316            0.044249            0.000000            0.027024          -14.660939            0.000000           24.005673      -113798.184706
           17.310000           -0.000018           -0.000000           -0.000012            0.006340           -0.000000           -0.009720           46.075973            0.043427            0.000000            0.028327          -15.367483            0.000000           23.559625      -111683.707347
           17.330000           -0.000018           -0.000000           -0.000012            0.006626           -0.000000           -0.009527           45.162972            0.042567            0.000000            0.029604          -16.060467            0.000000           23.092788      -109470.681005
           17.350000           -0.000017           -0.000000           -0.000013            0.006906           -0.000000           -0.009326           44.210119            0.041669            0.000000            0.030855          -16.739280            0.000000           22.605575      -107161.058440
           17.370000           -0.000017           -0.000000           -0.000013            0.007180           -0.000000           -0.009117           43.218256            0.040734            0.000000            0.032079          -17.403321            0.000000           22.098414      -104756.877649
           17.390000           -0.000016           -0.000000           -0.000014            0.007447           -0.000000           -0.008900           42.188257            0.039763            0.000000            0.033275          -18.052006            0.000000           21.571753      -102260.260064
           17.410000           -0.000016           -0.000000           -0.000014            0.007709           -0.000000           -0.008674           41.121031            0.038757            0.000000            0.034441          -18.684763            0.000000           21.026058       -99673.408685
           17.430000           -0.000016           -0.000000           -0.000015            0.007963           -0.000000           -0.008442           40.017521            0.037717            0.000000            0.035577          -19.301031            0.000000           20.461810       -96998.606133
           17.450000           -0.000015           -0.000000           -0.000015            0.008210           -0.000000           -0.008201           38.878700            0.036644            0.000000            0.036682          -19.900269            0.000000           19.879506       -94238.212636
           17.470000           -0.000015           -0.000000           -0.000016            0.008450           -0.000000           -0.007954           37.705572            0.035538            0.000000            0.037754          -20.481947            0.000000           19.279661       -91394.663949
           17.490000           -0.000014           -0.000000           -0.000016            0.008683           -0.000000           -0.007699           36.499173            0.034401            0.000000            0.038793          -21.045552            0.000000           18.662804       -88470.469199
           17.510000           -0.000014           -0.000000           -0.000016            0.008907           -0.000000           -0.007438           35.260567            0.033233            0.000000            0.039798          -21.590586            0.000000           18.029478       -85468.208678
           17.530000           -0.000013           -0.000000           -0.000017            0.009124           -0.000000           -0.007170           33.990848            0.032037            0.000000            0.040767          -22.116569            0.000000           17.380244       -82390.531561
           17.550000           -0.000013           -0.000000           -0.000017            0.009333           -0.000000           -0.006896           32.691135            0.030812            0.000000            0.041701          -22.623036            0.000000           16.715673       -79240.153570
           17.570000           -0.000012           -0.000000           -0.000018            0.009534           -0.000000           -0.006616           31.362576            0.029560            0.000000            0.042597          -23.109541            0.000000           16.036352       -76019.854579
           17.590000           -0.000012           -0.000000           -0.000018            0.009726           -0.000000           -0.006330           30.006343            0.028281            0.000000            0.043457          -23.575654            0.000000           15.342881       -72732.476158
           17.610000           -0.000011           -0.000000           -0.000018            0.009910           -0.000000           -0.006038           28.623632            0.026978            0.000000            0.044277          -24.020964            0.000000           14.635872       -69380.919069
           17.630000           -0.000011           -0.000000           -0.000019            0.010085           -0.000000           -0.005741           27.215664            0.025651            0.000000            0.045059          -24.445079            0.000000           13.915948       -65968.140705
           17.650000           -0.000010           -0.000000           -0.000019            0.010251           -0.000000           -0.005439           25.783681            0.024301            0.000000            0.045801          -24.847623            0.000000           13.183745       -62497.152478
           17.670000           -0.000009           -0.000000           -0.000019            0.010408           -0.000000           -0.005132           24.328947            0.022930            0.000000            0.046503          -25.228242            0.000000           12.439908       -58971.017168
           17.690000           -0.000009           -0.000000           -0.000019            0.010556           -0.000000           -0.004821           22.852745            0.021539            0.000000            0.047163          -25.586599            0.000000           11.685095       -55392.846212
           17.710000           -0.000008           -0.000000           -0.000020            0.010694           -0.000000           -0.004505           21.356378            0.020129            0.000000            0.047782          -25.922379            0.000000           10.919970       -51765.796966
           17.730000           -0.000008           -0.000000           -0.000020            0.010824           -0.000000           -0.004185           19.841166            0.018701            0.000000            0.048359          -26.235285            0.000000           10.145210       -48093.069915
           17.750000           -0.000007           -0.000000           -0.000020            0.010943           -0.000000           -0.003862           18.308446            0.017256            0.000000            0.048893          -26.525042            0.000000            9.361498       -44377.905849
           17.770000           -0.000007           -0.000000           -0.000020            0.011053           -0.000000           -0.003535           16.759572            0.015796            0.000000            0.049384          -26.791393            0.000000            8.569526       -40623.583004
           17.790000           -0.000006           -0.000000           -0.000021            0.011153           -0.000000           -0.003206           15.195908            0.014322            0.000000            0.049832          -27.034103            0.000000            7.769991       -36833.414173
           17.810000           -0.000005           -0.000000           -0.000021            0.011243           -0.000000           -0.002873           13.618836            0.012836            0.000000            0.050235          -27.252959            0.000000            6.963601       -33010.743774
           17.830000           -0.000005           -0.000000           -0.000021            0.011324           -0.000000           -0.002538           12.029747            0.011338            0.000000            0.050594          -27.447766            0.000000            6.151066       -29158.944907
           17.850000           -0.000004           -0.000000           -0.000021            0.011394           -0.000000           -0.002200           10.430043            0.009830            0.000000            0.050909          -27.618354            0.000000            5.333103       -25281.416376
           17.870000           -0.000003           -0.000000           -0.000021            0.011454           -0.000000           -0.001861            8.821135            0.008314            0.000000            0.051178          -27.764572            0.000000            4.510434       -21381.579686
           17.890000           -0.000003           -0.000000           -0.000021            0.011505           -0.000000           -0.001520            7.204444            0.006790            0.000000            0.051402          -27.886291            0.000000            3.683785       -17462.876028
           17.910000           -0.000002           -0.000000           -0.000021            0.011545           -0.000000           -0.001177            5.581395            0.005261            0.000000            0.051581          -27.983403            0.000000            2.853886       -13528.763241
           17.930000           -0.000002           -0.000000           -0.000021            0.011575           -0.000000           -0.000834            3.953422            0.003726            0.000000            0.051715          -28.055822            0.000000            2.021469        -9582.712760
           17.950000           -0.000001           -0.000000           -0.000021            0.011594           -0.000000           -0.000490            2.321960            0.002188            0.000000            0.051803          -28.103485            0.000000            1.187268        -5628.206556
           17.970000           -0.000000           -0.000000           -0.000021            0.011604           -0.000000           -0.000145            0.688449            0.000649            0.000000            0.051845          -28.126350            0.000000            0.352019        -1668.734058
           17.990000            0.000000           -0.000000           -0.000021            0.011603            0.000000            0.000199           -0.945669           -0.000891            0.000000            0.051841          -28.124396           -0.000000           -0.483541         2292.210920
           18.010000            0.000001           -0.000000           -0.000021            0.011592            0.000000            0.000544           -2.578953           -0.002431            0.000000            0.051792          -28.097626           -0.000000           -1.318674         6251.133266
           18.030000            0.000002           -0.000000           -0.000021            0.011571            0.000000            0.000888           -4.209961           -0.003968            0.000000            0.051697          -28.046062           -0.000000           -2.152643        10204.539652
           18.050000            0.000002           -0.000000           -0.000021            0.011539            0.000000            0.001231           -5.837255           -0.005502            0.000000            0.051556          -27.969751           -0.000000           -2.984713        14148.941618
           18.070000            0.000003           -0.000000           -0.000021            0.011497            0.000000            0.001574           -7.459397           -0.007031            0.000000            0.051370          -27.868759           -0.000000           -3.814149        18080.858649
           18.090000            0.000004           -0.000000           -0.000021            0.011446            0.000000            0.001914           -9.074958           -0.008553            0.000000            0.051139          -27.743177           -0.000000           -4.640219        21996.821248
           18.110000            0.000004           -0.000000           -0.000021            0.011384            0.000000            0.002253          -10.682511           -0.010068            0.000000            0.050862          -27.593113           -0.000000           -5.462195        25893.373993
           18.130000            0.000005           -0.000000           -0.000021            0.011312            0.000000            0.002591          -12.280637           -0.011575            0.000000            0.050541          -27.418702           -0.000000           -6.279351        29767.078591
           18.150000            0.000005           -0.000000           -0.000021            0.011230            0.000000            0.002925          -13.867928           -0.013071            0.000000            0.050174          -27.220097           -0.000000           -7.090966        33614.516912
           18.170000            0.000006           -0.000000           -0.000021            0.011138            0.000000            0.003258          -15.442981           -0.014555            0.000000            0.049764          -26.997473           -0.000000           -7.896325        37432.294000
           18.190000            0.000007           -0.000000           -0.000020            0.011036            0.000000            0.003587          -17.004407           -0.016027            0.000000            0.049310          -26.751026           -0.000000           -8.694715        41217.041073
           18.210000            0.000007           -0.000000           -0.000020            0.010925            0.000000            0.003913          -18.550829           -0.017484            0.000000            0.048812          -26.480975           -0.000000           -9.485434        44965.418494
           18.230000            0.000008           -0.000000           -0.000020            0.010804            0.000000            0.004236          -20.080882           -0.018926            0.000000            0.048271          -26.187557           -0.000000          -10.267782        48674.118721
           18.250000            0.000008           -0.000000           -0.000020            0.010673            0.000000            0.004555          -21.593216           -0.020352            0.000000            0.047688          -25.871031           -0.000000          -11.041071        52339.869219
           18.270000            0.000009           -0.000000           -0.000019            0.010533            0.000000            0.004870          -23.086496           -0.021759            0.000000            0.047062          -25.531677           -0.000000          -11.804616        55959.435353
           18.290000            0.000010           -0.000000           -0.000019            0.010384            0.000000            0.005181          -24.559404           -0.023148            0.000000            0.046395          -25.169793           -0.000000          -12.557746        59529.623243
           18.310000            0.000010           -0.000000           -0.000019            0.010226            0.000000            0.005487          -26.010641           -0.024515            0.000000            0.045687          -24.785701           -0.000000          -13.299794        63047.282578
           18.330000            0.000011           -0.000000           -0.000019            0.010058            0.000000            0.005788          -27.438927           -0.025861            0.000000            0.044939          -24.379737           -0.000000          -14.030107        66509.309396
           18.350000            0.000011           -0.000000           -0.000018            0.009882            0.000000            0.006084          -28.843001           -0.027185            0.000000            0.044151          -23.952261           -0.000000          -14.748040        69912.648829
           18.370000            0.000012           -0.000000           -0.000018            0.009697            0.000000            0.006375          -30.221624           -0.028484            0.000000            0.043324          -23.503649           -0.000000          -15.452959        73254.297792
           18.390000            0.000012           -0.000000           -0.000018            0.009503            0.000000            0.006660          -31.573580           -0.029758            0.000000            0.042459          -23.034298           -0.000000          -16.144243        76531.307635
           18.410000            0.000013           -0.000000           -0.000017            0.009301            0.000000            0.006940          -32.897675           -0.031006            0.000000            0.041556          -22.544622           -0.000000          -16.821281        79740.786745
           18.430000            0.000013           -0.000000           -0.000017            0.009091            0.000000            0.007213          -34.192742           -0.032227            0.000000            0.040617          -22.035053           -0.000000          -17.483476        82879.903099
           18.450000            0.000014           -0.000000           -0.000016            0.008872            0.000000            0.007480          -35.457637           -0.033419            0.000000            0.039642          -21.506039           -0.000000          -18.130244        85945.886762
           18.470000            0.000014           -0.000000           -0.000016            0.008646            0.000000            0.007740          -36.691244           -0.034582            0.000000            0.038632          -20.958050           -0.000000          -18.761014        88936.032328
           18.490000            0.000015           -0.000000           -0.000016            0.008413            0.000000            0.007993          -37.892476           -0.035714            0.000000            0.037587          -20.391566           -0.000000          -19.375229        91847.701313
           18.520000            0.000015           -0.000000           -0.000015            0.008048            0.000000            0.008360          -39.631307           -0.037353            0.000000            0.035959          -19.508265           -0.000000          -20.264331        96062.460486
           18.540000            0.000016           -0.000000           -0.000014            0.007796            0.000000            0.008596          -40.747026           -0.038405            0.000000            0.034834          -18.897770           -0.000000          -20.834821        98766.854643
           18.560000            0.000016           -0.000000           -0.000014            0.007538            0.000000            0.008823          -41.826789           -0.039422            0.000000            0.033678          -18.270600           -0.000000          -21.386927       101384.097565
           18.580000            0.000017           -0.000000           -0.000013            0.007272            0.000000            0.009043          -42.869645           -0.040405            0.000000            0.032492          -17.627308           -0.000000          -21.920162       103911.879813
           18.600000            0.000017           -0.000000           -0.000013            0.007000            0.000000            0.009255          -43.874673           -0.041352            0.000000            0.031278          -16.968462           -0.000000          -22.434054       106347.970888
           18.620000            0.000017           -0.000000           -0.000012            0.006722            0.000000            0.009459          -44.840987           -0.042263            0.000000            0.030036          -16.294643           -0.000000          -22.928151       108690.221200
           18.640000            0.000018           -0.000000           -0.000012            0.006439            0.000000            0.009655          -45.767733           -0.043137            0.000000            0.028767          -15.606446           -0.000000          -23.402016       110936.563961
           18.660000            0.000018           -0.000000           -0.000011            0.006149            0.000000            0.009842          -46.654094           -0.043972            0.000000            0.027473          -14.904477           -0.000000          -23.855231       113085.017014
           18.680000            0.000018           -0.000000           -0.000011            0.005854            0.000000            0.010020          -47.499287           -0.044769            0.000000            0.026155          -14.189358           -0.000000          -24.287396       115133.684577
           18.700000            0.000019           -0.000000           -0.000010            0.005554            0.000000            0.010189          -48.302568           -0.045526            0.000000            0.024814          -13.461717           -0.000000          -24.698131       117080.758919
           18.720000            0.000019           -0.000000           -0.000010            0.005249            0.000000            0.010350          -49.063226           -0.046243            0.000000            0.023451          -12.722198           -0.000000          -25.087072       118924.521955
           18.740000            0.000019           -0.000000           -0.000009            0.004939            0.000000            0.010501          -49.780592           -0.046919            0.000000            0.022067          -11.971453           -0.000000          -25.453876       120663.346760
           18.760000            0.000020           -0.000000           -0.000009            0.004625            0.000000            0.010643          -50.454031           -0.047553            0.000000            0.020663          -11.210144           -0.000000          -25.798220       122295.699005
           18.780000            0.000020           -0.000000           -0.000008            0.004307            0.000000            0.010776          -51.082951           -0.048146            0.000000            0.019242          -10.438944           -0.000000          -26.119800       123820.138314
           18.800000            0.000020           -0.000000           -0.000007            0.003985            0.000000            0.010899          -51.666794           -0.048697            0.000000            0.017803           -9.658533           -0.000000          -26.418331       125235.319532
           18.820000            0.000020           -0.000000           -0.000007            0.003659            0.000000            0.011013          -52.205048           -0.049204            0.000000            0.016349           -8.869598           -0.000000          -26.693552       126539.993912
           18.830000            0.000020           -0.000000           -0.000006            0.003495            0.000000            0.011066          -52.456928           -0.049441            0.000000            0.015617           -8.472153           -0.000000          -26.822344       127150.527438
           18.850000            0.000021           -0.000000           -0.000006            0.003165            0.000000            0.011165          -52.925918           -0.049883            0.000000            0.014141           -7.671742           -0.000000          -27.062148       128287.313745
           18.870000            0.000021           -0.000000           -0.000005            0.002832            0.000000            0.011254          -53.348207           -0.050281            0.000000            0.012653           -6.864562           -0.000000          -27.278073       129310.900152
           18.890000            0.000021           -0.000000           -0.000005            0.002497            0.000000            0.011333          -53.723421           -0.050635            0.000000            0.011154           -6.051324           -0.000000          -27.469928       130220.383456
           18.910000            0.000021           -0.000000           -0.000004            0.002159            0.000000            0.011402          -54.051230           -0.050944            0.000000            0.009645           -5.232747           -0.000000          -27.637544       131014.961133
           18.930000            0.000021           -0.000000           -0.000003            0.001819            0.000000            0.011461          -54.331345           -0.051208            0.000000            0.008128           -4.409553           -0.000000          -27.780773       131693.932053
           18.950000            0.000021           -0.000000           -0.000003            0.001478            0.000000            0.011510          -54.563518           -0.051427            0.000000            0.006604           -3.582468           -0.000000          -27.899488       132256.697097
           18.970000            0.000021           -0.000000           -0.000002            0.001135            0.000000            0.011549          -54.747544           -0.051600            0.000000            0.005073           -2.752221           -0.000000          -27.993584       132702.759684
           18.990000            0.000021           -0.000000           -0.000001            0.000792            0.000000            0.011578          -54.883262           -0.051728            0.000000            0.003538           -1.919546           -0.000000          -28.062980       133031.726212
           19.010000            0.000021           -0.000000           -0.000001            0.000448            0.000000            0.011596          -54.970551           -0.051810            0.000000            0.002000           -1.085177           -0.000000          -28.107612       133243.306403
           19.030000            0.000021           -0.000000           -0.000000            0.000103            0.000000            0.011604          -55.009334           -0.051847            0.000000            0.000461           -0.249851           -0.000000          -28.127443       133337.313559
           19.050000            0.000021            0.000000            0.000000           -0.000242            0.000000            0.011602          -54.999578           -0.051838           -0.000000           -0.001080            0.585696           -0.000000          -28.122454       133313.664730
           19.070000            0.000021            0.000000            0.000001           -0.000586            0.000000            0.011590          -54.941290           -0.051783           -0.000000           -0.002619            1.420726           -0.000000          -28.092651       133172.380783
           19.090000            0.000021            0.000000            0.000002           -0.000930            0.000000            0.011567          -54.834522           -0.051682           -0.000000           -0.004156            2.254502           -0.000000          -28.038058       132913.586386
           19.110000            0.000021            0.000000            0.000002           -0.001273            0.000000            0.011535          -54.679369           -0.051536           -0.000000           -0.005689            3.086290           -0.000000          -27.958725       132537.509897
           19.130000            0.000021            0.000000            0.000003           -0.001615            0.000000            0.011492          -54.475967           -0.051344           -0.000000           -0.007217            3.915353           -0.000000          -27.854721       132044.483164
           19.150000            0.000021            0.000000            0.000004           -0.001956            0.000000            0.011439          -54.224496           -0.051107           -0.000000           -0.008739            4.740962           -0.000000          -27.726139       131434.941231
           19.170000            0.000021            0.000000            0.000004           -0.002295            0.000000            0.011375          -53.925177           -0.050825           -0.000000           -0.010253            5.562388           -0.000000          -27.573091       130709.421954
           19.190000            0.000021            0.000000            0.000005           -0.002632            0.000000            0.011302          -53.578276           -0.050498           -0.000000           -0.011758            6.378905           -0.000000          -27.395712       129868.565525
           19.210000            0.000021            0.000000            0.000005           -0.002966            0.000000            0.011219          -53.184097           -0.050127           -0.000000           -0.013253            7.189793           -0.000000          -27.194160       128913.113912
           19.230000            0.000021            0.000000            0.000006           -0.003298            0.000000            0.011126          -52.742989           -0.049711           -0.000000           -0.014736            7.994338           -0.000000          -26.968612       127843.910198
           19.250000            0.000020            0.000000            0.000007           -0.003627            0.000000            0.011023          -52.255340           -0.049251           -0.000000           -0.016206            8.791828           -0.000000          -26.719267       126661.897843
           19.270000            0.000020            0.000000            0.000007           -0.003953            0.000000            0.010911          -51.721582           -0.048748           -0.000000           -0.017662            9.581560           -0.000000          -26.446346       125368.119845
           19.290000            0.000020            0.000000            0.000008           -0.004275            0.000000            0.010788          -51.142185           -0.048202           -0.000000           -0.019102           10.362838           -0.000000          -26.150088       123963.717828
           19.310000            0.000020            0.000000            0.000008           -0.004594            0.000000            0.010657          -50.517661           -0.047613           -0.000000           -0.020525           11.134971           -0.000000          -25.830755       122449.931025
           19.330000            0.000019            0.000000            0.000009           -0.004908            0.000000            0.010516          -49.848560           -0.046983           -0.000000           -0.021930           11.897279           -0.000000          -25.488629       120828.095192
           19.350000            0.000019            0.000000            0.000010           -0.005218            0.000000            0.010365          -49.135473           -0.046311           -0.000000           -0.023316           12.649089           -0.000000          -25.124013       119099.641428
           19.370000            0.000019            0.000000            0.000010           -0.005524            0.000000            0.010206          -48.379030           -0.045598           -0.000000           -0.024681           13.389738           -0.000000          -24.737227       117266.094908
           19.390000            0.000019            0.000000            0.000011           -0.005825            0.000000            0.010037          -47.579896           -0.044845           -0.000000           -0.026025           14.118571           -0.000000          -24.328613       115329.073543
           19.410000            0.000018            0.000000            0.000011           -0.006120            0.000000            0.009860          -46.738779           -0.044052           -0.000000           -0.027345           14.834947           -0.000000          -23.898532       113290.286546
           19.430000            0.000018            0.000000            0.000012           -0.006410            0.000000            0.009673          -45.856420           -0.043220           -0.000000           -0.028641           15.538232           -0.000000          -23.447363       111151.532931
           19.450000            0.000017            0.000000            0.000012           -0.006695            0.000000            0.009479          -44.933597           -0.042350           -0.000000           -0.029912           16.227806           -0.000000          -22.975504       108914.699921
           19.470000            0.000017            0.000000            0.000013           -0.006973            0.000000            0.009276          -43.971125           -0.041443           -0.000000           -0.031157           16.903061           -0.000000          -22.483372       106581.761281
           19.490000            0.000017            0.000000            0.000013           -0.007246            0.000000            0.009064          -42.969854           -0.040500           -0.000000           -0.032374           17.563401           -0.000000          -21.971401       104154.775583
           19.510000            0.000016            0.000000            0.000014           -0.007512            0.000000            0.008845          -41.930666           -0.039520           -0.000000           -0.033563           18.208243           -0.000000          -21.440042       101635.884383
           19.530000            0.000016            0.000000            0.000014           -0.007771            0.000000            0.008618          -40.854479           -0.038506           -0.000000           -0.034722           18.837018           -0.000000          -20.889764        99027.310334
           19.550000            0.000015            0.000000            0.000015           -0.008024            0.000000            0.008384          -39.742242           -0.037458           -0.000000           -0.035850           19.449171           -0.000000          -20.321054        96331.355224
           19.570000            0.000015            0.000000            0.000015           -0.008269            0.000000            0.008142          -38.594936           -0.036376           -0.000000           -0.036947           20.044163           -0.000000          -19.734412        93550.397948
           19.590000            0.000015            0.000000            0.000016           -0.008508            0.000000            0.007892          -37.413575           -0.035263           -0.000000           -0.038011           20.621468           -0.000000          -19.130357        90686.892404
           19.610000            0.000014            0.000000            0.000016           -0.008738            0.000000            0.007636          -36.199200           -0.034118           -0.000000           -0.039042           21.180576           -0.000000          -18.509421        87743.365332
           19.630000            0.000014            0.000000            0.000017           -0.008961            0.000000            0.007373          -34.952884           -0.032943           -0.000000           -0.040038           21.720995           -0.000000          -17.872153        84722.414079
           19.650000            0.000013            0.000000            0.000017           -0.009176            0.000000            0.007104          -33.675725           -0.031740           -0.000000           -0.040999           22.242248           -0.000000          -17.219115        81626.704315
           19.670000            0.000013            0.000000            0.000017           -0.009383            0.000000            0.006828          -32.368851           -0.030508           -0.000000           -0.041923           22.743874           -0.000000          -16.550882        78458.967673
           19.690000            0.000012            0.000000            0.000018           -0.009582            0.000000            0.006546          -31.033414           -0.029249           -0.000000           -0.042811           23.225431           -0.000000          -15.868045        75221.999344
           19.710000            0.000012            0.000000            0.000018           -0.009772            0.000000            0.006259          -29.670595           -0.027965           -0.000000           -0.043661           23.686494           -0.000000          -15.171206        71918.655608
           19.730000            0.000011            0.000000            0.000018           -0.009954            0.000000            0.005966          -28.281594           -0.026656           -0.000000           -0.044472           24.126656           -0.000000          -14.460981        68551.851314
           19.750000            0.000010            0.000000            0.000019           -0.010126            0.000000            0.005668          -26.867637           -0.025323           -0.000000           -0.045244           24.545529           -0.000000          -13.737995        65124.557309
           19.770000            0.000010            0.000000            0.000019           -0.010290            0.000000            0.005364          -25.429973           -0.023968           -0.000000           -0.045977           24.942743           -0.000000          -13.002886        61639.797814
           19.790000            0.000009            0.000000            0.000019           -0.010445            0.000000            0.005056          -23.969869           -0.022592           -0.000000           -0.046668           25.317948           -0.000000          -12.256304        58100.647759
           19.810000            0.000009            0.000000            0.000020           -0.010591            0.000000            0.004744          -22.488615           -0.021196           -0.000000           -0.047319           25.670813           -0.000000          -11.498907        54510.230067
           19.830000            0.000008            0.000000            0.000020           -0.010727            0.000000            0.004427          -20.987516           -0.019781           -0.000000           -0.047927           26.001025           -0.000000          -10.731364        50871.712900
           19.850000            0.000008            0.000000            0.000020           -0.010854            0.000000            0.004107          -19.467899           -0.018349           -0.000000           -0.048494           26.308295           -0.000000           -9.954351        47188.306861
           19.870000            0.000007            0.000000            0.000020           -0.010971            0.000000            0.003783          -17.931103           -0.016900           -0.000000           -0.049017           26.592350           -0.000000           -9.168555        43463.262165
           19.890000            0.000006            0.000000            0.000020           -0.011078            0.000000            0.003455          -16.378485           -0.015437           -0.000000           -0.049498           26.852941           -0.000000           -8.374668        39699.865767
           19.910000            0.000006            0.000000            0.000021           -0.011176            0.000000            0.003124          -14.811415           -0.013960           -0.000000           -0.049934           27.089836           -0.000000           -7.573391        35901.438462
           19.930000            0.000005            0.000000            0.000021           -0.011264            0.000000            0.002791          -13.231275           -0.012471           -0.000000           -0.050327           27.302828           -0.000000           -6.765432        32071.331961
           19.950000            0.000005            0.000000            0.000021           -0.011342            0.000000            0.002455          -11.639460           -0.010970           -0.000000           -0.050675           27.491728           -0.000000           -5.951503        28212.925922
           19.970000            0.000004            0.000000            0.000021           -0.011410            0.000000            0.002117          -10.037374           -0.009460           -0.000000           -0.050979           27.656369           -0.000000           -5.132323        24329.624980
           19.990000            0.000003            0.000000            0.000021           -0.011468            0.000000            0.001778           -8.426431           -0.007942           -0.000000           -0.051237           27.796607           -0.000000           -4.308614        20424.855734
           20.010000            0.000003            0.000000            0.000021           -0.011515            0.000000            0.001436           -6.808053           -0.006417           -0.000000           -0.051450           27.912316           -0.000000           -3.481103        16502.063726
           20.030000            0.000002            0.000000            0.000021           -0.011553            0.000000            0.001093           -5.183668           -0.004886           -0.000000           -0.051618           28.003397           -0.000000           -2.650520        12564.710404
           20.050000            0.000001            0.000000            0.000021           -0.011580            0.000000            0.000750           -3.554708           -0.003350           -0.000000           -0.051741           28.069767           -0.000000           -1.817598         8616.270063
           20.070000            0.000001            0.000000            0.000021           -0.011598            0.000000            0.000406           -1.922612           -0.001812           -0.000000           -0.051817           28.111369           -0.000000           -0.983073         4660.226781
           20.090000            0.000000            0.000000            0.000021           -0.011604            0.000000            0.000061           -0.288820           -0.000272           -0.000000           -0.051848           28.128165           -0.000000           -0.147680          700.071344
           20.110000           -0.000001            0.000000            0.000021           -0.011601           -0.000000           -0.000284            1.345228            0.001268           -0.000000           -0.051833           28.120141            0.000000            0.687844        -3260.701831
           20.130000           -0.000001            0.000000            0.000021           -0.011588           -0.000000           -0.000628            2.978088            0.002807           -0.000000           -0.051773           28.087305            0.000000            1.522760        -7218.597784
           20.150000           -0.000002            0.000000            0.000021           -0.011564           -0.000000           -0.000972            4.608321            0.004343           -0.000000           -0.051667           28.029684            0.000000            2.356332       -11170.124092
           20.170000           -0.000002            0.000000            0.000021           -0.011530           -0.000000           -0.001315            6.234487            0.005876           -0.000000           -0.051515           27.947330            0.000000            3.187826       -15111.793956
           20.190000           -0.000003            0.000000            0.000021           -0.011486           -0.000000           -0.001657            7.855152            0.007404           -0.000000           -0.051318           27.840315            0.000000            4.016506       -19040.129269
           20.210000           -0.000004            0.000000            0.000021           -0.011431           -0.000000           -0.001997            9.468885            0.008925           -0.000000           -0.051075           27.708735            0.000000            4.841643       -22951.663696
           20.230000           -0.000004            0.000000            0.000021           -0.011367           -0.000000           -0.002336           11.074264            0.010438           -0.000000           -0.050788           27.552704            0.000000            5.662507       -26842.945722
           20.250000           -0.000005            0.000000            0.000021           -0.011293           -0.000000           -0.002673           12.669870            0.011941           -0.000000           -0.050455           27.372361            0.000000            6.478374       -30710.541706
           20.270000           -0.000006            0.000000            0.000021           -0.011208           -0.000000           -0.003007           14.254297            0.013435           -0.000000           -0.050078           27.167865            0.000000            7.288525       -34551.038906
           20.290000           -0.000006            0.000000            0.000020           -0.011114           -0.000000           -0.003339           15.826146            0.014916           -0.000000           -0.049657           26.939396            0.000000            8.092245       -38361.048493
           20.310000           -0.000007            0.000000            0.000020           -0.011010           -0.000000           -0.003667           17.384030            0.016385           -0.000000           -0.049192           26.687156            0.000000            8.888824       -42137.208537
           20.330000           -0.000007            0.000000            0.000020           -0.010896           -0.000000           -0.003993           18.926574            0.017839           -0.000000           -0.048684           26.411367            0.000000            9.677560       -45876.186980
           20.350000           -0.000008            0.000000            0.000020           -0.010773           -0.000000           -0.004314           20.452417            0.019277           -0.000000           -0.048132           26.112273            0.000000           10.457756       -49574.684572
           20.370000           -0.000009            0.000000            0.000020           -0.010640           -0.000000           -0.004632           21.960214            0.020698           -0.000000           -0.047539           25.790138            0.000000           11.228725       -53229.437782
           20.390000           -0.000009            0.000000            0.000019           -0.010498           -0.000000           -0.004946           23.448633            0.022101           -0.000000           -0.046903           25.445246            0.000000           11.989785       -56837.221680
           20.410000           -0.000010            0.000000            0.000019           -0.010346           -0.000000           -0.005256           24.916361            0.023484           -0.000000           -0.046226           25.077901            0.000000           12.740266       -60394.852779
           20.430000           -0.000010            0.000000            0.000019           -0.010185           -0.000000           -0.005561           26.362103            0.024847           -0.000000           -0.045508           24.688427            0.000000           13.479504       -63899.191850
           20.450000           -0.000011            0.000000            0.000018           -0.010016           -0.000000           -0.005861           27.784583            0.026187           -0.000000           -0.044750           24.277169            0.000000           14.206849       -67347.146686
           20.470000           -0.000011            0.000000            0.000018           -0.009837           -0.000000           -0.006156           29.182547            0.027505           -0.000000           -0.043952           23.844489            0.000000           14.921657       -70735.674834
           20.490000           -0.000012            0.000000            0.000018           -0.009650           -0.000000           -0.006446           30.554760            0.028798           -0.000000           -0.043116           23.390768            0.000000           15.623299       -74061.786279
           20.520000           -0.000013            0.000000            0.000017           -0.009353           -0.000000           -0.006869           32.562155            0.030690           -0.000000           -0.041790           22.671617            0.000000           16.649722       -78927.517646
           20.540000           -0.000013            0.000000            0.000017           -0.009145           -0.000000           -0.007144           33.864746            0.031918           -0.000000           -0.040860           22.167087            0.000000           17.315765       -82084.873813
           20.560000           -0.000014            0.000000            0.000016           -0.008929           -0.000000           -0.007412           35.137456            0.033117           -0.000000           -0.039894           21.642997            0.000000           17.966529       -85169.798817
           20.580000           -0.000014            0.000000            0.000016           -0.008705           -0.000000           -0.007674           36.379160            0.034288           -0.000000           -0.038893           21.099810            0.000000           18.601439       -88179.570539
           20.600000           -0.000015            0.000000            0.000016           -0.008473           -0.000000           -0.007929           37.588764            0.035428           -0.000000           -0.037857           20.538004            0.000000           19.219935       -91111.533177
           20.620000           -0.000015            0.000000            0.000015           -0.008234           -0.000000           -0.008178           38.765200            0.036537           -0.000000           -0.036788           19.958075            0.000000           19.821471       -93963.099586
           20.640000           -0.000016            0.000000            0.000015           -0.007987           -0.000000           -0.008418           39.907429            0.037613           -0.000000           -0.035687           19.360536            0.000000           20.405518       -96731.753562
           20.660000           -0.000016            0.000000            0.000014           -0.007734           -0.000000           -0.008652           41.014444            0.038657           -0.000000           -0.034554           18.745912            0.000000           20.971558       -99415.052062
           20.680000           -0.000016            0.000000            0.000014           -0.007473           -0.000000           -0.008878           42.085269            0.039666           -0.000000           -0.033391           18.114748            0.000000           21.519094      -102010.627361
           20.700000           -0.000017            0.000000            0.000013           -0.007206           -0.000000           -0.009096           43.118958            0.040640           -0.000000           -0.032198           17.467599            0.000000           22.047641      -104516.189141
           20.720000           -0.000017            0.000000            0.000013           -0.006933           -0.000000           -0.009306           44.114599            0.041579           -0.000000           -0.030976           16.805037            0.000000           22.556733      -106929.526509
           20.740000           -0.000018            0.000000            0.000012           -0.006654           -0.000000           -0.009508           45.071313            0.042480           -0.000000           -0.029728           16.127647            0.000000           23.045921      -109248.509953
           20.760000           -0.000018            0.000000            0.000012           -0.006368           -0.000000           -0.009701           45.988257            0.043344           -0.000000           -0.028453           15.436025            0.000000           23.514774      -111471.093216
           20.780000           -0.000018            0.000000            0.000011           -0.006077           -0.000000           -0.009886           46.864621            0.044170           -0.000000           -0.027153           14.730783            0.000000           23.962878      -113595.315105
           20.800000           -0.000019            0.000000            0.000011           -0.005781           -0.000000           -0.010062           47.699632            0.044957           -0.000000           -0.025829           14.012542            0.000000           24.389837      -115619.301221
           20.820000           -0.000019            0.000000            0.000010           -0.005480           -0.000000           -0.010229           48.492553            0.045705           -0.000000           -0.024482           13.281937            0.000000           24.795274      -117541.265611
           20.840000           -0.000019            0.000000            0.000010           -0.005173           -0.000000           -0.010388           49.242685            0.046412           -0.000000           -0.023114           12.539612            0.000000           25.178833      -119359.512347
           20.860000           -0.000019            0.000000            0.000009           -0.004862           -0.000000           -0.010537           49.949365            0.047078           -0.000000           -0.021725           11.786222            0.000000           25.540173      -121072.437018
           20.880000           -0.000020            0.000000            0.000008           -0.004547           -0.000000           -0.010677           50.611970            0.047702           -0.000000           -0.020317           11.022432            0.000000           25.878977      -122678.528152
           20.900000           -0.000020            0.000000            0.000008           -0.004228           -0.000000           -0.010807           51.229916            0.048285           -0.000000           -0.018892           10.248916            0.000000           26.194946      -124176.368544
           20.920000           -0.000020            0.000000            0.000007           -0.003905           -0.000000           -0.010928           51.802657            0.048825           -0.000000           -0.017449            9.466356            0.000000           26.487801      -125564.636509
           20.930000           -0.000020            0.000000            0.000007           -0.003743           -0.000000           -0.010985           52.071916            0.049078           -0.000000           -0.016722            9.071901            0.000000           26.625478      -126217.294212
           20.950000           -0.000020            0.000000            0.000006           -0.003415           -0.000000           -0.011091           52.575914            0.049553           -0.000000           -0.015257            8.277073            0.000000           26.883183      -127438.937177
           20.970000           -0.000021            0.000000            0.000006           -0.003084           -0.000000           -0.011187           53.033519            0.049985           -0.000000           -0.013778            7.474941            0.000000           27.117167      -128548.128845
           20.990000           -0.000021            0.000000            0.000005           -0.002750           -0.000000           -0.011274           53.444329            0.050372           -0.000000           -0.012288            6.666214            0.000000           27.327222      -129543.890473
           21.010000           -0.000021            0.000000            0.000004           -0.002414           -0.000000           -0.011351           53.807979            0.050715           -0.000000           -0.010786            5.851604            0.000000           27.513164      -130425.343408
           21.030000           -0.000021            0.000000            0.000004           -0.002076           -0.000000           -0.011417           54.124149            0.051013           -0.000000           -0.009275            5.031831            0.000000           27.674829      -131191.709861
           21.050000           -0.000021            0.000000            0.000003           -0.001736           -0.000000           -0.011474           54.392561            0.051266           -0.000000           -0.007756            4.207617            0.000000           27.812074      -131842.313595
           21.070000           -0.000021            0.000000            0.000003           -0.001394           -0.000000           -0.011521           54.612977            0.051473           -0.000000           -0.006230            3.379692            0.000000           27.924777      -132376.580522
           21.090000           -0.000021            0.000000            0.000002           -0.001052           -0.000000           -0.011557           54.785202            0.051636           -0.000000           -0.004698            2.548783            0.000000           28.012840      -132794.039208
           21.110000           -0.000021            0.000000            0.000001           -0.000708           -0.000000           -0.011583           54.909086            0.051752           -0.000000           -0.003162            1.715626            0.000000           28.076184      -133094.321290
           21.130000           -0.000021            0.000000            0.000001           -0.000363           -0.000000           -0.011599           54.984518            0.051824           -0.000000           -0.001624            0.880955            0.000000           28.114754      -133277.161802
           21.150000           -0.000021            0.000000            0.000000           -0.000019           -0.000000           -0.011605           55.011433            0.051849           -0.000000           -0.000084            0.045507            0.000000           28.128516      -133342.399405
           21.170000           -0.000021           -0.000000           -0.000001            0.000326           -0.000000           -0.011600           54.989805            0.051829            0.000000            0.001456           -0.789982            0.000000           28.117457      -133289.976535
           21.190000           -0.000021           -0.000000           -0.000001            0.000670           -0.000000           -0.011585           54.919655            0.051762            0.000000            0.002995           -1.624773            0.000000           28.081588      -133119.939449
           21.210000           -0.000021           -0.000000           -0.000002            0.001014           -0.000000           -0.011560           54.801044            0.051651            0.000000            0.004531           -2.458131            0.000000           28.020940      -132832.438188
           21.230000           -0.000021           -0.000000           -0.000003            0.001357           -0.000000           -0.011525           54.634077            0.051493            0.000000            0.006063           -3.289320            0.000000           27.935566      -132427.726439
           21.250000           -0.000021           -0.000000           -0.000003            0.001699           -0.000000           -0.011480           54.418902            0.051290            0.000000            0.007590           -4.117606            0.000000           27.825542      -131906.161319
           21.270000           -0.000021           -0.000000           -0.000004            0.002039           -0.000000           -0.011424           54.155707            0.051042            0.000000            0.009110           -4.942259            0.000000           27.690965      -131268.203052
           21.290000           -0.000021           -0.000000           -0.000004            0.002377           -0.000000           -0.011359           53.844726            0.050749            0.000000            0.010622           -5.762551            0.000000           27.531954      -130514.414570
           21.310000           -0.000021           -0.000000           -0.000005            0.002714           -0.000000           -0.011283           53.486232            0.050411            0.000000            0.012125           -6.577758            0.000000           27.348649      -129645.461010
           21.330000           -0.000021           -0.000000           -0.000006            0.003048           -0.000000           -0.011197           53.080543            0.050029            0.000000            0.013617           -7.387161            0.000000           27.141211      -128662.109131
           21.350000           -0.000020           -0.000000           -0.000006            0.003379           -0.000000           -0.011102           52.628016            0.049602            0.000000            0.015097           -8.190046            0.000000           26.909824      -127565.226637
           21.370000           -0.000020           -0.000000           -0.000007            0.003707           -0.000000           -0.010997           52.129050            0.049132            0.000000            0.016563           -8.985703            0.000000           26.654692      -126355.781410
           21.390000           -0.000020           -0.000000           -0.000007            0.004032           -0.000000           -0.010882           51.584085            0.048619            0.000000            0.018015           -9.773432            0.000000           26.376040      -125034.840656
           21.410000           -0.000020           -0.000000           -0.000008            0.004354           -0.000000           -0.010757           50.993604            0.048062            0.000000            0.019451          -10.552537            0.000000           26.074115      -123603.569965
           21.430000           -0.000020           -0.000000           -0.000009            0.004671           -0.000000           -0.010623           50.358125            0.047463            0.000000            0.020870          -11.322330            0.000000           25.749181      -122063.232281
           21.450000           -0.000019           -0.000000           -0.000009            0.004985           -0.000000           -0.010480           49.678212            0.046822            0.000000            0.022271          -12.082133            0.000000           25.401527      -120415.186788
           21.470000           -0.000019           -0.000000           -0.000010            0.005294           -0.000000           -0.010327           48.954462            0.046140            0.000000            0.023652          -12.831274            0.000000           25.031458      -118660.887711
           21.490000           -0.000019           -0.000000           -0.000010            0.005598           -0.000000           -0.010165           48.187515            0.045417            0.000000            0.025012          -13.569093            0.000000           24.639302      -116801.883031
           21.510000           -0.000018           -0.000000           -0.000011            0.005897           -0.000000           -0.009994           47.378048            0.044654            0.000000            0.026350          -14.294939            0.000000           24.225404      -114839.813124
           21.530000           -0.000018           -0.000000           -0.000011            0.006192           -0.000000           -0.009815           46.526775            0.043852            0.000000            0.027664          -15.008171            0.000000           23.790130      -112776.409305
           21.550000           -0.000018           -0.000000           -0.000012            0.006481           -0.000000           -0.009627           45.634447            0.043011            0.000000            0.028955          -15.708160            0.000000           23.333864      -110613.492311
           21.570000           -0.000017           -0.000000           -0.000012            0.006764           -0.000000           -0.009430           44.701852            0.042132            0.000000            0.030219          -16.394288            0.000000           22.857008      -108352.970684
           21.590000           -0.000017           -0.000000           -0.000013            0.007041           -0.000000           -0.009225           43.729811            0.041216            0.000000            0.031457          -17.065950            0.000000           22.359983      -105996.839095
           21.610000           -0.000017           -0.000000           -0.000013            0.007312           -0.000000           -0.009012           42.719184            0.040263            0.000000            0.032668          -17.722553            0.000000           21.843228      -103547.176579
           21.630000           -0.000016           -0.000000           -0.000014            0.007576           -0.000000           -0.008790           41.670862            0.039275            0.000000            0.033849          -18.363518            0.000000           21.307198      -101006.144701
           21.650000           -0.000016           -0.000000           -0.000014            0.007834           -0.000000           -0.008562           40.585770            0.038253            0.000000            0.035001          -18.988279            0.000000           20.752368       -98375.985653
           21.670000           -0.000015           -0.000000           -0.000015            0.008085           -0.000000           -0.008325           39.464865            0.037196            0.000000            0.036122          -19.596284            0.000000           20.179225       -95659.020270
           21.690000           -0.000015           -0.000000           -0.000015            0.008328           -0.000000           -0.008081           38.309136            0.036107            0.000000            0.037210          -20.186999            0.000000           19.588276       -92857.645984
           21.710000           -0.000014           -0.000000           -0.000016            0.008565           -0.000000           -0.007830           37.119604            0.034986            0.000000            0.038266          -20.759900            0.000000           18.980043       -89974.334710
           21.730000           -0.000014           -0.000000           -0.000016            0.008793           -0.000000           -0.007573           35.897318            0.033834            0.000000            0.039289          -21.314483            0.000000           18.355062       -87011.630664
           21.750000           -0.000013           -0.000000           -0.000017            0.009014           -0.000000           -0.007308           34.643356            0.032652            0.000000            0.040276          -21.850258            0.000000           17.713885       -83972.148115
           21.770000           -0.000013           -0.000000           -0.000017            0.009228           -0.000000           -0.007037           33.358825            0.031441            0.000000            0.041228          -22.366752            0.000000           17.057077       -80858.569085
           21.790000           -0.000012           -0.000000           -0.000017            0.009433           -0.000000           -0.006760           32.044858            0.030203            0.000000            0.042144          -22.863511            0.000000           16.385218       -77673.640975
           21.810000           -0.000012           -0.000000           -0.000018            0.009629           -0.000000           -0.006477           30.702615            0.028938            0.000000            0.043022          -23.340094            0.000000           15.698901       -74420.174145
           21.830000           -0.000011           -0.000000           -0.000018            0.009817           -0.000000           -0.006188           29.333281            0.027647            0.000000            0.043863          -23.796083            0.000000           14.998731       -71101.039433
           21.850000           -0.000011           -0.000000           -0.000018            0.009997           -0.000000           -0.005894           27.938063            0.026332            0.000000            0.044665          -24.231074            0.000000           14.285326       -67719.165622
           21.870000           -0.000010           -0.000000           -0.000019            0.010167           -0.000000           -0.005594           26.518192            0.024994            0.000000            0.045427          -24.644684            0.000000           13.559316       -64277.536857
           21.890000           -0.000010           -0.000000           -0.000019            0.010329           -0.000000           -0.005290           25.074922            0.023633            0.000000            0.046150          -25.036547            0.000000           12.821341       -60779.190008
           21.910000           -0.000009           -0.000000           -0.000019            0.010482           -0.000000           -0.004980           23.609527            0.022252            0.000000            0.046831          -25.406318            0.000000           12.072053       -57227.211993
           21.930000           -0.000009           -0.000000           -0.000020            0.010625           -0.000000           -0.004667           22.123298            0.020851            0.000000            0.047471          -25.753671            0.000000           11.312113       -53624.737055
           21.950000           -0.000008           -0.000000           -0.000020            0.010759           -0.000000           -0.004349           20.617548            0.019432            0.000000            0.048070          -26.078299            0.000000           10.542191       -49974.943995
           21.970000           -0.000007           -0.000000           -0.000020            0.010883           -0.000000           -0.004028           19.093605            0.017996            0.000000            0.048626          -26.379916            0.000000            9.762966       -46281.053367
           21.990000           -0.000007           -0.000000           -0.000020            0.010998           -0.000000           -0.003703           17.552814            0.016544            0.000000            0.049139          -26.658255            0.000000            8.975127       -42546.324636
           22.010000           -0.000006           -0.000000           -0.000020            0.011103           -0.000000           -0.003374           15.996534            0.015077            0.000000            0.049608          -26.913072            0.000000            8.179368       -38774.053303
           22.030000           -0.000006           -0.000000           -0.000021            0.011199           -0.000000           -0.003043           14.426139            0.013597            0.000000            0.050034          -27.144140            0.000000            7.376392       -34967.567995
           22.050000           -0.000005           -0.000000           -0.000021            0.011284           -0.000000           -0.002709           12.843015            0.012105            0.000000            0.050416          -27.351256            0.000000            6.566907       -31130.227530
           22.070000           -0.000004           -0.000000           -0.000021            0.011359           -0.000000           -0.002373           11.248558            0.010602            0.000000            0.050753          -27.534238            0.000000            5.751627       -27265.417954
           22.090000           -0.000004           -0.000000           -0.000021            0.011425           -0.000000           -0.002034            9.644175            0.009090            0.000000            0.051046          -27.692924            0.000000            4.931272       -23376.549548
           22.110000           -0.000003           -0.000000           -0.000021            0.011480           -0.000000           -0.001694            8.031283            0.007570            0.000000            0.051293          -27.827174            0.000000            4.106566       -19467.053826
           22.130000           -0.000002           -0.000000           -0.000021            0.011526           -0.000000           -0.001352            6.411304            0.006043            0.000000            0.051496          -27.936869            0.000000            3.278236       -15540.380501
           22.150000           -0.000002           -0.000000           -0.000021            0.011561           -0.000000           -0.001010            4.785667            0.004511            0.000000            0.051652          -28.021913            0.000000            2.447013       -11599.994445
           22.170000           -0.000001           -0.000000           -0.000021            0.011586           -0.000000           -0.000666            3.155808            0.002974            0.000000            0.051764          -28.082231            0.000000            1.613632        -7649.372628
           22.190000           -0.000001           -0.000000           -0.000021            0.011600           -0.000000           -0.000321            1.523163            0.001436            0.000000            0.051829          -28.117769            0.000000            0.778826        -3692.001054
           22.210000            0.000000           -0.000000           -0.000021            0.011605            0.000000            0.000023           -0.110825           -0.000104            0.000000            0.051849          -28.128496           -0.000000           -0.056667          268.628317
           22.230000            0.000001           -0.000000           -0.000021            0.011599            0.000000            0.000368           -1.744715           -0.001644            0.000000            0.051823          -28.114402           -0.000000           -0.892110         4229.020653
           22.250000            0.000001           -0.000000           -0.000021            0.011583            0.000000            0.000712           -3.377066           -0.003183            0.000000            0.051751          -28.075501           -0.000000           -1.726766         8185.681329
           22.270000            0.000002           -0.000000           -0.000021            0.011556            0.000000            0.001056           -5.006437           -0.004719            0.000000            0.051634          -28.011826           -0.000000           -2.559898        12135.119011
           22.290000            0.000003           -0.000000           -0.000021            0.011520            0.000000            0.001399           -6.631390           -0.006250            0.000000            0.051471          -27.923434           -0.000000           -3.390771        16073.848743
           22.310000            0.000003           -0.000000           -0.000021            0.011473            0.000000            0.001740           -8.250492           -0.007776            0.000000            0.051263          -27.810402           -0.000000           -4.218652        19998.395015
           22.330000            0.000004           -0.000000           -0.000021            0.011417            0.000000            0.002080           -9.862313           -0.009295            0.000000            0.051009          -27.672830           -0.000000           -5.042811        23905.294832
           22.350000            0.000004           -0.000000           -0.000021            0.011350            0.000000            0.002419          -11.465432           -0.010806            0.000000            0.050710          -27.510841           -0.000000           -5.862520        27791.100771
           22.370000            0.000005           -0.000000           -0.000021            0.011273            0.000000            0.002755          -13.058435           -0.012308            0.000000            0.050367          -27.324575           -0.000000           -6.677055        31652.384021
           22.390000            0.000006           -0.000000           -0.000021            0.011186            0.000000            0.003088          -14.639914           -0.013798            0.000000            0.049979          -27.114199           -0.000000           -7.485700        35485.737413
           22.410000            0.000006           -0.000000           -0.000020            0.011090            0.000000            0.003419          -16.208475           -0.015277            0.000000            0.049547          -26.879897           -0.000000           -8.287738        39287.778418
           22.430000            0.000007           -0.000000           -0.000020            0.010983            0.000000            0.003747          -17.762734           -0.016742            0.000000            0.049072          -26.621877           -0.000000           -9.082464        43055.152141
           22.450000            0.000008           -0.000000           -0.000020            0.010867            0.000000            0.004072          -19.301319           -0.018192            0.000000            0.048553          -26.340366           -0.000000           -9.869175        46784.534275
           22.470000            0.000008           -0.000000           -0.000020            0.010741            0.000000            0.004393          -20.822873           -0.019626            0.000000            0.047991          -26.035612           -0.000000          -10.647178        50472.634039
           22.490000            0.000009           -0.000000           -0.000020            0.010606            0.000000            0.004710          -22.326053           -0.021043            0.000000            0.047387          -25.707884           -0.000000          -11.415786        54116.197075
           22.510000            0.000009           -0.000000           -0.000019            0.010461            0.000000            0.005023          -23.809533           -0.022441            0.000000            0.046741          -25.357472           -0.000000          -12.174321        57712.008328
           22.530000            0.000010           -0.000000           -0.000019            0.010308            0.000000            0.005331          -25.272003           -0.023819            0.000000            0.046054          -24.984685           -0.000000          -12.922113        61256.894877
           22.550000            0.000010           -0.000000           -0.000019            0.010145            0.000000            0.005635          -26.712174           -0.025177            0.000000            0.045326          -24.589851           -0.000000          -13.658503        64747.728737
           22.570000            0.000011           -0.000000           -0.000018            0.009973            0.000000            0.005934          -28.128773           -0.026512            0.000000            0.044558          -24.173320           -0.000000          -14.382840        68181.429619
           22.590000            0.000011           -0.000000           -0.000018            0.009792            0.000000            0.006227          -29.520552           -0.027823            0.000000            0.043751          -23.735458           -0.000000          -15.094487        71554.967647
           22.610000            0.000012           -0.000000           -0.000018            0.009603            0.000000            0.006515          -30.886283           -0.029111            0.000000            0.042906          -23.276652           -0.000000          -15.792814        74865.366033
           22.630000            0.000013           -0.000000           -0.000017            0.009405            0.000000            0.006798          -32.224759           -0.030372            0.000000            0.042022          -22.797307           -0.000000          -16.477205        78109.703703
           22.650000            0.000013           -0.000000           -0.000017            0.009199            0.000000            0.007074          -33.534801           -0.031607            0.000000            0.041101          -22.297846           -0.000000          -17.147057        81285.117874
           22.670000            0.000014           -0.000000           -0.000017            0.008985            0.000000            0.007344          -34.815251           -0.032814            0.000000            0.040144          -21.778709           -0.000000          -17.801779        84388.806581
           22.690000            0.000014           -0.000000           -0.000016            0.008763            0.000000            0.007608          -36.064981           -0.033992            0.000000            0.039152          -21.240355           -0.000000          -18.440792        87418.031150
           22.710000            0.000014           -0.000000           -0.000016            0.008533            0.000000            0.007865          -37.282888           -0.035140            0.000000            0.038125          -20.683258           -0.000000          -19.063534        90370.118611
           22.730000            0.000015           -0.000000           -0.000015            0.008296            0.000000            0.008115          -38.467896           -0.036256            0.000000            0.037065          -20.107911           -0.000000          -19.669454        93242.464063
           22.750000            0.000015           -0.000000           -0.000015            0.008051            0.000000            0.008358          -39.618960           -0.037341            0.000000            0.035971          -19.514820           -0.000000          -20.258017        96032.532966
           22.770000            0.000016           -0.000000           -0.000014            0.007799            0.000000            0.008593          -40.735065           -0.038393            0.000000            0.034846          -18.904510           -0.000000          -20.828706        98737.863381
           22.790000            0.000016           -0.000000           -0.000014            0.007541            0.000000            0.008821          -41.815226           -0.039411            0.000000            0.033691          -18.277519           -0.000000          -21.381015       101356.068142
           22.810000            0.000017           -0.000000           -0.000013            0.007275            0.000000            0.009041          -42.858489           -0.040395            0.000000            0.032505          -17.634400           -0.000000          -21.914457       103884.836962
           22.830000            0.000017           -0.000000           -0.000013            0.007003            0.000000            0.009253          -43.863934           -0.041342            0.000000            0.031291          -16.975720           -0.000000          -22.428563       106321.938473
           22.850000            0.000017           -0.000000           -0.000012            0.006726            0.000000            0.009457          -44.830673           -0.042253            0.000000            0.030049          -16.302061           -0.000000          -22.922877       108665.222190
           22.870000            0.000018           -0.000000           -0.000012            0.006442            0.000000            0.009653          -45.757855           -0.043127            0.000000            0.028781          -15.614017           -0.000000          -23.396965       110912.620416
           22.890000            0.000018           -0.000000           -0.000011            0.006152            0.000000            0.009840          -46.644660           -0.043963            0.000000            0.027487          -14.912195           -0.000000          -23.850407       113062.150061
           22.910000            0.000018           -0.000000           -0.000011            0.005857            0.000000            0.010018          -47.490306           -0.044760            0.000000            0.026170          -14.197215           -0.000000          -24.282804       115111.914394
           22.930000            0.000019           -0.000000           -0.000010            0.005557            0.000000            0.010188          -48.294047           -0.045518            0.000000            0.024829          -13.469708           -0.000000          -24.693774       117060.104716
           22.950000            0.000019           -0.000000           -0.000010            0.005252            0.000000            0.010348          -49.055173           -0.046235            0.000000            0.023466          -12.730315           -0.000000          -25.082954       118905.001956
           22.970000            0.000019           -0.000000           -0.000009            0.004942            0.000000            0.010500          -49.773014           -0.046912            0.000000            0.022082          -11.979688           -0.000000          -25.450001       120644.978190
           22.990000            0.000020           -0.000000           -0.000009            0.004628            0.000000            0.010642          -50.446935           -0.047547            0.000000            0.020679          -11.218491           -0.000000          -25.794591       122278.498073
           23.010000            0.000020           -0.000000           -0.000008            0.004310            0.000000            0.010775          -51.076342           -0.048140            0.000000            0.019258          -10.447395           -0.000000          -26.116421       123804.120198
           23.030000            0.000020           -0.000000           -0.000007            0.003988            0.000000            0.010898          -51.660680           -0.048691            0.000000            0.017819           -9.667080           -0.000000          -26.415205       125220.498365
           23.050000            0.000020           -0.000000           -0.000007            0.003663            0.000000            0.011011          -52.199432           -0.049199            0.000000            0.016365           -8.878235           -0.000000          -26.690681       126526.382773
           23.070000            0.000020           -0.000000           -0.000006            0.003334            0.000000            0.011115          -52.692125           -0.049663            0.000000            0.014897           -8.081556           -0.000000          -26.942605       127720.621116
           23.090000            0.000021           -0.000000           -0.000006            0.003002            0.000000            0.011210          -53.138322           -0.050083            0.000000            0.013415           -7.277746           -0.000000          -27.170755       128802.159607
           23.110000            0.000021           -0.000000           -0.000005            0.002668            0.000000            0.011294          -53.537630           -0.050460            0.000000            0.011921           -6.467513           -0.000000          -27.374929       129770.043902
           23.130000            0.000021           -0.000000           -0.000004            0.002332            0.000000            0.011368          -53.889697           -0.050792            0.000000            0.010417           -5.651574           -0.000000          -27.554949       130623.419948
           23.150000            0.000021           -0.000000           -0.000004            0.001993            0.000000            0.011432          -54.194212           -0.051079            0.000000            0.008904           -4.830648           -0.000000          -27.710654       131361.534731
           23.170000            0.000021           -0.000000           -0.000003            0.001652            0.000000            0.011486          -54.450906           -0.051321            0.000000            0.007383           -4.005460           -0.000000          -27.841907       131983.736942
           23.190000            0.000021           -0.000000           -0.000002            0.001311            0.000000            0.011530          -54.659553           -0.051517            0.000000            0.005856           -3.176737           -0.000000          -27.948593       132489.477556
           23.210000            0.000021           -0.000000           -0.000002            0.000968            0.000000            0.011564          -54.819969           -0.051668            0.000000            0.004323           -2.345211           -0.000000          -28.030617       132878.310308
           23.230000            0.000021           -0.000000           -0.000001            0.000624            0.000000            0.011588          -54.932012           -0.051774            0.000000            0.002786           -1.511616           -0.000000          -28.087907       133149.892097
           23.250000            0.000021           -0.000000           -0.000001            0.000279            0.000000            0.011601          -54.995584           -0.051834            0.000000            0.001247           -0.676686           -0.000000          -28.120412       133303.983279
           23.270000            0.000021            0.000000            0.000000           -0.000066            0.000000            0.011604          -55.010627           -0.051848           -0.000000           -0.000293            0.158840           -0.000000          -28.128104       133340.447886
           23.290000            0.000021            0.000000            0.000001           -0.000410            0.000000            0.011597          -54.977130           -0.051817           -0.000000           -0.001833            0.994226           -0.000000          -28.110976       133259.253742
           23.310000            0.000021            0.000000            0.000001           -0.000754            0.000000            0.011580          -54.895121           -0.051739           -0.000000           -0.003371            1.828735           -0.000000          -28.069044       133060.472492
           23.330000            0.000021            0.000000            0.000002           -0.001098            0.000000            0.011553          -54.764674           -0.051616           -0.000000           -0.004906            2.661630           -0.000000          -28.002343       132744.279539
           23.350000            0.000021            0.000000            0.000003           -0.001441            0.000000            0.011515          -54.585902           -0.051448           -0.000000           -0.006437            3.492177           -0.000000          -27.910933       132310.953890
           23.370000            0.000021            0.000000            0.000003           -0.001782            0.000000            0.011467          -54.358964           -0.051234           -0.000000           -0.007962            4.319642           -0.000000          -27.794895       131760.877909
           23.390000            0.000021            0.000000            0.000004           -0.002122            0.000000            0.011409          -54.084060           -0.050975           -0.000000           -0.009481            5.143296           -0.000000          -27.654331       131094.536978
           23.410000            0.000021            0.000000            0.000005           -0.002460            0.000000            0.011341          -53.761432           -0.050671           -0.000000           -0.010990            5.962411           -0.000000          -27.489364       130312.519074
           23.430000            0.000021            0.000000            0.000005           -0.002796            0.000000            0.011263          -53.391366           -0.050322           -0.000000           -0.012491            6.776265           -0.000000          -27.300141       129415.514243
           23.450000            0.000021            0.000000            0.000006           -0.003129            0.000000            0.011175          -52.974187           -0.049929           -0.000000           -0.013980            7.584139           -0.000000          -27.086829       128404.313997
           23.470000            0.000020            0.000000            0.000006           -0.003459            0.000000            0.011077          -52.510265           -0.049492           -0.000000           -0.015457            8.385321           -0.000000          -26.849616       127279.810612
           23.490000            0.000020            0.000000            0.000007           -0.003787            0.000000            0.010969          -52.000008           -0.049011           -0.000000           -0.016920            9.179105           -0.000000          -26.588710       126042.996343
           23.510000            0.000020            0.000000            0.000008           -0.004111            0.000000            0.010852          -51.443866           -0.048486           -0.000000           -0.018368            9.964788           -0.000000          -26.304343       124694.962547
           23.530000            0.000020            0.000000            0.000008           -0.004432            0.000000            0.010725          -50.842331           -0.047919           -0.000000           -0.019800           10.741679           -0.000000          -25.996765       123236.898721
           23.550000            0.000020            0.000000            0.000009           -0.004748            0.000000            0.010589          -50.195932           -0.047310           -0.000000           -0.021215           11.509092           -0.000000          -25.666248       121670.091449
           23.580000            0.000019            0.000000            0.000010           -0.005215            0.000000            0.010367          -49.143475           -0.046318           -0.000000           -0.023301           12.640959           -0.000000          -25.128104       119119.036830
           23.600000            0.000019            0.000000            0.000010           -0.005521            0.000000            0.010207          -48.387500           -0.045606           -0.000000           -0.024666           13.381733           -0.000000          -24.741558       117286.626440
           23.620000            0.000019            0.000000            0.000011           -0.005821            0.000000            0.010039          -47.588828           -0.044853           -0.000000           -0.026010           14.110699           -0.000000          -24.333180       115350.723087
           23.640000            0.000018            0.000000            0.000011           -0.006117            0.000000            0.009862          -46.748164           -0.044061           -0.000000           -0.027331           14.827213           -0.000000          -23.903331       113313.035000
           23.660000            0.000018            0.000000            0.000012           -0.006407            0.000000            0.009675          -45.866250           -0.043229           -0.000000           -0.028627           15.530644           -0.000000          -23.452390       111175.360222
           23.680000            0.000017            0.000000            0.000012           -0.006692            0.000000            0.009481          -44.943864           -0.042360           -0.000000           -0.029899           16.220371           -0.000000          -22.980754       108939.585023
           23.700000            0.000017            0.000000            0.000013           -0.006970            0.000000            0.009278          -43.981819           -0.041453           -0.000000           -0.031144           16.895785           -0.000000          -22.488840       106607.682237
           23.720000            0.000017            0.000000            0.000013           -0.007243            0.000000            0.009067          -42.980966           -0.040510           -0.000000           -0.032361           17.556291           -0.000000          -21.977082       104181.709519
           23.740000            0.000016            0.000000            0.000014           -0.007509            0.000000            0.008848          -41.942186           -0.039531           -0.000000           -0.033550           18.201304           -0.000000          -21.445932       101663.807532
           23.760000            0.000016            0.000000            0.000014           -0.007769            0.000000            0.008621          -40.866396           -0.038517           -0.000000           -0.034710           18.830258           -0.000000          -20.895858        99056.198058
           23.780000            0.000015            0.000000            0.000015           -0.008021            0.000000            0.008386          -39.754547           -0.037469           -0.000000           -0.035838           19.442595           -0.000000          -20.327346        96361.182033
           23.800000            0.000015            0.000000            0.000015           -0.008267            0.000000            0.008144          -38.607618           -0.036388           -0.000000           -0.036935           20.037776           -0.000000          -19.740897        93581.137523
           23.820000            0.000015            0.000000            0.000016           -0.008505            0.000000            0.007895          -37.426622           -0.035275           -0.000000           -0.038000           20.615277           -0.000000          -19.137028        90718.517620
           23.840000            0.000014            0.000000            0.000016           -0.008736            0.000000            0.007639          -36.212601           -0.034131           -0.000000           -0.039031           21.174586           -0.000000          -18.516274        87775.848283
           23.860000            0.000014            0.000000            0.000017           -0.008959            0.000000            0.007376          -34.966627           -0.032956           -0.000000           -0.040027           21.715211           -0.000000          -17.879180        84755.726102
           23.880000            0.000013            0.000000            0.000017           -0.009174            0.000000            0.007107          -33.689798           -0.031753           -0.000000           -0.040989           22.236675           -0.000000          -17.226310        81660.816016
           23.900000            0.000013            0.000000            0.000017           -0.009381            0.000000            0.006831          -32.383241           -0.030522           -0.000000           -0.041914           22.738517           -0.000000          -16.558240        78493.848953
           23.920000            0.000012            0.000000            0.000018           -0.009580            0.000000            0.006550          -31.048110           -0.029263           -0.000000           -0.042802           23.220295           -0.000000          -15.875559        75257.619423
           23.940000            0.000012            0.000000            0.000018           -0.009770            0.000000            0.006262          -29.685582           -0.027979           -0.000000           -0.043652           23.681584           -0.000000          -15.178870        71954.983055
           23.960000            0.000011            0.000000            0.000018           -0.009952            0.000000            0.005969          -28.296859           -0.026670           -0.000000           -0.044464           24.121976           -0.000000          -14.468786        68588.854075
           23.980000            0.000010            0.000000            0.000019           -0.010125            0.000000            0.005671          -26.883168           -0.025338           -0.000000           -0.045236           24.541083           -0.000000          -13.745936        65162.202732
           24.000000            0.000010            0.000000            0.000019           -0.010289            0.000000            0.005368          -25.445755           -0.023983           -0.000000           -0.045969           24.938535           -0.000000          -13.010956        61678.052681
           24.020000            0.000009            0.000000            0.000019           -0.010443            0.000000            0.005060          -23.985889           -0.022607           -0.000000           -0.046661           25.313981           -0.000000          -12.264495        58139.478314
           24.040000            0.000009            0.000000            0.000020           -0.010589            0.000000            0.004747          -22.504858           -0.021211           -0.000000           -0.047312           25.667091           -0.000000          -11.507213        54549.602047
           24.060000            0.000008            0.000000            0.000020           -0.010725            0.000000            0.004431          -21.003969           -0.019796           -0.000000           -0.047921           25.997552           -0.000000          -10.739776        50911.591563
           24.070000            0.000008            0.000000            0.000020           -0.010790            0.000000            0.004271          -20.246491           -0.019083           -0.000000           -0.048210           26.154197           -0.000000          -10.352461        49075.537581
           24.090000            0.000007            0.000000            0.000020           -0.010912            0.000000            0.003949          -18.718302           -0.017642           -0.000000           -0.048755           26.450145           -0.000000           -9.571066        45371.357315
           24.110000            0.000007            0.000000            0.000020           -0.011025            0.000000            0.003623          -17.173597           -0.016186           -0.000000           -0.049258           26.722754           -0.000000           -8.781226        41627.141656
           24.130000            0.000006            0.000000            0.000021           -0.011127            0.000000            0.003294          -15.613739           -0.014716           -0.000000           -0.049717           26.971782           -0.000000           -7.983637        37846.194475
           24.150000            0.000005            0.000000            0.000021           -0.011220            0.000000            0.002962          -14.040102           -0.013233           -0.000000           -0.050132           27.197011           -0.000000           -7.179003        34031.852056
           24.170000            0.000005            0.000000            0.000021           -0.011303            0.000000            0.002627          -12.454077           -0.011738           -0.000000           -0.050503           27.398241           -0.000000           -6.368035        30187.480151
           24.190000            0.000004            0.000000            0.000021           -0.011376            0.000000            0.002290          -10.857063           -0.010233           -0.000000           -0.050829           27.575295           -0.000000           -5.551447        26316.471008
           24.210000            0.000004            0.000000            0.000021           -0.011439            0.000000            0.001951           -9.250468           -0.008719           -0.000000           -0.051111           27.728017           -0.000000           -4.729961        22422.240380
           24.230000            0.000003            0.000000            0.000021           -0.011492            0.000000            0.001611           -7.635710           -0.007197           -0.000000           -0.051347           27.856272           -0.000000           -3.904301        18508.224512
           24.250000            0.000002            0.000000            0.000021           -0.011535            0.000000            0.001269           -6.014215           -0.005668           -0.000000           -0.051538           27.959947           -0.000000           -3.075196        14577.877107
           24.270000            0.000002            0.000000            0.000021           -0.011568            0.000000            0.000926           -4.387413           -0.004135           -0.000000           -0.051684           28.038950           -0.000000           -2.243378        10634.666276
           24.290000            0.000001            0.000000            0.000021           -0.011590            0.000000            0.000582           -2.756740           -0.002598           -0.000000           -0.051784           28.093212           -0.000000           -1.409580         6682.071485
           24.310000            0.000000            0.000000            0.000021           -0.011602            0.000000            0.000237           -1.123634           -0.001059           -0.000000           -0.051838           28.122685           -0.000000           -0.574538         2723.580476
           24.330000           -0.000000            0.000000            0.000021           -0.011604           -0.000000           -0.000108            0.510463            0.000481           -0.000000           -0.051847           28.127342            0.000000            0.261011        -1237.313802
           24.350000           -0.000001            0.000000            0.000021           -0.011596           -0.000000           -0.000452            2.144110            0.002021           -0.000000           -0.051810           28.107180            0.000000            1.096329        -5197.116282
           24.370000           -0.000001            0.000000            0.000021           -0.011577           -0.000000           -0.000797            3.775865            0.003559           -0.000000           -0.051727           28.062216            0.000000            1.930680        -9152.332860
           24.390000           -0.000002            0.000000            0.000021           -0.011549           -0.000000           -0.001140            5.404289            0.005094           -0.000000           -0.051598           27.992490            0.000000            2.763328       -13099.473479
           24.410000           -0.000003            0.000000            0.000021           -0.011510           -0.000000           -0.001483            7.027943            0.006624           -0.000000           -0.051424           27.898064            0.000000            3.593537       -17035.055207
           24.430000           -0.000003            0.000000            0.000021           -0.011460           -0.000000           -0.001824            8.645396            0.008148           -0.000000           -0.051205           27.779021            0.000000            4.420575       -20955.605313
           24.450000           -0.000004            0.000000            0.000021           -0.011401           -0.000000           -0.002163           10.255221            0.009666           -0.000000           -0.050940           27.635466            0.000000            5.243713       -24857.664327
           24.470000           -0.000005            0.000000            0.000021           -0.011332           -0.000000           -0.002501           11.855996            0.011174           -0.000000           -0.050630           27.467525            0.000000            6.062223       -28737.789098
           24.490000           -0.000005            0.000000            0.000021           -0.011253           -0.000000           -0.002836           13.446310            0.012673           -0.000000           -0.050276           27.275347            0.000000            6.875384       -32592.555830
           24.510000           -0.000006            0.000000            0.000021           -0.011163           -0.000000           -0.003169           15.024758            0.014161           -0.000000           -0.049878           27.059102            0.000000            7.682479       -36418.563101
           24.530000           -0.000006            0.000000            0.000020           -0.011064           -0.000000           -0.003500           16.589949            0.015636           -0.000000           -0.049435           26.818980            0.000000            8.482794       -40212.434866
           24.550000           -0.000007            0.000000            0.000020           -0.010956           -0.000000           -0.003827           18.140501            0.017098           -0.000000           -0.048949           26.555193            0.000000            9.275624       -43970.823439
           24.570000           -0.000008            0.000000            0.000020           -0.010837           -0.000000           -0.004150           19.675047            0.018544           -0.000000           -0.048419           26.267974            0.000000           10.060270       -47690.412440
           24.590000           -0.000008            0.000000            0.000020           -0.010709           -0.000000           -0.004470           21.192230            0.019974           -0.000000           -0.047847           25.957576            0.000000           10.836038       -51367.919729
           24.610000           -0.000009            0.000000            0.000019           -0.010571           -0.000000           -0.004787           22.690714            0.021386           -0.000000           -0.047233           25.624274            0.000000           11.602245       -55000.100296
           24.630000           -0.000009            0.000000            0.000019           -0.010425           -0.000000           -0.005098           24.169176            0.022780           -0.000000           -0.046577           25.268360            0.000000           12.358214       -58583.749130
           24.650000           -0.000010            0.000000            0.000019           -0.010269           -0.000000           -0.005406           25.626312            0.024153           -0.000000           -0.045880           24.890150            0.000000           13.103278       -62115.704042
           24.670000           -0.000011            0.000000            0.000019           -0.010104           -0.000000           -0.005708           27.060834            0.025505           -0.000000           -0.045142           24.489977            0.000000           13.836780       -65592.848457
           24.690000           -0.000011            0.000000            0.000018           -0.009930           -0.000000           -0.006006           28.471479            0.026835           -0.000000           -0.044365           24.068195            0.000000           14.558073       -69012.114165
           24.710000           -0.000012            0.000000            0.000018           -0.009747           -0.000000           -0.006298           29.857000            0.028141           -0.000000           -0.043548           23.625175            0.000000           15.266519       -72370.484029
           24.730000           -0.000012            0.000000            0.000018           -0.009555           -0.000000           -0.006585           31.216176            0.029422           -0.000000           -0.042693           23.161308            0.000000           15.961495       -75664.994645
           24.750000           -0.000013            0.000000            0.000017           -0.009356           -0.000000           -0.006866           32.547806            0.030677           -0.000000           -0.041800           22.677003            0.000000           16.642386       -78892.738957
           24.770000           -0.000013            0.000000            0.000017           -0.009148           -0.000000           -0.007141           33.850717            0.031905           -0.000000           -0.040871           22.172689            0.000000           17.308592       -82050.868825
           24.790000           -0.000014            0.000000            0.000016           -0.008931           -0.000000           -0.007409           35.123758            0.033105           -0.000000           -0.039905           21.648809            0.000000           17.959525       -85136.597536
           24.810000           -0.000014            0.000000            0.000016           -0.008707           -0.000000           -0.007671           36.365806            0.034275           -0.000000           -0.038904           21.105827            0.000000           18.594611       -88147.202262
           24.830000           -0.000015            0.000000            0.000016           -0.008476           -0.000000           -0.007927           37.575766            0.035416           -0.000000           -0.037869           20.544221            0.000000           19.213288       -91080.026465
           24.850000           -0.000015            0.000000            0.000015           -0.008237           -0.000000           -0.008175           38.752568            0.036525           -0.000000           -0.036800           19.964487            0.000000           19.815013       -93932.482240
           24.870000           -0.000016            0.000000            0.000015           -0.007990           -0.000000           -0.008416           39.895176            0.037602           -0.000000           -0.035699           19.367137            0.000000           20.399252       -96702.052599
           24.890000           -0.000016            0.000000            0.000014           -0.007737           -0.000000           -0.008649           41.002580            0.038645           -0.000000           -0.034567           18.752697            0.000000           20.965492       -99386.293690
           24.910000           -0.000016            0.000000            0.000014           -0.007476           -0.000000           -0.008875           42.073804            0.039655           -0.000000           -0.033403           18.121710            0.000000           21.513231      -101982.836957
           24.930000           -0.000017            0.000000            0.000013           -0.007209           -0.000000           -0.009094           43.107902            0.040630           -0.000000           -0.032211           17.474732            0.000000           22.041988      -104489.391226
           24.950000           -0.000017            0.000000            0.000013           -0.006936           -0.000000           -0.009304           44.103962            0.041568           -0.000000           -0.030990           16.812335            0.000000           22.551294      -106903.744729
           24.970000           -0.000018            0.000000            0.000012           -0.006657           -0.000000           -0.009506           45.061105            0.042471           -0.000000           -0.029742           16.135103            0.000000           23.040702      -109223.767058
           24.990000           -0.000018            0.000000            0.000012           -0.006371           -0.000000           -0.009699           45.978487            0.043335           -0.000000           -0.028467           15.443633            0.000000           23.509779      -111447.411040
           25.010000           -0.000018            0.000000            0.000011           -0.006080           -0.000000           -0.009884           46.855297            0.044162           -0.000000           -0.027167           14.738536            0.000000           23.958110      -113572.714544
           25.030000           -0.000019            0.000000            0.000011           -0.005784           -0.000000           -0.010060           47.690763            0.044949           -0.000000           -0.025844           14.020433            0.000000           24.385302      -115597.802218
           25.050000           -0.000019            0.000000            0.000010           -0.005483           -0.000000           -0.010228           48.484146            0.045697           -0.000000           -0.024497           13.289959            0.000000           24.790976      -117520.887136
           25.070000           -0.000019            0.000000            0.000010           -0.005177           -0.000000           -0.010386           49.234747            0.046404           -0.000000           -0.023129           12.547758            0.000000           25.174774      -119340.272382
           25.090000           -0.000019            0.000000            0.000009           -0.004866           -0.000000           -0.010535           49.941904            0.047071           -0.000000           -0.021741           11.794485            0.000000           25.536358      -121054.352541
           25.110000           -0.000020            0.000000            0.000008           -0.004551           -0.000000           -0.010675           50.604993            0.047696           -0.000000           -0.020333           11.030805            0.000000           25.875410      -122661.615120
           25.130000           -0.000020            0.000000            0.000008           -0.004232           -0.000000           -0.010806           51.223428            0.048279           -0.000000           -0.018907           10.257391            0.000000           26.191629      -124160.641881
           25.150000           -0.000020            0.000000            0.000007           -0.003909           -0.000000           -0.010926           51.796664            0.048819           -0.000000           -0.017465            9.474926            0.000000           26.484736      -125550.110092
           25.170000           -0.000020            0.000000            0.000007           -0.003583           -0.000000           -0.011038           52.324194            0.049316           -0.000000           -0.016007            8.684101            0.000000           26.754474      -126828.793695
           25.190000           -0.000021            0.000000            0.000006           -0.003253           -0.000000           -0.011139           52.805555            0.049770           -0.000000           -0.014535            7.885612            0.000000           27.000604      -127995.564389
           25.210000           -0.000021            0.000000            0.000005           -0.002921           -0.000000           -0.011231           53.240320            0.050180           -0.000000           -0.013051            7.080166            0.000000           27.222908      -129049.392623
           25.230000           -0.000021            0.000000            0.000005           -0.002586           -0.000000           -0.011313           53.628106            0.050545           -0.000000           -0.011555            6.268472            0.000000           27.421192      -129989.348504
           25.250000           -0.000021            0.000000            0.000004           -0.002249           -0.000000           -0.011385           53.968571            0.050866           -0.000000           -0.010048            5.451247            0.000000           27.595278      -130814.602623
           25.270000           -0.000021            0.000000            0.000004           -0.001910           -0.000000           -0.011446           54.261414            0.051142           -0.000000           -0.008533            4.629211            0.000000           27.745016      -131524.426780
           25.290000           -0.000021            0.000000            0.000003           -0.001569           -0.000000           -0.011498           54.506377            0.051373           -0.000000           -0.007010            3.803091            0.000000           27.870271      -132118.194631
           25.310000           -0.000021            0.000000            0.000002           -0.001227           -0.000000           -0.011540           54.703245            0.051558           -0.000000           -0.005481            2.973615            0.000000           27.970933      -132595.382239
           25.330000           -0.000021            0.000000            0.000002           -0.000883           -0.000000           -0.011571           54.851843            0.051698           -0.000000           -0.003947            2.141515            0.000000           28.046914      -132955.568537
           25.350000           -0.000021            0.000000            0.000001           -0.000539           -0.000000           -0.011592           54.952039            0.051793           -0.000000           -0.002410            1.307525            0.000000           28.098147      -133198.435699
           25.370000           -0.000021            0.000000            0.000000           -0.000195           -0.000000           -0.011603           55.003747            0.051842           -0.000000           -0.000871            0.472382            0.000000           28.124586      -133323.769420
           25.390000           -0.000021           -0.000000           -0.000000            0.000150           -0.000000           -0.011604           55.006919            0.051845            0.000000            0.000669           -0.363178            0.000000           28.126208      -133331.459107
           25.410000           -0.000021           -0.000000           -0.000001            0.000494           -0.000000           -0.011594           54.961554            0.051802            0.000000            0.002209           -1.198418            0.000000           28.103012      -133221.497974
           25.430000           -0.000021           -0.000000           -0.000002            0.000839           -0.000000           -0.011574           54.867691            0.051713            0.000000            0.003747           -2.032600            0.000000           28.055018      -132993.983050
           25.450000           -0.000021           -0.000000           -0.000002            0.001182           -0.000000           -0.011544           54.725413            0.051579            0.000000            0.005281           -2.864989            0.000000           27.982268      -132649.115094
           25.470000           -0.000021           -0.000000           -0.000003            0.001524           -0.000000           -0.011504           54.534846            0.051400            0.000000            0.006811           -3.694849            0.000000           27.884827      -132187.198413
           25.490000           -0.000021           -0.000000           -0.000003            0.001865           -0.000000           -0.011454           54.296157            0.051175            0.000000            0.008334           -4.521450            0.000000           27.762780      -131608.640602
           25.510000           -0.000021           -0.000000           -0.000004            0.002205           -0.000000           -0.011393           54.009558            0.050905            0.000000            0.009851           -5.344060            0.000000           27.616236      -130913.952174
           25.530000           -0.000021           -0.000000           -0.000005            0.002542           -0.000000           -0.011323           53.675301            0.050590            0.000000            0.011358           -6.161955            0.000000           27.445324      -130103.746120
           25.550000           -0.000021           -0.000000           -0.000005            0.002877           -0.000000           -0.011242           53.293682            0.050230            0.000000            0.012856           -6.974413            0.000000           27.250193      -129178.737359
           25.570000           -0.000021           -0.000000           -0.000006            0.003210           -0.000000           -0.011152           52.865036            0.049826            0.000000            0.014342           -7.780717            0.000000           27.031018      -128139.742113
           25.590000           -0.000020           -0.000000           -0.000007            0.003540           -0.000000           -0.011052           52.389743            0.049378            0.000000            0.015816           -8.580155            0.000000           26.787990      -126987.677185
           25.610000           -0.000020           -0.000000           -0.000007            0.003866           -0.000000           -0.010942           51.868221            0.048886            0.000000            0.017275           -9.372022            0.000000           26.521325      -125723.559150
           25.630000           -0.000020           -0.000000           -0.000008            0.004190           -0.000000           -0.010822           51.300932            0.048352            0.000000            0.018720          -10.155619            0.000000           26.231258      -124348.503457
           25.650000           -0.000020           -0.000000           -0.000008            0.004509           -0.000000           -0.010693           50.688374            0.047774            0.000000            0.020148          -10.930255            0.000000           25.918044      -122863.723447
           25.670000           -0.000019           -0.000000           -0.000009            0.004825           -0.000000           -0.010554           50.031090            0.047155            0.000000            0.021558          -11.695246            0.000000           25.581961      -121270.529279
           25.690000           -0.000019           -0.000000           -0.000009            0.005136           -0.000000           -0.010406           49.329658            0.046494            0.000000            0.022949          -12.449917            0.000000           25.223304      -119570.326778
           25.710000           -0.000019           -0.000000           -0.000010            0.005443           -0.000000           -0.010249           48.584698            0.045792            0.000000            0.024320          -13.193602            0.000000           24.842390      -117764.616192
           25.730000           -0.000019           -0.000000           -0.000011            0.005745           -0.000000           -0.010083           47.796868            0.045049            0.000000            0.025669          -13.925646            0.000000           24.439555      -115854.990868
           25.750000           -0.000018           -0.000000           -0.000011            0.006042           -0.000000           -0.009908           46.966861            0.044267            0.000000            0.026996          -14.645402            0.000000           24.015156      -113843.135848
           25.770000           -0.000018           -0.000000           -0.000012            0.006334           -0.000000           -0.009724           46.095412            0.043445            0.000000            0.028299          -15.352234            0.000000           23.569565      -111730.826378
           25.790000           -0.000018           -0.000000           -0.000012            0.006620           -0.000000           -0.009531           45.183288            0.042586            0.000000            0.029576          -16.045520            0.000000           23.103177      -109519.926348
           25.810000           -0.000017           -0.000000           -0.000013            0.006900           -0.000000           -0.009331           44.231295            0.041688            0.000000            0.030828          -16.724648            0.000000           22.616402      -107212.386641
           25.830000           -0.000017           -0.000000           -0.000013            0.007174           -0.000000           -0.009122           43.240272            0.040754            0.000000            0.032053          -17.389017            0.000000           22.109671      -104810.243416
           25.850000           -0.000016           -0.000000           -0.000014            0.007442           -0.000000           -0.008904           42.211095            0.039784            0.000000            0.033249          -18.038043            0.000000           21.583431      -102315.616307
           25.870000           -0.000016           -0.000000           -0.000014            0.007703           -0.000000           -0.008679           41.144670            0.038779            0.000000            0.034416          -18.671152            0.000000           21.038145       -99730.706559
           25.890000           -0.000016           -0.000000           -0.000015            0.007957           -0.000000           -0.008447           40.041940            0.037740            0.000000            0.035553          -19.287786            0.000000           20.474296       -97057.795079
           25.910000           -0.000015           -0.000000           -0.000015            0.008205           -0.000000           -0.008207           38.903877            0.036667            0.000000            0.036658          -19.887400            0.000000           19.892380       -94299.240426
           25.940000           -0.000014           -0.000000           -0.000016            0.008562           -0.000000           -0.007833           37.132739            0.034998            0.000000            0.038255          -20.753758            0.000000           18.986759       -90006.172296
           25.960000           -0.000014           -0.000000           -0.000016            0.008791           -0.000000           -0.007575           35.910803            0.033846            0.000000            0.039278          -21.308543            0.000000           18.361958       -87044.319044
           25.980000           -0.000013           -0.000000           -0.000017            0.009012           -0.000000           -0.007311           34.657181            0.032665            0.000000            0.040266          -21.844525            0.000000           17.720954       -84005.658446
           26.000000           -0.000013           -0.000000           -0.000017            0.009225           -0.000000           -0.007040           33.372977            0.031454            0.000000            0.041218          -22.361232            0.000000           17.064313       -80892.871797
           26.020000           -0.000012           -0.000000           -0.000017            0.009430           -0.000000           -0.006763           32.059324            0.030216            0.000000            0.042134          -22.858208            0.000000           16.392615       -77708.705800
           26.040000           -0.000012           -0.000000           -0.000018            0.009627           -0.000000           -0.006480           30.717383            0.028951            0.000000            0.043013          -23.335014            0.000000           15.706452       -74455.970141
           26.060000           -0.000011           -0.000000           -0.000018            0.009815           -0.000000           -0.006191           29.348337            0.027661            0.000000            0.043854          -23.791229            0.000000           15.006429       -71137.535015
           26.080000           -0.000011           -0.000000           -0.000018            0.009995           -0.000000           -0.005897           27.953395            0.026346            0.000000            0.044656          -24.226451            0.000000           14.293165       -67756.328587
           26.100000           -0.000010           -0.000000           -0.000019            0.010166           -0.000000           -0.005597           26.533786            0.025008            0.000000            0.045419          -24.640295            0.000000           13.567289       -64315.334411
           26.120000           -0.000010           -0.000000           -0.000019            0.010327           -0.000000           -0.005293           25.090764            0.023648            0.000000            0.046142          -25.032397            0.000000           12.829442       -60817.588800
           26.140000           -0.000009           -0.000000           -0.000019            0.010480           -0.000000           -0.004984           23.625602            0.022267            0.000000            0.046824          -25.402411            0.000000           12.080273       -57266.178139
           26.160000           -0.000009           -0.000000           -0.000020            0.010623           -0.000000           -0.004670           22.139593            0.020867            0.000000            0.047465          -25.750010            0.000000           11.320445       -53664.236173
           26.180000           -0.000008           -0.000000           -0.000020            0.010757           -0.000000           -0.004353           20.634049            0.019448            0.000000            0.048063          -26.074887            0.000000           10.550628       -50014.941231
           26.200000           -0.000007           -0.000000           -0.000020            0.010882           -0.000000           -0.004031           19.110297            0.018012            0.000000            0.048620          -26.376756            0.000000            9.771501       -46321.513427
           26.210000           -0.000007           -0.000000           -0.000020            0.010941           -0.000000           -0.003869           18.342012            0.017288            0.000000            0.048882          -26.518978            0.000000            9.378661       -44459.266715
           26.230000           -0.000007           -0.000000           -0.000020            0.011051           -0.000000           -0.003543           16.793475            0.015828            0.000000            0.049374          -26.785841            0.000000            8.586861       -40705.761734
           26.250000           -0.000006           -0.000000           -0.000021            0.011151           -0.000000           -0.003213           15.230119            0.014355            0.000000            0.049822          -27.029069            0.000000            7.787484       -36916.338252
           26.270000           -0.000005           -0.000000           -0.000021            0.011242           -0.000000           -0.002880           13.653325            0.012868            0.000000            0.050227          -27.248447            0.000000            6.981235       -33094.340031
           26.290000           -0.000005           -0.000000           -0.000021            0.011322           -0.000000           -0.002545           12.064482            0.011371            0.000000            0.050587          -27.443780            0.000000            6.168826       -29243.139578
           26.310000           -0.000004           -0.000000           -0.000021            0.011393           -0.000000           -0.002208           10.464994            0.009863            0.000000            0.050902          -27.614897            0.000000            5.350974       -25366.135167
           26.330000           -0.000003           -0.000000           -0.000021            0.011453           -0.000000           -0.001868            8.856272            0.008347            0.000000            0.051173          -27.761648            0.000000            4.528400       -21466.747842
           26.350000           -0.000003           -0.000000           -0.000021            0.011504           -0.000000           -0.001527            7.239735            0.006824            0.000000            0.051398          -27.883901            0.000000            3.701831       -17548.418397
           26.370000           -0.000002           -0.000000           -0.000021            0.011544           -0.000000           -0.001185            5.616810            0.005294            0.000000            0.051578          -27.981550            0.000000            2.871994       -13614.604341
           26.390000           -0.000002           -0.000000           -0.000021            0.011574           -0.000000           -0.000841            3.988928            0.003760            0.000000            0.051712          -28.054508            0.000000            2.039624        -9668.776846
           26.410000           -0.000001           -0.000000           -0.000021            0.011594           -0.000000           -0.000497            2.357527            0.002222            0.000000            0.051801          -28.102711            0.000000            1.205454        -5714.417684
           26.430000           -0.000000           -0.000000           -0.000021            0.011604           -0.000000           -0.000153            0.724045            0.000682            0.000000            0.051844          -28.126116            0.000000            0.370220        -1755.016157
           26.450000            0.000000           -0.000000           -0.000021            0.011603            0.000000            0.000192           -0.910075           -0.000858            0.000000            0.051842          -28.124703           -0.000000           -0.465341         2205.933984
           26.470000            0.000001           -0.000000           -0.000021            0.011592            0.000000            0.000537           -2.543392           -0.002397            0.000000            0.051794          -28.098473           -0.000000           -1.300491         6164.937624
           26.490000            0.000002           -0.000000           -0.000021            0.011571            0.000000            0.000881           -4.174466           -0.003934            0.000000            0.051699          -28.047450           -0.000000           -2.134493        10118.501363
           26.510000            0.000002           -0.000000           -0.000021            0.011540            0.000000            0.001224           -5.801855           -0.005468            0.000000            0.051560          -27.971677           -0.000000           -2.966612        14063.136601
           26.530000            0.000003           -0.000000           -0.000021            0.011498            0.000000            0.001566           -7.424125           -0.006997            0.000000            0.051375          -27.871222           -0.000000           -3.796113        17995.362618
           26.550000            0.000004           -0.000000           -0.000021            0.011447            0.000000            0.001907           -9.039844           -0.008520            0.000000            0.051144          -27.746174           -0.000000           -4.622265        21911.709644
           26.570000            0.000004           -0.000000           -0.000021            0.011385            0.000000            0.002246          -10.647587           -0.010035            0.000000            0.050868          -27.596642           -0.000000           -5.444338        25808.721918
           26.590000            0.000005           -0.000000           -0.000021            0.011313            0.000000            0.002583          -12.245934           -0.011542            0.000000            0.050548          -27.422760           -0.000000           -6.261607        29682.960742
           26.610000            0.000005           -0.000000           -0.000021            0.011232            0.000000            0.002918          -13.833475           -0.013038            0.000000            0.050183          -27.224680           -0.000000           -7.073350        33531.007513
           26.630000            0.000006           -0.000000           -0.000021            0.011140            0.000000            0.003250          -15.408810           -0.014523            0.000000            0.049773          -27.002577           -0.000000           -7.878852        37349.466740
           26.650000            0.000007           -0.000000           -0.000020            0.011039            0.000000            0.003580          -16.970548           -0.015995            0.000000            0.049320          -26.756647           -0.000000           -8.677402        41134.969037
           26.670000            0.000007           -0.000000           -0.000020            0.010927            0.000000            0.003906          -18.517311           -0.017453            0.000000            0.048823          -26.487108           -0.000000           -9.468295        44884.174104
           26.690000            0.000008           -0.000000           -0.000020            0.010807            0.000000            0.004229          -20.047735           -0.018895            0.000000            0.048283          -26.194196           -0.000000          -10.250834        48593.773664
           26.710000            0.000008           -0.000000           -0.000020            0.010676            0.000000            0.004548          -21.560469           -0.020321            0.000000            0.047701          -25.878171           -0.000000          -11.024327        52260.494392
           26.730000            0.000009           -0.000000           -0.000019            0.010536            0.000000            0.004863          -23.054178           -0.021729            0.000000            0.047076          -25.539310           -0.000000          -11.788092        55881.100797
           26.750000            0.000010           -0.000000           -0.000019            0.010387            0.000000            0.005174          -24.527544           -0.023117            0.000000            0.046410          -25.177915           -0.000000          -12.541455        59452.398079
           26.770000            0.000010           -0.000000           -0.000019            0.010229            0.000000            0.005480          -25.979267           -0.024486            0.000000            0.045703          -24.794302           -0.000000          -13.283752        62971.234948
           26.790000            0.000011           -0.000000           -0.000019            0.010062            0.000000            0.005782          -27.408067           -0.025832            0.000000            0.044956          -24.388811           -0.000000          -14.014328        66434.506406
           26.810000            0.000011           -0.000000           -0.000018            0.009886            0.000000            0.006078          -28.812681           -0.027156            0.000000            0.044168          -23.961800           -0.000000          -14.732537        69839.156484
           26.830000            0.000012           -0.000000           -0.000018            0.009701            0.000000            0.006369          -30.191872           -0.028456            0.000000            0.043342          -23.513644           -0.000000          -15.437746        73182.180940
           26.850000            0.000012           -0.000000           -0.000018            0.009507            0.000000            0.006654          -31.544421           -0.029731            0.000000            0.042478          -23.044741           -0.000000          -16.129334        76460.629912
           26.870000            0.000013           -0.000000           -0.000017            0.009305            0.000000            0.006934          -32.869136           -0.030980            0.000000            0.041576          -22.555503           -0.000000          -16.806689        79671.610517
           26.890000            0.000013           -0.000000           -0.000017            0.009095            0.000000            0.007207          -34.164847           -0.032201            0.000000            0.040638          -22.046362           -0.000000          -17.469213        82812.289407
           26.910000            0.000014           -0.000000           -0.000016            0.008877            0.000000            0.007474          -35.430411           -0.033394            0.000000            0.039663          -21.517767           -0.000000          -18.116323        85879.895266
           26.930000            0.000014           -0.000000           -0.000016            0.008651            0.000000            0.007734          -36.664712           -0.034557            0.000000            0.038654          -20.970186           -0.000000          -18.747448        88871.721260
           26.950000            0.000015           -0.000000           -0.000016            0.008418            0.000000            0.007988          -37.866660           -0.035690            0.000000            0.037611          -20.404100           -0.000000          -19.362029        91785.127421
           26.970000            0.000015           -0.000000           -0.000015            0.008177            0.000000            0.008234          -39.035195           -0.036791            0.000000            0.036534          -19.820010           -0.000000          -19.959526        94617.542976
           26.990000            0.000016           -0.000000           -0.000015            0.007929            0.000000            0.008474          -40.169286           -0.037860            0.000000            0.035425          -19.218431           -0.000000          -20.539410        97366.468622
           27.010000            0.000016           -0.000000           -0.000014            0.007674            0.000000            0.008705          -41.267931           -0.038895            0.000000            0.034285          -18.599894           -0.000000          -21.101171       100029.478724
           27.030000            0.000016           -0.000000           -0.000014            0.007412            0.000000            0.008930          -42.330162           -0.039897            0.000000            0.033115          -17.964944           -0.000000          -21.644312       102604.223459
           27.050000            0.000017           -0.000000           -0.000013            0.007143            0.000000            0.009146          -43.355041           -0.040863            0.000000            0.031915          -17.314143           -0.000000          -22.168355       105088.430889
           27.070000            0.000017           -0.000000           -0.000013            0.006868            0.000000            0.009354          -44.341663           -0.041793            0.000000            0.030687          -16.648063           -0.000000          -22.672836       107479.908966
           27.090000            0.000018           -0.000000           -0.000012            0.006587            0.000000            0.009554          -45.289159           -0.042686            0.000000            0.029432          -15.967293           -0.000000          -23.157311       109776.547463
           27.110000            0.000018           -0.000000           -0.000012            0.006301            0.000000            0.009745          -46.196692           -0.043541            0.000000            0.028151          -15.272434           -0.000000          -23.621352       111976.319844
           27.130000            0.000018           -0.000000           -0.000011            0.006009            0.000000            0.009928          -47.063461           -0.044358            0.000000            0.026846          -14.564098           -0.000000          -24.064549       114077.285041
           27.150000            0.000019           -0.000000           -0.000011            0.005711            0.000000            0.010102          -47.888702           -0.045136            0.000000            0.025516          -13.842911           -0.000000          -24.486512       116077.589178
           27.170000            0.000019           -0.000000           -0.000010            0.005408            0.000000            0.010267          -48.671686           -0.045874            0.000000            0.024165          -13.109509           -0.000000          -24.886869       117975.467199
           27.190000            0.000019           -0.000000           -0.000009            0.005101            0.000000            0.010423          -49.411723           -0.046571            0.000000            0.022791          -12.364540           -0.000000          -25.265265       119769.244429
           27.210000            0.000019           -0.000000           -0.000009            0.004789            0.000000            0.010570          -50.108159           -0.047227            0.000000            0.021398          -11.608660           -0.000000          -25.621368       121457.338050
           27.230000            0.000020           -0.000000           -0.000008            0.004473            0.000000            0.010708          -50.760380           -0.047842            0.000000            0.019986          -10.842537           -0.000000          -25.954862       123038.258498
           27.250000            0.000020           -0.000000           -0.000008            0.004153            0.000000            0.010836          -51.367810           -0.048415            0.000000            0.018556          -10.066846           -0.000000          -26.265454       124510.610782
           27.270000            0.000020           -0.000000           -0.000007            0.003829            0.000000            0.010955          -51.929914           -0.048945            0.000000            0.017110           -9.282272           -0.000000          -26.552870       125873.095705
           27.290000            0.000020           -0.000000           -0.000006            0.003502            0.000000            0.011063          -52.446195           -0.049431            0.000000            0.015649           -8.489508           -0.000000          -26.816855       127124.511020
           27.310000            0.000021           -0.000000           -0.000006            0.003172            0.000000            0.011163          -52.916198           -0.049874            0.000000            0.014173           -7.689253           -0.000000          -27.057178       128263.752486
           27.330000            0.000021           -0.000000           -0.000005            0.002839            0.000000            0.011252          -53.339508           -0.050273            0.000000            0.012686           -6.882213           -0.000000          -27.273625       129289.814845
           27.350000            0.000021           -0.000000           -0.000005            0.002504            0.000000            0.011331          -53.715751           -0.050628            0.000000            0.011187           -6.069100           -0.000000          -27.466007       130201.792704
           27.370000            0.000021           -0.000000           -0.000004            0.002166            0.000000            0.011401          -54.044596           -0.050938            0.000000            0.009678           -5.250631           -0.000000          -27.634152       130998.881342
           27.390000            0.000021           -0.000000           -0.000003            0.001827            0.000000            0.011460          -54.325753           -0.051203            0.000000            0.008161           -4.427530           -0.000000          -27.777913       131680.377411
           27.410000            0.000021           -0.000000           -0.000003            0.001485            0.000000            0.011509          -54.558972           -0.051422            0.000000            0.006637           -3.600521           -0.000000          -27.897163       132245.679565
           27.430000            0.000021           -0.000000           -0.000002            0.001143            0.000000            0.011548          -54.744050           -0.051597            0.000000            0.005107           -2.770336           -0.000000          -27.991797       132694.288984
           27.450000            0.000021           -0.000000           -0.000001            0.000799            0.000000            0.011577          -54.880821           -0.051726            0.000000            0.003572           -1.937706           -0.000000          -28.061732       133025.809817
           27.470000            0.000021           -0.000000           -0.000001            0.000455            0.000000            0.011596          -54.969166           -0.051809            0.000000            0.002034           -1.103366           -0.000000          -28.106904       133239.949535
           27.490000            0.000021           -0.000000           -0.000000            0.000111            0.000000            0.011604          -55.009007           -0.051847            0.000000            0.000494           -0.268053           -0.000000          -28.127276       133336.519180
           27.510000            0.000021            0.000000            0.000000           -0.000234            0.000000            0.011602          -55.000308           -0.051838           -0.000000           -0.001046            0.567497           -0.000000          -28.122828       133315.433540
           27.530000            0.000021            0.000000            0.000001           -0.000579            0.000000            0.011590          -54.943077           -0.051784           -0.000000           -0.002585            1.402546           -0.000000          -28.093564       133176.711222
           27.550000            0.000021            0.000000            0.000002           -0.000923            0.000000            0.011568          -54.837364           -0.051685           -0.000000           -0.004122            2.236358           -0.000000          -28.039511       132920.474632
           27.570000            0.000021            0.000000            0.000002           -0.001266            0.000000            0.011535          -54.683264           -0.051540           -0.000000           -0.005656            3.068196           -0.000000          -27.960716       132546.949873
           27.590000            0.000021            0.000000            0.000003           -0.001608            0.000000            0.011493          -54.480911           -0.051349           -0.000000           -0.007184            3.897327           -0.000000          -27.857249       132056.466540
           27.610000            0.000021            0.000000            0.000004           -0.001949            0.000000            0.011440          -54.230485           -0.051113           -0.000000           -0.008706            4.723019           -0.000000          -27.729201       131449.457433
           27.630000            0.000021            0.000000            0.000004           -0.002287            0.000000            0.011377          -53.932206           -0.050832           -0.000000           -0.010220            5.544543           -0.000000          -27.576684       130726.458172
           27.650000            0.000021            0.000000            0.000005           -0.002624            0.000000            0.011304          -53.586338           -0.050506           -0.000000           -0.011725            6.361175           -0.000000          -27.399835       129888.106727
           27.670000            0.000021            0.000000            0.000005           -0.002959            0.000000            0.011221          -53.193185           -0.050135           -0.000000           -0.013220            7.172194           -0.000000          -27.198807       128935.142855
           27.690000            0.000021            0.000000            0.000006           -0.003291            0.000000            0.011128          -52.753095           -0.049720           -0.000000           -0.014704            7.976884           -0.000000          -26.973780       127868.407444
           27.710000            0.000020            0.000000            0.000007           -0.003620            0.000000            0.011026          -52.266456           -0.049262           -0.000000           -0.016174            8.774535           -0.000000          -26.724951       126688.841775
           27.730000            0.000020            0.000000            0.000007           -0.003946            0.000000            0.010913          -51.733698           -0.048760           -0.000000           -0.017630            9.564444           -0.000000          -26.452540       125397.486690
           27.750000            0.000020            0.000000            0.000008           -0.004268            0.000000            0.010791          -51.155290           -0.048214           -0.000000           -0.019070           10.345913           -0.000000          -26.156788       123995.481670
           27.770000            0.000020            0.000000            0.000008           -0.004587            0.000000            0.010660          -50.531743           -0.047627           -0.000000           -0.020494           11.118253           -0.000000          -25.837955       122484.063838
           27.790000            0.000019            0.000000            0.000009           -0.004902            0.000000            0.010519          -49.863607           -0.046997           -0.000000           -0.021900           11.880782           -0.000000          -25.496323       120864.566857
           27.810000            0.000019            0.000000            0.000010           -0.005212            0.000000            0.010368          -49.151472           -0.046326           -0.000000           -0.023286           12.632828           -0.000000          -25.132193       119138.419762
           27.830000            0.000019            0.000000            0.000010           -0.005517            0.000000            0.010209          -48.395965           -0.045614           -0.000000           -0.024652           13.373727           -0.000000          -24.745887       117307.145693
           27.850000            0.000019            0.000000            0.000011           -0.005818            0.000000            0.010041          -47.597755           -0.044861           -0.000000           -0.025996           14.102825           -0.000000          -24.337745       115372.360556
           27.870000            0.000018            0.000000            0.000011           -0.006114            0.000000            0.009863          -46.757544           -0.044070           -0.000000           -0.027317           14.819478           -0.000000          -23.908127       113335.771592
           27.890000            0.000018            0.000000            0.000012           -0.006404            0.000000            0.009678          -45.876075           -0.043239           -0.000000           -0.028613           15.523055           -0.000000          -23.457414       111199.175874
           27.910000            0.000017            0.000000            0.000012           -0.006689            0.000000            0.009483          -44.954126           -0.042370           -0.000000           -0.029885           16.212934           -0.000000          -22.986001       108964.458720
           27.930000            0.000017            0.000000            0.000013           -0.006967            0.000000            0.009280          -43.992509           -0.041463           -0.000000           -0.031130           16.888508           -0.000000          -22.494306       106633.592031
           27.950000            0.000017            0.000000            0.000013           -0.007240            0.000000            0.009069          -42.992073           -0.040521           -0.000000           -0.032348           17.549179           -0.000000          -21.982762       104208.632547
           27.970000            0.000016            0.000000            0.000014           -0.007506            0.000000            0.008850          -41.953701           -0.039542           -0.000000           -0.033537           18.194364           -0.000000          -21.451820       101691.720039
           27.990000            0.000016            0.000000            0.000014           -0.007766            0.000000            0.008623          -40.878310           -0.038528           -0.000000           -0.034697           18.823495           -0.000000          -20.901950        99085.075412
           28.010000            0.000015            0.000000            0.000015           -0.008018            0.000000            0.008389          -39.766848           -0.037481           -0.000000           -0.035826           19.436017           -0.000000          -20.333636        96390.998754
           28.030000            0.000015            0.000000            0.000015           -0.008264            0.000000            0.008147          -38.620296           -0.036400           -0.000000           -0.036924           20.031388           -0.000000          -19.747379        93611.867300
           28.050000            0.000015            0.000000            0.000016           -0.008502            0.000000            0.007898          -37.439666           -0.035287           -0.000000           -0.037988           20.609084           -0.000000          -19.143698        90750.133338
           28.070000            0.000014            0.000000            0.000016           -0.008733            0.000000            0.007642          -36.225999           -0.034143           -0.000000           -0.039020           21.168594           -0.000000          -18.523124        87808.322044
           28.090000            0.000014            0.000000            0.000017           -0.008956            0.000000            0.007379          -34.980366           -0.032969           -0.000000           -0.040017           21.709425           -0.000000          -17.886206        84789.029253
           28.110000            0.000013            0.000000            0.000017           -0.009172            0.000000            0.007110          -33.703867           -0.031766           -0.000000           -0.040978           22.231100           -0.000000          -17.233505        81694.919169
           28.130000            0.000013            0.000000            0.000017           -0.009379            0.000000            0.006834          -32.397628           -0.030535           -0.000000           -0.041904           22.733158           -0.000000          -16.565597        78528.722015
           28.150000            0.000012            0.000000            0.000018           -0.009578            0.000000            0.006553          -31.062802           -0.029277           -0.000000           -0.042792           23.215157           -0.000000          -15.883072        75293.231623
           28.170000            0.000012            0.000000            0.000018           -0.009768            0.000000            0.006265          -29.700566           -0.027993           -0.000000           -0.043643           23.676671           -0.000000          -15.186531        71991.302970
           28.190000            0.000011            0.000000            0.000018           -0.009950            0.000000            0.005972          -28.312122           -0.026684           -0.000000           -0.044455           24.117293           -0.000000          -14.476590        68625.849655
           28.210000            0.000010            0.000000            0.000019           -0.010123            0.000000            0.005674          -26.898696           -0.025352           -0.000000           -0.045228           24.536634           -0.000000          -13.753876        65199.841332
           28.230000            0.000010            0.000000            0.000019           -0.010287            0.000000            0.005371          -25.461535           -0.023998           -0.000000           -0.045961           24.934323           -0.000000          -13.019024        61716.301091
           28.250000            0.000009            0.000000            0.000019           -0.010442            0.000000            0.005063          -24.001906           -0.022622           -0.000000           -0.046654           25.310011           -0.000000          -12.272685        58178.302783
           28.270000            0.000009            0.000000            0.000020           -0.010588            0.000000            0.004751          -22.521099           -0.021226           -0.000000           -0.047305           25.663366           -0.000000          -11.515517        54588.968316
           28.290000            0.000008            0.000000            0.000020           -0.010724            0.000000            0.004434          -21.020419           -0.019812           -0.000000           -0.047915           25.994075           -0.000000          -10.748187        50951.464895
           28.310000            0.000008            0.000000            0.000020           -0.010851            0.000000            0.004114          -19.501190           -0.018380           -0.000000           -0.048482           26.301848           -0.000000           -9.971374        47269.002231
           28.330000            0.000007            0.000000            0.000020           -0.010968            0.000000            0.003790          -17.964754           -0.016932           -0.000000           -0.049006           26.586411           -0.000000           -9.185761        43544.829703
           28.350000            0.000006            0.000000            0.000020           -0.011076            0.000000            0.003462          -16.412466           -0.015469           -0.000000           -0.049488           26.847516           -0.000000           -8.392043        39782.233499
           28.370000            0.000006            0.000000            0.000021           -0.011174            0.000000            0.003132          -14.845696           -0.013992           -0.000000           -0.049925           27.084930           -0.000000           -7.590920        35984.533708
           28.390000            0.000005            0.000000            0.000021           -0.011262            0.000000            0.002798          -13.265826           -0.012503           -0.000000           -0.050319           27.298444           -0.000000           -6.783099        32155.081397
           28.410000            0.000005            0.000000            0.000021           -0.011340            0.000000            0.002463          -11.674250           -0.011003           -0.000000           -0.050668           27.487871           -0.000000           -5.969293        28297.255650
           28.430000            0.000004            0.000000            0.000021           -0.011408            0.000000            0.002125          -10.072374           -0.009493           -0.000000           -0.050972           27.653042           -0.000000           -5.150219        24414.460586
           28.450000            0.000003            0.000000            0.000021           -0.011467            0.000000            0.001785           -8.461609           -0.007975           -0.000000           -0.051232           27.793812           -0.000000           -4.326601        20510.122360
           28.470000            0.000003            0.000000            0.000021           -0.011515            0.000000            0.001444           -6.843378           -0.006450           -0.000000           -0.051446           27.910058           -0.000000           -3.499165        16587.686135
           28.490000            0.000002            0.000000            0.000021           -0.011552            0.000000            0.001101           -5.219108           -0.004919           -0.000000           -0.051615           28.001676           -0.000000           -2.668641        12650.613042
           28.510000            0.000001            0.000000            0.000021           -0.011580            0.000000            0.000757           -3.590233           -0.003384           -0.000000           -0.051738           28.068585           -0.000000           -1.835762         8702.377129
           28.530000            0.000001            0.000000            0.000021           -0.011597            0.000000            0.000413           -1.958190           -0.001846           -0.000000           -0.051816           28.110727           -0.000000           -1.001264         4746.462296
           28.550000            0.000000            0.000000            0.000021           -0.011604            0.000000            0.000068           -0.324419           -0.000306           -0.000000           -0.051848           28.128064           -0.000000           -0.165882          786.359214
           28.570000           -0.000001            0.000000            0.000021           -0.011601           -0.000000           -0.000276            1.309639            0.001234           -0.000000           -0.051834           28.120581            0.000000            0.669646        -3174.437746
           28.590000           -0.000001            0.000000            0.000021           -0.011588           -0.000000           -0.000621            2.942540            0.002773           -0.000000           -0.051775           28.088284            0.000000            1.504583        -7132.433602
           28.610000           -0.000002            0.000000            0.000021           -0.011564           -0.000000           -0.000965            4.572846            0.004310           -0.000000           -0.051670           28.031203            0.000000            2.338193       -11084.135845
           28.630000           -0.000002            0.000000            0.000021           -0.011531           -0.000000           -0.001308            6.199116            0.005843           -0.000000           -0.051519           27.949387            0.000000            3.169740       -15026.057518
           28.650000           -0.000003            0.000000            0.000021           -0.011487           -0.000000           -0.001650            7.819916            0.007370           -0.000000           -0.051322           27.842909            0.000000            3.998489       -18954.720295
           28.670000           -0.000004            0.000000            0.000021           -0.011433           -0.000000           -0.001990            9.433815            0.008891           -0.000000           -0.051081           27.711862            0.000000            4.823711       -22866.657548
           28.690000           -0.000004            0.000000            0.000021           -0.011369           -0.000000           -0.002329           11.039391            0.010405           -0.000000           -0.050794           27.556363            0.000000            5.644675       -26758.417411
           28.710000           -0.000005            0.000000            0.000021           -0.011294           -0.000000           -0.002665           12.635225            0.011909           -0.000000           -0.050463           27.376548            0.000000            6.460660       -30626.565819
           28.730000           -0.000006            0.000000            0.000021           -0.011210           -0.000000           -0.003000           14.219910            0.013402           -0.000000           -0.050087           27.172576            0.000000            7.270943       -34467.689542
           28.750000           -0.000006            0.000000            0.000020           -0.011116           -0.000000           -0.003331           15.792048            0.014884           -0.000000           -0.049667           26.944627            0.000000            8.074810       -38278.399199
           28.770000           -0.000007            0.000000            0.000020           -0.011012           -0.000000           -0.003660           17.350251            0.016353           -0.000000           -0.049203           26.692902            0.000000            8.871552       -42055.332243
           28.790000           -0.000007            0.000000            0.000020           -0.010899           -0.000000           -0.003985           18.893144            0.017807           -0.000000           -0.048695           26.417624            0.000000            9.660466       -45795.155933
           28.810000           -0.000008            0.000000            0.000020           -0.010776           -0.000000           -0.004307           20.419366            0.019245           -0.000000           -0.048145           26.119035            0.000000           10.440856       -49494.570272
           28.830000           -0.000009            0.000000            0.000020           -0.010643           -0.000000           -0.004626           21.927570            0.020667           -0.000000           -0.047552           25.797399            0.000000           11.212033       -53150.310923
           28.850000           -0.000009            0.000000            0.000019           -0.010501           -0.000000           -0.004940           23.416425            0.022070           -0.000000           -0.046917           25.452999            0.000000           11.973316       -56759.152081
           28.870000           -0.000010            0.000000            0.000019           -0.010349           -0.000000           -0.005249           24.884617            0.023454           -0.000000           -0.046241           25.086140            0.000000           12.724034       -60317.909330
           28.890000           -0.000010            0.000000            0.000019           -0.010189           -0.000000           -0.005554           26.330852            0.024817           -0.000000           -0.045524           24.697145            0.000000           13.463525       -63823.442444
           28.910000           -0.000011            0.000000            0.000018           -0.010020           -0.000000           -0.005855           27.753853            0.026158           -0.000000           -0.044767           24.286358            0.000000           14.191135       -67272.658165
           28.930000           -0.000011            0.000000            0.000018           -0.009841           -0.000000           -0.006150           29.152363            0.027476           -0.000000           -0.043970           23.854140            0.000000           14.906224       -70662.512926
           28.950000           -0.000012            0.000000            0.000018           -0.009654           -0.000000           -0.006439           30.525150            0.028770           -0.000000           -0.043134           23.400873            0.000000           15.608159       -73990.015541
           28.970000           -0.000012            0.000000            0.000017           -0.009459           -0.000000           -0.006723           31.871002            0.030039           -0.000000           -0.042261           22.926958            0.000000           16.296321       -77252.229844
           28.990000           -0.000013            0.000000            0.000017           -0.009255           -0.000000           -0.007001           33.188731            0.031281           -0.000000           -0.041350           22.432812            0.000000           16.970104       -80446.277277
           29.010000           -0.000013            0.000000            0.000017           -0.009043           -0.000000           -0.007273           34.477174            0.032495           -0.000000           -0.040403           21.918871            0.000000           17.628913       -83569.339434
           29.030000           -0.000014            0.000000            0.000016           -0.008823           -0.000000           -0.007538           35.735195            0.033681           -0.000000           -0.039420           21.385590            0.000000           18.272165       -86618.660544
           29.050000           -0.000014            0.000000            0.000016           -0.008595           -0.000000           -0.007797           36.961683            0.034837           -0.000000           -0.038402           20.833438            0.000000           18.899295       -89591.549908
           29.070000           -0.000015            0.000000            0.000015           -0.008360           -0.000000           -0.008049           38.155557            0.035962           -0.000000           -0.037350           20.262902            0.000000           19.509748       -92485.384265
           29.090000           -0.000015            0.000000            0.000015           -0.008117           -0.000000           -0.008294           39.315762            0.037056           -0.000000           -0.036266           19.674487            0.000000           20.102986       -95297.610116
           29.110000           -0.000016            0.000000            0.000015           -0.007867           -0.000000           -0.008531           40.441276            0.038116           -0.000000           -0.035149           19.068711            0.000000           20.678485       -98025.745970
           29.130000           -0.000016            0.000000            0.000014           -0.007610           -0.000000           -0.008761           41.531104            0.039144           -0.000000           -0.034001           18.446109            0.000000           21.235737      -100667.384538
           29.150000           -0.000017            0.000000            0.000014           -0.007347           -0.000000           -0.008983           42.584285            0.040136           -0.000000           -0.032824           17.807231            0.000000           21.774251      -103220.194855
           29.170000           -0.000017            0.000000            0.000013           -0.007076           -0.000000           -0.009197           43.599891            0.041093           -0.000000           -0.031617           17.152639            0.000000           22.293552      -105681.924338
           29.190000           -0.000017            0.000000            0.000013           -0.006800           -0.000000           -0.009404           44.577024            0.042014           -0.000000           -0.030383           16.482912            0.000000           22.793181      -108050.400773
           29.210000           -0.000018            0.000000            0.000012           -0.006518           -0.000000           -0.009601           45.514823            0.042898           -0.000000           -0.029121           15.798641            0.000000           23.272697      -110323.534231
           29.230000           -0.000018            0.000000            0.000011           -0.006230           -0.000000           -0.009791           46.412459            0.043744           -0.000000           -0.027834           15.100429            0.000000           23.731678      -112499.318913
           29.250000           -0.000018            0.000000            0.000011           -0.005936           -0.000000           -0.009971           47.269142            0.044552           -0.000000           -0.026523           14.388892            0.000000           24.169718      -114575.834922
           29.270000           -0.000019            0.000000            0.000010           -0.005637           -0.000000           -0.010143           48.084115            0.045320           -0.000000           -0.025188           13.664659            0.000000           24.586431      -116551.249953
           29.290000           -0.000019            0.000000            0.000010           -0.005334           -0.000000           -0.010306           48.856658            0.046048           -0.000000           -0.023831           12.928368            0.000000           24.981449      -118423.820913
           29.310000           -0.000019            0.000000            0.000009           -0.005025           -0.000000           -0.010460           49.586091            0.046735           -0.000000           -0.022452           12.180669            0.000000           25.354423      -120191.895457
           29.330000           -0.000020            0.000000            0.000009           -0.004712           -0.000000           -0.010605           50.271769            0.047382           -0.000000           -0.021054           11.422222            0.000000           25.705025      -121853.913448
           29.350000           -0.000020            0.000000            0.000008           -0.004395           -0.000000           -0.010740           50.913088            0.047986           -0.000000           -0.019638           10.653696            0.000000           26.032945      -123408.408331
           29.370000           -0.000020            0.000000            0.000008           -0.004074           -0.000000           -0.010866           51.509482            0.048548           -0.000000           -0.018204            9.875770            0.000000           26.337894      -124854.008430
           29.390000           -0.000020            0.000000            0.000007           -0.003750           -0.000000           -0.010982           52.060423            0.049068           -0.000000           -0.016754            9.089129            0.000000           26.619602      -126189.438158
           29.410000           -0.000020            0.000000            0.000006           -0.003422           -0.000000           -0.011089           52.565427            0.049544           -0.000000           -0.015289            8.294468            0.000000           26.877822      -127413.519139
           29.430000           -0.000021            0.000000            0.000006           -0.003091           -0.000000           -0.011185           53.024048            0.049976           -0.000000           -0.013811            7.492488            0.000000           27.112324      -128525.171253
           29.450000           -0.000021            0.000000            0.000005           -0.002757           -0.000000           -0.011272           53.435881            0.050364           -0.000000           -0.012320            6.683896            0.000000           27.322903      -129523.413585
           29.470000           -0.000021            0.000000            0.000004           -0.002421           -0.000000           -0.011349           53.800562            0.050708           -0.000000           -0.010819            5.869407            0.000000           27.509372      -130407.365291
           29.490000           -0.000021            0.000000            0.000004           -0.002083           -0.000000           -0.011416           54.117769            0.051007           -0.000000           -0.009308            5.049739            0.000000           27.671567      -131176.246380
           29.510000           -0.000021            0.000000            0.000003           -0.001743           -0.000000           -0.011473           54.387224            0.051261           -0.000000           -0.007789            4.225614            0.000000           27.809345      -131829.378394
           29.530000           -0.000021            0.000000            0.000003           -0.001402           -0.000000           -0.011520           54.608688            0.051469           -0.000000           -0.006263            3.397762            0.000000           27.922584      -132366.185016
           29.550000           -0.000021            0.000000            0.000002           -0.001059           -0.000000           -0.011556           54.781965            0.051633           -0.000000           -0.004732            2.566911            0.000000           28.011184      -132786.192569
           29.570000           -0.000021            0.000000            0.000001           -0.000715           -0.000000           -0.011583           54.906903            0.051750           -0.000000           -0.003196            1.733795            0.000000           28.075068      -133089.030442
           29.590000           -0.000021            0.000000            0.000001           -0.000371           -0.000000           -0.011599           54.983392            0.051822           -0.000000           -0.001657            0.899149            0.000000           28.114178      -133274.431413
           29.610000           -0.000021            0.000000            0.000000           -0.000026           -0.000000           -0.011605           55.011363            0.051849           -0.000000           -0.000117            0.063709            0.000000           28.128481      -133342.231886
           29.630000           -0.000021           -0.000000           -0.000001            0.000318           -0.000000           -0.011600           54.990793            0.051829            0.000000            0.001423           -0.771786            0.000000           28.117963      -133292.372032
           29.650000           -0.000021           -0.000000           -0.000001            0.000663           -0.000000           -0.011586           54.921700            0.051764            0.000000            0.002961           -1.606601            0.000000           28.082634      -133124.895850
           29.670000           -0.000021           -0.000000           -0.000002            0.001007           -0.000000           -0.011561           54.804144            0.051654            0.000000            0.004498           -2.439998            0.000000           28.022525      -132839.951118
           29.690000           -0.000021           -0.000000           -0.000002            0.001350           -0.000000           -0.011526           54.638229            0.051497            0.000000            0.006030           -3.271242            0.000000           27.937689      -132437.789269
           29.710000           -0.000021           -0.000000           -0.000003            0.001691           -0.000000           -0.011481           54.424101            0.051295            0.000000            0.007557           -4.099599            0.000000           27.828201      -131918.765170
           29.730000           -0.000021           -0.000000           -0.000004            0.002032           -0.000000           -0.011425           54.161950            0.051048            0.000000            0.009077           -4.924339            0.000000           27.694158      -131283.336802
           29.750000           -0.000021           -0.000000           -0.000004            0.002370           -0.000000           -0.011360           53.852007            0.050756            0.000000            0.010589           -5.744733            0.000000           27.535677      -130532.064866
           29.770000           -0.000021           -0.000000           -0.000005            0.002706           -0.000000           -0.011285           53.494546            0.050419            0.000000            0.012092           -6.560059            0.000000           27.352900      -129665.612276
           29.790000           -0.000021           -0.000000           -0.000006            0.003040           -0.000000           -0.011199           53.089881            0.050038            0.000000            0.013584           -7.369596            0.000000           27.145986      -128684.743587
           29.810000           -0.000020           -0.000000           -0.000006            0.003372           -0.000000           -0.011104           52.638370            0.049612            0.000000            0.015064           -8.172630            0.000000           26.915119      -127590.324310
           29.830000           -0.000020           -0.000000           -0.000007            0.003700           -0.000000           -0.010999           52.140411            0.049143            0.000000            0.016531           -8.968453            0.000000           26.660502      -126383.320154
           29.850000           -0.000020           -0.000000           -0.000007            0.004025           -0.000000           -0.010884           51.596444            0.048630            0.000000            0.017984           -9.756361            0.000000           26.382360      -125064.796171
           29.870000           -0.000020           -0.000000           -0.000008            0.004347           -0.000000           -0.010760           51.006948            0.048075            0.000000            0.019420          -10.535661            0.000000           26.080938      -123635.915818
           29.890000           -0.000020           -0.000000           -0.000009            0.004664           -0.000000           -0.010626           50.372444            0.047477            0.000000            0.020840          -11.305665            0.000000           25.756503      -122097.939931
           29.910000           -0.000019           -0.000000           -0.000009            0.004978           -0.000000           -0.010483           49.693492            0.046837            0.000000            0.022241          -12.065692            0.000000           25.409340      -120452.225609
           29.930000           -0.000019           -0.000000           -0.000010            0.005287           -0.000000           -0.010330           48.970691            0.046155            0.000000            0.023622          -12.815073            0.000000           25.039756      -118700.225019
           29.950000           -0.000019           -0.000000           -0.000010            0.005591           -0.000000           -0.010169           48.204678            0.045433            0.000000            0.024982          -13.553145            0.000000           24.648078      -116843.484117
           29.970000           -0.000018           -0.000000           -0.000011            0.005891           -0.000000           -0.009998           47.396130            0.044671            0.000000            0.026321          -14.279259            0.000000           24.234650      -114883.641278
           29.990000           -0.000018           -0.000000           -0.000011            0.006185           -0.000000           -0.009819           46.545760            0.043870            0.000000            0.027636          -14.992773            0.000000           23.799837      -112822.425854
           30.010000           -0.000018           -0.000000           -0.000012            0.006474           -0.000000           -0.009631           45.654318            0.043030            0.000000            0.028927          -15.693057            0.000000           23.344024      -110661.656650
           30.030000           -0.000017           -0.000000           -0.000012            0.006757           -0.000000           -0.009434           44.722591            0.042152            0.000000            0.030192          -16.379493            0.000000           22.867612      -108403.240314
           30.050000           -0.000017           -0.000000           -0.000013            0.007035           -0.000000           -0.009229           43.751401            0.041236            0.000000            0.031431          -17.051477            0.000000           22.371022      -106049.169657
           30.070000           -0.000017           -0.000000           -0.000013            0.007306           -0.000000           -0.009016           42.741605            0.040284            0.000000            0.032642          -17.708414            0.000000           21.854692      -103601.521897
           30.090000           -0.000016           -0.000000           -0.000014            0.007570           -0.000000           -0.008795           41.694094            0.039297            0.000000            0.033824          -18.349725            0.000000           21.319077      -101062.456822
           30.110000           -0.000016           -0.000000           -0.000014            0.007828           -0.000000           -0.008567           40.609793            0.038275            0.000000            0.034976          -18.974845            0.000000           20.764651       -98434.214887
           30.130000           -0.000015           -0.000000           -0.000015            0.008079           -0.000000           -0.008330           39.489657            0.037219            0.000000            0.036097          -19.583222            0.000000           20.191902       -95719.115236
           30.150000           -0.000015           -0.000000           -0.000015            0.008323           -0.000000           -0.008087           38.334677            0.036131            0.000000            0.037187          -20.174318            0.000000           19.601336       -92919.553654
           30.170000           -0.000014           -0.000000           -0.000016            0.008560           -0.000000           -0.007836           37.145870            0.035010            0.000000            0.038244          -20.747613            0.000000           18.993474       -90038.000458
           30.190000           -0.000014           -0.000000           -0.000016            0.008789           -0.000000           -0.007578           35.924285            0.033859            0.000000            0.039267          -21.302600            0.000000           18.368852       -87076.998311
           30.210000           -0.000013           -0.000000           -0.000017            0.009010           -0.000000           -0.007314           34.671002            0.032678            0.000000            0.040255          -21.838790            0.000000           17.728021       -84039.159982
           30.230000           -0.000013           -0.000000           -0.000017            0.009223           -0.000000           -0.007043           33.387125            0.031468            0.000000            0.041208          -22.355710            0.000000           17.071547       -80927.166040
           30.250000           -0.000012           -0.000000           -0.000017            0.009428           -0.000000           -0.006766           32.073787            0.030230            0.000000            0.042124          -22.852903            0.000000           16.400010       -77743.762489
           30.270000           -0.000012           -0.000000           -0.000018            0.009625           -0.000000           -0.006483           30.732148            0.028965            0.000000            0.043004          -23.329930            0.000000           15.714001       -74491.758343
           30.290000           -0.000011           -0.000000           -0.000018            0.009813           -0.000000           -0.006194           29.363391            0.027675            0.000000            0.043845          -23.786372            0.000000           15.014126       -71174.023150
           30.310000           -0.000011           -0.000000           -0.000018            0.009993           -0.000000           -0.005900           27.968724            0.026361            0.000000            0.044648          -24.221825            0.000000           14.301003       -67793.484458
           30.330000           -0.000010           -0.000000           -0.000019            0.010164           -0.000000           -0.005601           26.549377            0.025023            0.000000            0.045411          -24.635904            0.000000           13.575261       -64353.125233
           30.350000           -0.000010           -0.000000           -0.000019            0.010326           -0.000000           -0.005296           25.106603            0.023663            0.000000            0.046134          -25.028245            0.000000           12.837540       -60855.981224
           30.370000           -0.000009           -0.000000           -0.000019            0.010478           -0.000000           -0.004987           23.641676            0.022283            0.000000            0.046817          -25.398501            0.000000           12.088492       -57305.138291
           30.390000           -0.000009           -0.000000           -0.000020            0.010622           -0.000000           -0.004674           22.155887            0.020882            0.000000            0.047458          -25.746346            0.000000           11.328776       -53703.729673
           30.410000           -0.000008           -0.000000           -0.000020            0.010756           -0.000000           -0.004356           20.650548            0.019463            0.000000            0.048057          -26.071472            0.000000           10.559064       -50054.933230
           30.430000           -0.000007           -0.000000           -0.000020            0.010881           -0.000000           -0.004035           19.126987            0.018027            0.000000            0.048614          -26.373593            0.000000            9.780035       -46361.968637
           30.450000           -0.000007           -0.000000           -0.000020            0.010996           -0.000000           -0.003710           17.586548            0.016576            0.000000            0.049128          -26.652442            0.000000            8.992376       -42628.094542
           30.470000           -0.000006           -0.000000           -0.000020            0.011101           -0.000000           -0.003382           16.030592            0.015109            0.000000            0.049599          -26.907773            0.000000            8.196783       -38856.605691
           30.490000           -0.000006           -0.000000           -0.000021            0.011197           -0.000000           -0.003050           14.460490            0.013629            0.000000            0.050026          -27.139361            0.000000            7.393956       -35050.830022
           30.510000           -0.000005           -0.000000           -0.000021            0.011282           -0.000000           -0.002717           12.877628            0.012137            0.000000            0.050408          -27.347001            0.000000            6.584605       -31214.125726
           30.530000           -0.000004           -0.000000           -0.000021            0.011358           -0.000000           -0.002380           11.283403            0.010635            0.000000            0.050747          -27.530510            0.000000            5.769444       -27349.878288
           30.550000           -0.000004           -0.000000           -0.000021            0.011424           -0.000000           -0.002042            9.679221            0.009123            0.000000            0.051040          -27.689727            0.000000            4.949192       -23461.497493
           30.570000           -0.000003           -0.000000           -0.000021            0.011479           -0.000000           -0.001702            8.066499            0.007603            0.000000            0.051289          -27.824511            0.000000            4.124573       -19552.414424
           30.590000           -0.000003           -0.000000           -0.000021            0.011525           -0.000000           -0.001360            6.446659            0.006076            0.000000            0.051492          -27.934742            0.000000            3.296314       -15626.078430
           30.610000           -0.000002           -0.000000           -0.000021            0.011560           -0.000000           -0.001017            4.821130            0.004544            0.000000            0.051649          -28.020324            0.000000            2.465146       -11685.954086
           30.630000           -0.000001           -0.000000           -0.000021            0.011585           -0.000000           -0.000673            3.191348            0.003008            0.000000            0.051762          -28.081181            0.000000            1.631804        -7735.518131
           30.650000           -0.000001           -0.000000           -0.000021            0.011600           -0.000000           -0.000329            1.558749            0.001469            0.000000            0.051828          -28.117259            0.000000            0.797021        -3778.256405
           30.670000            0.000000           -0.000000           -0.000021            0.011605            0.000000            0.000016           -0.075225           -0.000071            0.000000            0.051849          -28.128527           -0.000000           -0.038464          182.339230
           30.690000            0.000001           -0.000000           -0.000021            0.011599            0.000000            0.000361           -1.709133           -0.001611            0.000000            0.051824          -28.114974           -0.000000           -0.873916         4142.773970
           30.710000            0.000001           -0.000000           -0.000021            0.011583            0.000000            0.000705           -3.341533           -0.003149            0.000000            0.051753          -28.076613           -0.000000           -1.708597         8099.553154
           30.730000            0.000002           -0.000000           -0.000021            0.011557            0.000000            0.001049           -4.970984           -0.004685            0.000000            0.051637          -28.013477           -0.000000           -2.541770        12049.185343
           30.750000            0.000003           -0.000000           -0.000021            0.011521            0.000000            0.001391           -6.596049           -0.006217            0.000000            0.051475          -27.925622           -0.000000           -3.372700        15988.185410
           30.770000            0.000003           -0.000000           -0.000021            0.011475            0.000000            0.001733           -8.215293           -0.007743            0.000000            0.051268          -27.813126           -0.000000           -4.200654        19913.077604
           30.790000            0.000004           -0.000000           -0.000021            0.011418            0.000000            0.002073           -9.827289           -0.009262            0.000000            0.051015          -27.676088           -0.000000           -5.024902        23820.398628
           30.810000            0.000004           -0.000000           -0.000021            0.011351            0.000000            0.002411          -11.430612           -0.010773            0.000000            0.050717          -27.514629           -0.000000           -5.844715        27706.700685
           30.830000            0.000005           -0.000000           -0.000021            0.011275            0.000000            0.002747          -13.023850           -0.012275            0.000000            0.050375          -27.328890           -0.000000           -6.659372        31568.554528
           30.850000            0.000006           -0.000000           -0.000021            0.011188            0.000000            0.003081          -14.605595           -0.013766            0.000000            0.049988          -27.119038           -0.000000           -7.468152        35402.552482
           30.870000            0.000006           -0.000000           -0.000020            0.011092            0.000000            0.003412          -16.174453           -0.015245            0.000000            0.049557          -26.885255           -0.000000           -8.270342        39205.311453
           30.890000            0.000007           -0.000000           -0.000020            0.010985            0.000000            0.003740          -17.729038           -0.016710            0.000000            0.049083          -26.627749           -0.000000           -9.065234        42973.475909
           30.910000            0.000007           -0.000000           -0.000020            0.010870            0.000000            0.004065          -19.267979           -0.018160            0.000000            0.048565          -26.346747           -0.000000           -9.852128        46703.720847
           30.930000            0.000008           -0.000000           -0.000020            0.010744            0.000000            0.004386          -20.789919           -0.019595            0.000000            0.048004          -26.042496           -0.000000          -10.630328        50392.754723
           30.950000            0.000009           -0.000000           -0.000020            0.010609            0.000000            0.004703          -22.293513           -0.021012            0.000000            0.047401          -25.715266           -0.000000          -11.399148        54037.322358
           30.970000            0.000009           -0.000000           -0.000019            0.010465            0.000000            0.005016          -23.777436           -0.022410            0.000000            0.046756          -25.365345           -0.000000          -12.157909        57634.207807
           30.990000            0.000010           -0.000000           -0.000019            0.010311            0.000000            0.005324          -25.240377           -0.023789            0.000000            0.046069          -24.993042           -0.000000          -12.905942        61180.237204
           31.010000            0.000010           -0.000000           -0.000019            0.010148            0.000000            0.005628          -26.681047           -0.025147            0.000000            0.045342          -24.598685           -0.000000          -13.642587        64672.281553
           31.040000            0.000011           -0.000000           -0.000018            0.009888            0.000000            0.006075          -28.797517           -0.027142            0.000000            0.044177          -23.966565           -0.000000          -14.724783        69802.399341
           31.060000            0.000012           -0.000000           -0.000018            0.009703            0.000000            0.006366          -30.176991           -0.028442            0.000000            0.043352          -23.518638           -0.000000          -15.430137        73146.111020
           31.080000            0.000012           -0.000000           -0.000018            0.009509            0.000000            0.006651          -31.529837           -0.029717            0.000000            0.042488          -23.049958           -0.000000          -16.121876        76425.279041
           31.100000            0.000013           -0.000000           -0.000017            0.009308            0.000000            0.006931          -32.854861           -0.030966            0.000000            0.041586          -22.560940           -0.000000          -16.799390        79637.009890
           31.120000            0.000013           -0.000000           -0.000017            0.009098            0.000000            0.007204          -34.150894           -0.032188            0.000000            0.040648          -22.052013           -0.000000          -17.462079        82778.469554
           31.140000            0.000014           -0.000000           -0.000016            0.008880            0.000000            0.007471          -35.416793           -0.033381            0.000000            0.039674          -21.523628           -0.000000          -18.109360        85846.886030
           31.160000            0.000014           -0.000000           -0.000016            0.008654            0.000000            0.007732          -36.651440           -0.034544            0.000000            0.038665          -20.976251           -0.000000          -18.740661        88839.551768
           31.180000            0.000015           -0.000000           -0.000016            0.008420            0.000000            0.007985          -37.853747           -0.035678            0.000000            0.037622          -20.410364           -0.000000          -19.355426        91753.826059
           31.200000            0.000015           -0.000000           -0.000015            0.008180            0.000000            0.008232          -39.022651           -0.036779            0.000000            0.036546          -19.826467           -0.000000          -19.953112        94587.137365
           31.220000            0.000016           -0.000000           -0.000015            0.007931            0.000000            0.008471          -40.157122           -0.037849            0.000000            0.035437          -19.225076           -0.000000          -20.533191        97336.985591
           31.240000            0.000016           -0.000000           -0.000014            0.007676            0.000000            0.008703          -41.256159           -0.038884            0.000000            0.034298          -18.606721           -0.000000          -21.095152       100000.944289
           31.260000            0.000016           -0.000000           -0.000014            0.007414            0.000000            0.008927          -42.318791           -0.039886            0.000000            0.033127          -17.971947           -0.000000          -21.638498       102576.662798
           31.280000            0.000017           -0.000000           -0.000013            0.007146            0.000000            0.009143          -43.344082           -0.040852            0.000000            0.031928          -17.321314           -0.000000          -22.162751       105061.868322
           31.300000            0.000017           -0.000000           -0.000013            0.006871            0.000000            0.009352          -44.331126           -0.041783            0.000000            0.030701          -16.655398           -0.000000          -22.667448       107454.367930
           31.320000            0.000018           -0.000000           -0.000012            0.006591            0.000000            0.009552          -45.279053           -0.042676            0.000000            0.029446          -15.974785           -0.000000          -23.152143       109752.050498
           31.340000            0.000018           -0.000000           -0.000012            0.006304            0.000000            0.009743          -46.187025           -0.043532            0.000000            0.028166          -15.280076           -0.000000          -23.616409       111952.888563
           31.360000            0.000018           -0.000000           -0.000011            0.006012            0.000000            0.009926          -47.054243           -0.044349            0.000000            0.026860          -14.571884           -0.000000          -24.059836       114054.940122
           31.380000            0.000019           -0.000000           -0.000011            0.005714            0.000000            0.010100          -47.879940           -0.045127            0.000000            0.025531          -13.850833           -0.000000          -24.482032       116056.350338
           31.400000            0.000019           -0.000000           -0.000010            0.005412            0.000000            0.010266          -48.663388           -0.045866            0.000000            0.024179          -13.117561           -0.000000          -24.882626       117955.353178
           31.420000            0.000019           -0.000000           -0.000009            0.005104            0.000000            0.010422          -49.403896           -0.046564            0.000000            0.022806          -12.372714           -0.000000          -25.261263       119750.272975
           31.440000            0.000019           -0.000000           -0.000009            0.004793            0.000000            0.010569          -50.100811           -0.047221            0.000000            0.021413          -11.616950           -0.000000          -25.617610       121439.525903
           31.460000            0.000020           -0.000000           -0.000008            0.004477            0.000000            0.010706          -50.753516           -0.047836            0.000000            0.020001          -10.850934           -0.000000          -25.951353       123021.621378
           31.480000            0.000020           -0.000000           -0.000008            0.004157            0.000000            0.010835          -51.361437           -0.048409            0.000000            0.018572          -10.075344           -0.000000          -26.262196       124495.163366
           31.500000            0.000020           -0.000000           -0.000007            0.003833            0.000000            0.010953          -51.924037           -0.048939            0.000000            0.017126           -9.290863           -0.000000          -26.549865       125858.851626
           31.510000            0.000020           -0.000000           -0.000007            0.003670            0.000000            0.011009          -52.188185           -0.049188            0.000000            0.016397           -8.895505           -0.000000          -26.684930       126499.120757
           31.530000            0.000020           -0.000000           -0.000006            0.003341            0.000000            0.011113          -52.681886           -0.049653            0.000000            0.014929           -8.098989           -0.000000          -26.937369       127695.802801
           31.550000            0.000021           -0.000000           -0.000006            0.003010            0.000000            0.011208          -53.129100           -0.050075            0.000000            0.013447           -7.295327           -0.000000          -27.166039       128779.806893
           31.570000            0.000021           -0.000000           -0.000005            0.002676            0.000000            0.011292          -53.529433           -0.050452            0.000000            0.011954           -6.485227           -0.000000          -27.370738       129750.176513
           31.590000            0.000021           -0.000000           -0.000004            0.002339            0.000000            0.011366          -53.882533           -0.050785            0.000000            0.010450           -5.669405           -0.000000          -27.551286       130606.055415
           31.610000            0.000021           -0.000000           -0.000004            0.002000            0.000000            0.011431          -54.188087           -0.051073            0.000000            0.008937           -4.848580           -0.000000          -27.707522       131346.688375
           31.630000            0.000021           -0.000000           -0.000003            0.001660            0.000000            0.011485          -54.445825           -0.051316            0.000000            0.007416           -4.023476           -0.000000          -27.839309       131971.421865
           31.650000            0.000021           -0.000000           -0.000002            0.001318            0.000000            0.011530          -54.655521           -0.051513            0.000000            0.005889           -3.194823           -0.000000          -27.946531       132479.704623
           31.670000            0.000021           -0.000000           -0.000002            0.000975            0.000000            0.011564          -54.816989           -0.051666            0.000000            0.004356           -2.363350           -0.000000          -28.029093       132871.088145
           31.690000            0.000021           -0.000000           -0.000001            0.000631            0.000000            0.011587          -54.930088           -0.051772            0.000000            0.002820           -1.529792           -0.000000          -28.086923       133145.227074
           31.710000            0.000021           -0.000000           -0.000001            0.000287            0.000000            0.011601          -54.994716           -0.051833            0.000000            0.001281           -0.694884           -0.000000          -28.119968       133301.879515
           31.730000            0.000021            0.000000            0.000000           -0.000058            0.000000            0.011605          -55.010817           -0.051848           -0.000000           -0.000259            0.140638           -0.000000          -28.128201       133340.907236
           31.750000            0.000021            0.000000            0.000001           -0.000403            0.000000            0.011598          -54.978377           -0.051818           -0.000000           -0.001799            0.976035           -0.000000          -28.111614       133262.275801
           31.770000            0.000021            0.000000            0.000001           -0.000747            0.000000            0.011581          -54.897424           -0.051741           -0.000000           -0.003337            1.810570           -0.000000          -28.070221       133066.054593
           31.790000            0.000021            0.000000            0.000002           -0.001091            0.000000            0.011553          -54.768031           -0.051619           -0.000000           -0.004873            2.643509           -0.000000          -28.004059       132752.416756
           31.810000            0.000021            0.000000            0.000003           -0.001433            0.000000            0.011516          -54.590310           -0.051452           -0.000000           -0.006404            3.474114           -0.000000          -27.913187       132321.639043
           31.830000            0.000021            0.000000            0.000003           -0.001775            0.000000            0.011468          -54.364419           -0.051239           -0.000000           -0.007929            4.301654           -0.000000          -27.797684       131774.101570
           31.850000            0.000021            0.000000            0.000004           -0.002115            0.000000            0.011410          -54.090558           -0.050981           -0.000000           -0.009448            5.125399           -0.000000          -27.657653       131110.287478
           31.870000            0.000021            0.000000            0.000005           -0.002452            0.000000            0.011343          -53.768967           -0.050678           -0.000000           -0.010958            5.944620           -0.000000          -27.493217       130330.782515
           31.890000            0.000021            0.000000            0.000005           -0.002788            0.000000            0.011265          -53.399931           -0.050330           -0.000000           -0.012458            6.758597           -0.000000          -27.304521       129436.274510
           31.910000            0.000021            0.000000            0.000006           -0.003122            0.000000            0.011177          -52.983775           -0.049938           -0.000000           -0.013947            7.566609           -0.000000          -27.091731       128427.552771
           31.930000            0.000020            0.000000            0.000006           -0.003452            0.000000            0.011079          -52.520866           -0.049502           -0.000000           -0.015425            8.367945           -0.000000          -26.855037       127305.507387
           31.950000            0.000020            0.000000            0.000007           -0.003780            0.000000            0.010972          -52.011614           -0.049022           -0.000000           -0.016888            9.161897           -0.000000          -26.594645       126071.128445
           31.970000            0.000020            0.000000            0.000008           -0.004104            0.000000            0.010855          -51.456467           -0.048498           -0.000000           -0.018337            9.947764           -0.000000          -26.310786       124725.505152
           31.990000            0.000020            0.000000            0.000008           -0.004425            0.000000            0.010728          -50.855914           -0.047932           -0.000000           -0.019769           10.724854           -0.000000          -26.003711       123269.824877
           32.010000            0.000020            0.000000            0.000009           -0.004741            0.000000            0.010592          -50.210487           -0.047324           -0.000000           -0.021184           11.492480           -0.000000          -25.673691       121705.372105
           32.030000            0.000019            0.000000            0.000009           -0.005054            0.000000            0.010446          -49.520755           -0.046674           -0.000000           -0.022580           12.249965           -0.000000          -25.321016       120033.527296
           32.050000            0.000019            0.000000            0.000010           -0.005362            0.000000            0.010292          -48.787326           -0.045983           -0.000000           -0.023957           12.996641           -0.000000          -24.945998       118255.765678
           32.070000            0.000019            0.000000            0.000010           -0.005665            0.000000            0.010128          -48.010847           -0.045251           -0.000000           -0.025312           13.731849           -0.000000          -24.548968       116373.655934
           32.090000            0.000018            0.000000            0.000011           -0.005963            0.000000            0.009955          -47.192004           -0.044479           -0.000000           -0.026645           14.454940           -0.000000          -24.130276       114388.858827
           32.110000            0.000018            0.000000            0.000012           -0.006257            0.000000            0.009774          -46.331518           -0.043668           -0.000000           -0.027954           15.165276           -0.000000          -23.690291       112303.125728
           32.130000            0.000018            0.000000            0.000012           -0.006544            0.000000            0.009583          -45.430151           -0.042818           -0.000000           -0.029239           15.862230           -0.000000          -23.229403       110118.297076
           32.150000            0.000017            0.000000            0.000013           -0.006826            0.000000            0.009385          -44.488695           -0.041931           -0.000000           -0.030498           16.545187           -0.000000          -22.748017       107836.300748
           32.170000            0.000017            0.000000            0.000013           -0.007102            0.000000            0.009178          -43.507984           -0.041007           -0.000000           -0.031729           17.213546           -0.000000          -22.246558       105459.150364
           32.190000            0.000017            0.000000            0.000014           -0.007371            0.000000            0.008963          -42.488881           -0.040046           -0.000000           -0.032933           17.866714           -0.000000          -21.725469       102988.943506
           32.210000            0.000016            0.000000            0.000014           -0.007634            0.000000            0.008740          -41.432286           -0.039050           -0.000000           -0.034108           18.504118           -0.000000          -21.185209       100427.859868
           32.230000            0.000016            0.000000            0.000015           -0.007890            0.000000            0.008510          -40.339132           -0.038020           -0.000000           -0.035253           19.125194           -0.000000          -20.626256        97778.159335
           32.250000            0.000015            0.000000            0.000015           -0.008140            0.000000            0.008271          -39.210382           -0.036956           -0.000000           -0.036367           19.729393           -0.000000          -20.049103        95042.179984
           32.270000            0.000015            0.000000            0.000015           -0.008382            0.000000            0.008026          -38.047034           -0.035860           -0.000000           -0.037449           20.316184           -0.000000          -19.454258        92222.336027
           32.290000            0.000014            0.000000            0.000016           -0.008616            0.000000            0.007774          -36.850113           -0.034732           -0.000000           -0.038497           20.885048           -0.000000          -18.842247        89321.115675
           32.310000            0.000014            0.000000            0.000016           -0.008843            0.000000            0.007514          -35.620676           -0.033573           -0.000000           -0.039512           21.435482           -0.000000          -18.213610        86341.078946
           32.330000            0.000013            0.000000            0.000017           -0.009063            0.000000            0.007248          -34.359808           -0.032385           -0.000000           -0.040491           21.967003           -0.000000          -17.568901        83284.855406
           32.350000            0.000013            0.000000            0.000017           -0.009274            0.000000            0.006976          -33.068620           -0.031168           -0.000000           -0.041435           22.479140           -0.000000          -16.908689        80155.141847
           32.370000            0.000012            0.000000            0.000017           -0.009477            0.000000            0.006697          -31.748253           -0.029923           -0.000000           -0.042343           22.971441           -0.000000          -16.233558        76954.699908
           32.390000            0.000012            0.000000            0.000018           -0.009672            0.000000            0.006413          -30.399872           -0.028652           -0.000000           -0.043213           23.443472           -0.000000          -15.544101        73686.353638
           32.410000            0.000011            0.000000            0.000018           -0.009858            0.000000            0.006123          -29.024666           -0.027356           -0.000000           -0.044045           23.894817           -0.000000          -14.840929        70352.987004
           32.430000            0.000011            0.000000            0.000018           -0.010035            0.000000            0.005827          -27.623849           -0.026036           -0.000000           -0.044838           24.325078           -0.000000          -14.124662        66957.541349
           32.450000            0.000010            0.000000            0.000019           -0.010204            0.000000            0.005527          -26.198656           -0.024693           -0.000000           -0.045592           24.733874           -0.000000          -13.395930        63503.012791
           32.470000            0.000010            0.000000            0.000019           -0.010364            0.000000            0.005221          -24.750347           -0.023327           -0.000000           -0.046305           25.120845           -0.000000          -12.655379        59992.449584
           32.490000            0.000009            0.000000            0.000019           -0.010514            0.000000            0.004911          -23.280197           -0.021942           -0.000000           -0.046977           25.485650           -0.000000          -11.903660        56428.949426
           32.510000            0.000008            0.000000            0.000020           -0.010656            0.000000            0.004596          -21.789505           -0.020537           -0.000000           -0.047608           25.827966           -0.000000          -11.141438        52815.656727
           32.530000            0.000008            0.000000            0.000020           -0.010787            0.000000            0.004278          -20.279587           -0.019114           -0.000000           -0.048197           26.147492           -0.000000          -10.369384        49155.759834
           32.550000            0.000007            0.000000            0.000020           -0.010910            0.000000            0.003956          -18.751774           -0.017674           -0.000000           -0.048744           26.443946           -0.000000           -9.588181        45452.488215
           32.570000            0.000007            0.000000            0.000020           -0.011022            0.000000            0.003630          -17.207414           -0.016218           -0.000000           -0.049247           26.717065           -0.000000           -8.798517        41709.109613
           32.590000            0.000006            0.000000            0.000021           -0.011125            0.000000            0.003301          -15.647871           -0.014748           -0.000000           -0.049707           26.966610           -0.000000           -8.001089        37928.927162
           32.610000            0.000005            0.000000            0.000021           -0.011218            0.000000            0.002969          -14.074520           -0.013265           -0.000000           -0.050123           27.192359           -0.000000           -7.196601        34115.276470
           32.630000            0.000005            0.000000            0.000021           -0.011302            0.000000            0.002634          -12.488750           -0.011771           -0.000000           -0.050495           27.394115           -0.000000           -6.385763        30271.522679
           32.650000            0.000004            0.000000            0.000021           -0.011375            0.000000            0.002298          -10.891959           -0.010266           -0.000000           -0.050823           27.571697           -0.000000           -5.569291        26401.057491
           32.670000            0.000004            0.000000            0.000021           -0.011438            0.000000            0.001959           -9.285558           -0.008752           -0.000000           -0.051105           27.724951           -0.000000           -4.747903        22507.296180
           32.690000            0.000003            0.000000            0.000021           -0.011491            0.000000            0.001618           -7.670963           -0.007230           -0.000000           -0.051342           27.853740           -0.000000           -3.922327        18593.674576
           32.710000            0.000002            0.000000            0.000021           -0.011534            0.000000            0.001276           -6.049600           -0.005702           -0.000000           -0.051534           27.957951           -0.000000           -3.093289        14663.646034
           32.730000            0.000002            0.000000            0.000021           -0.011567            0.000000            0.000933           -4.422898           -0.004169           -0.000000           -0.051681           28.037493           -0.000000           -2.261522        10720.678385
           32.750000            0.000001            0.000000            0.000021           -0.011590            0.000000            0.000589           -2.792294           -0.002632           -0.000000           -0.051782           28.092294           -0.000000           -1.427759         6768.250878
           32.770000            0.000000            0.000000            0.000021           -0.011602            0.000000            0.000245           -1.159226           -0.001093           -0.000000           -0.051837           28.122307           -0.000000           -0.592737         2809.851111
           32.790000           -0.000000            0.000000            0.000021           -0.011604           -0.000000           -0.000100            0.474865            0.000448           -0.000000           -0.051847           28.127505            0.000000            0.242809        -1151.028051
           32.810000           -0.000001            0.000000            0.000021           -0.011596           -0.000000           -0.000445            2.108538            0.001987           -0.000000           -0.051811           28.107883            0.000000            1.078140        -5110.891554
           32.830000           -0.000001            0.000000            0.000021           -0.011578           -0.000000           -0.000789            3.740349            0.003525           -0.000000           -0.051729           28.063459            0.000000            1.912520        -9066.245238
           32.850000           -0.000002            0.000000            0.000021           -0.011549           -0.000000           -0.001133            5.368860            0.005060           -0.000000           -0.051601           27.994273            0.000000            2.745213       -13013.598926
           32.870000           -0.000003            0.000000            0.000021           -0.011511           -0.000000           -0.001475            6.992634            0.006591           -0.000000           -0.051428           27.900384            0.000000            3.575483       -16949.469499
           32.890000           -0.000003            0.000000            0.000021           -0.011462           -0.000000           -0.001816            8.610237            0.008115           -0.000000           -0.051210           27.781876            0.000000            4.402598       -20870.383969
           32.910000           -0.000004            0.000000            0.000021           -0.011403           -0.000000           -0.002156           10.220243            0.009633           -0.000000           -0.050946           27.638853            0.000000            5.225828       -24772.882546
           32.930000           -0.000005            0.000000            0.000021           -0.011334           -0.000000           -0.002494           11.821231            0.011142           -0.000000           -0.050638           27.471442            0.000000            6.044447       -28653.521692
           32.950000           -0.000005            0.000000            0.000021           -0.011254           -0.000000           -0.002829           13.411787            0.012641           -0.000000           -0.050284           27.279791            0.000000            6.857732       -32508.877155
           32.970000           -0.000006            0.000000            0.000021           -0.011165           -0.000000           -0.003162           14.990509            0.014129           -0.000000           -0.049887           27.064068            0.000000            7.664966       -36335.546995
           32.990000           -0.000006            0.000000            0.000020           -0.011067           -0.000000           -0.003492           16.556004            0.015604           -0.000000           -0.049445           26.824464            0.000000            8.465437       -40130.154582
           33.010000           -0.000007            0.000000            0.000020           -0.010958           -0.000000           -0.003820           18.106890            0.017066           -0.000000           -0.048960           26.561190            0.000000            9.258438       -43889.351579
           33.030000           -0.000008            0.000000            0.000020           -0.010840           -0.000000           -0.004143           19.641798            0.018513           -0.000000           -0.048431           26.274479            0.000000           10.043269       -47609.820896
           33.050000           -0.000008            0.000000            0.000020           -0.010712           -0.000000           -0.004464           21.159374            0.019943           -0.000000           -0.047860           25.964583            0.000000           10.819238       -51288.279614
           33.070000           -0.000009            0.000000            0.000019           -0.010575           -0.000000           -0.004780           22.658280            0.021356           -0.000000           -0.047247           25.631776            0.000000           11.585661       -54921.481885
           33.090000           -0.000009            0.000000            0.000019           -0.010428           -0.000000           -0.005092           24.137192            0.022750           -0.000000           -0.046592           25.276352            0.000000           12.341860       -58506.221794
           33.110000           -0.000010            0.000000            0.000019           -0.010272           -0.000000           -0.005399           25.594805            0.024123           -0.000000           -0.045895           24.898625            0.000000           13.087169       -62039.336190
           33.130000           -0.000011            0.000000            0.000019           -0.010107           -0.000000           -0.005702           27.029834            0.025476           -0.000000           -0.045159           24.498926            0.000000           13.820929       -65517.707477
           33.150000           -0.000011            0.000000            0.000018           -0.009933           -0.000000           -0.006000           28.441012            0.026806           -0.000000           -0.044382           24.077611            0.000000           14.542495       -68938.266360
           33.170000           -0.000012            0.000000            0.000018           -0.009751           -0.000000           -0.006292           29.827094            0.028112           -0.000000           -0.043566           23.635049            0.000000           15.251228       -72297.994562
           33.190000           -0.000012            0.000000            0.000018           -0.009560           -0.000000           -0.006579           31.186856            0.029394           -0.000000           -0.042712           23.171632            0.000000           15.946503       -75593.927480
           33.210000           -0.000013            0.000000            0.000017           -0.009360           -0.000000           -0.006860           32.519100            0.030650           -0.000000           -0.041820           22.687768            0.000000           16.627708       -78823.156804
           33.230000           -0.000013            0.000000            0.000017           -0.009152           -0.000000           -0.007135           33.822648            0.031878           -0.000000           -0.040891           22.183885            0.000000           17.294240       -81982.833083
           33.250000           -0.000014            0.000000            0.000016           -0.008936           -0.000000           -0.007404           35.096352            0.033079           -0.000000           -0.039926           21.660427            0.000000           17.945512       -85070.168238
           33.270000           -0.000014            0.000000            0.000016           -0.008712           -0.000000           -0.007666           36.339087            0.034250           -0.000000           -0.038926           21.117856            0.000000           18.580949       -88082.438026
           33.290000           -0.000015            0.000000            0.000016           -0.008481           -0.000000           -0.007921           37.549757            0.035391           -0.000000           -0.037892           20.556650            0.000000           19.199990       -91016.984438
           33.310000           -0.000015            0.000000            0.000015           -0.008242           -0.000000           -0.008170           38.727293            0.036501           -0.000000           -0.036824           19.977306            0.000000           19.802089       -93871.218050
           33.330000           -0.000016            0.000000            0.000015           -0.007996           -0.000000           -0.008411           39.870656            0.037579           -0.000000           -0.035723           19.380334            0.000000           20.386715       -96642.620305
           33.350000           -0.000016            0.000000            0.000014           -0.007742           -0.000000           -0.008644           40.978838            0.038623           -0.000000           -0.034592           18.766260            0.000000           20.953352       -99328.745735
           33.370000           -0.000016            0.000000            0.000014           -0.007482           -0.000000           -0.008871           42.050860            0.039633           -0.000000           -0.033429           18.135628            0.000000           21.501500      -101927.224120
           33.390000           -0.000017            0.000000            0.000013           -0.007215           -0.000000           -0.009089           43.085777            0.040609           -0.000000           -0.032237           17.488992            0.000000           22.030675      -104435.762580
           33.410000           -0.000017            0.000000            0.000013           -0.006942           -0.000000           -0.009299           44.082675            0.041548           -0.000000           -0.031017           16.826925            0.000000           22.540410      -106852.147597
           33.430000           -0.000018            0.000000            0.000012           -0.006663           -0.000000           -0.009501           45.040675            0.042451           -0.000000           -0.029769           16.150009            0.000000           23.030256      -109174.246967
           33.450000           -0.000018            0.000000            0.000012           -0.006378           -0.000000           -0.009695           45.958932            0.043317           -0.000000           -0.028495           15.458843            0.000000           23.499780      -111400.011687
           33.470000           -0.000018            0.000000            0.000011           -0.006087           -0.000000           -0.009880           46.836634            0.044144           -0.000000           -0.027196           14.754036            0.000000           23.948568      -113527.477754
           33.490000           -0.000019            0.000000            0.000011           -0.005791           -0.000000           -0.010057           47.673008            0.044932           -0.000000           -0.025873           14.036211            0.000000           24.376224      -115554.767907
           33.510000           -0.000019            0.000000            0.000010           -0.005489           -0.000000           -0.010224           48.467316            0.045681           -0.000000           -0.024527           13.305999            0.000000           24.782370      -117480.093278
           33.530000           -0.000019            0.000000            0.000010           -0.005183           -0.000000           -0.010383           49.218857            0.046389           -0.000000           -0.023159           12.564047            0.000000           25.166649      -119301.754973
           33.550000           -0.000019            0.000000            0.000009           -0.004873           -0.000000           -0.010532           49.926967            0.047057           -0.000000           -0.021771           11.811008            0.000000           25.528721      -121018.145568
           33.570000           -0.000020            0.000000            0.000008           -0.004558           -0.000000           -0.010672           50.591022            0.047683           -0.000000           -0.020364           11.047547            0.000000           25.868266      -122627.750532
           33.590000           -0.000020            0.000000            0.000008           -0.004239           -0.000000           -0.010803           51.210435            0.048266           -0.000000           -0.018939           10.274338            0.000000           26.184985      -124129.149560
           33.610000           -0.000020            0.000000            0.000007           -0.003916           -0.000000           -0.010924           51.784661            0.048808           -0.000000           -0.017497            9.492063            0.000000           26.478599      -125521.017826
           33.630000           -0.000020            0.000000            0.000007           -0.003590           -0.000000           -0.011035           52.313193            0.049306           -0.000000           -0.016039            8.701412            0.000000           26.748849      -126802.127156
           33.650000           -0.000021            0.000000            0.000006           -0.003260           -0.000000           -0.011137           52.795564            0.049760           -0.000000           -0.014568            7.903084            0.000000           26.995495      -127971.347107
           33.670000           -0.000021            0.000000            0.000005           -0.002928           -0.000000           -0.011229           53.231348            0.050171           -0.000000           -0.013083            7.097781            0.000000           27.218321      -129027.645967
           33.690000           -0.000021            0.000000            0.000005           -0.002593           -0.000000           -0.011311           53.620161            0.050538           -0.000000           -0.011587            6.286216            0.000000           27.417129      -129970.091663
           33.710000           -0.000021            0.000000            0.000004           -0.002256           -0.000000           -0.011383           53.961660            0.050859           -0.000000           -0.010081            5.469103            0.000000           27.591745      -130797.852589
           33.730000           -0.000021            0.000000            0.000004           -0.001917           -0.000000           -0.011445           54.255544            0.051136           -0.000000           -0.008566            4.647165            0.000000           27.742014      -131510.198334
           33.750000           -0.000021            0.000000            0.000003           -0.001576           -0.000000           -0.011497           54.501553            0.051368           -0.000000           -0.007043            3.821126            0.000000           27.867804      -132106.500327
           33.770000           -0.000021            0.000000            0.000002           -0.001234           -0.000000           -0.011539           54.699470            0.051555           -0.000000           -0.005515            2.991715            0.000000           27.969003      -132586.232397
           33.790000           -0.000021            0.000000            0.000002           -0.000891           -0.000000           -0.011570           54.849121            0.051696           -0.000000           -0.003981            2.159664            0.000000           28.045523      -132948.971230
           33.810000           -0.000021            0.000000            0.000001           -0.000547           -0.000000           -0.011592           54.950373            0.051791           -0.000000           -0.002444            1.325708            0.000000           28.097295      -133194.396749
           33.830000           -0.000021            0.000000            0.000000           -0.000202           -0.000000           -0.011603           55.003137            0.051841           -0.000000           -0.000904            0.490582            0.000000           28.124274      -133322.292390
           33.850000           -0.000021           -0.000000           -0.000000            0.000142           -0.000000           -0.011604           55.007367            0.051845            0.000000            0.000636           -0.344977            0.000000           28.126437      -133332.545301
           33.870000           -0.000021           -0.000000           -0.000001            0.000487           -0.000000           -0.011594           54.963059            0.051803            0.000000            0.002176           -1.180231            0.000000           28.103782      -133225.146433
           33.890000           -0.000021           -0.000000           -0.000002            0.000831           -0.000000           -0.011575           54.870252            0.051716            0.000000            0.003713           -2.014445            0.000000           28.056327      -133000.190556
           33.910000           -0.000021           -0.000000           -0.000002            0.001175           -0.000000           -0.011545           54.729027            0.051583            0.000000            0.005248           -2.846880            0.000000           27.984116      -132657.876168
           33.930000           -0.000021           -0.000000           -0.000003            0.001517           -0.000000           -0.011505           54.539510            0.051404            0.000000            0.006777           -3.676804            0.000000           27.887212      -132198.505326
           33.950000           -0.000021           -0.000000           -0.000003            0.001858           -0.000000           -0.011455           54.301868            0.051180            0.000000            0.008301           -4.503483            0.000000           27.765701      -131622.483375
           33.970000           -0.000021           -0.000000           -0.000004            0.002197           -0.000000           -0.011395           54.016310            0.050911            0.000000            0.009818           -5.326188            0.000000           27.619689      -130930.318593
           33.990000           -0.000021           -0.000000           -0.000005            0.002535           -0.000000           -0.011324           53.683089            0.050597            0.000000            0.011326           -6.144194            0.000000           27.449305      -130122.621743
           34.010000           -0.000021           -0.000000           -0.000005            0.002870           -0.000000           -0.011244           53.302497            0.050238            0.000000            0.012823           -6.956777            0.000000           27.254701      -129200.105531
           34.030000           -0.000021           -0.000000           -0.000006            0.003203           -0.000000           -0.011154           52.874872            0.049835            0.000000            0.014310           -7.763223            0.000000           27.036047      -128163.583979
           34.050000           -0.000020           -0.000000           -0.000007            0.003533           -0.000000           -0.011054           52.400591            0.049388            0.000000            0.015784           -8.562818            0.000000           26.793537      -127013.971706
           34.070000           -0.000020           -0.000000           -0.000007            0.003859           -0.000000           -0.010944           51.880072            0.048898            0.000000            0.017244           -9.354857            0.000000           26.527385      -125752.283125
           34.090000           -0.000020           -0.000000           -0.000008            0.004183           -0.000000           -0.010825           51.313774            0.048364            0.000000            0.018688          -10.138642            0.000000           26.237824      -124379.631539
           34.110000           -0.000020           -0.000000           -0.000008            0.004502           -0.000000           -0.010696           50.702197            0.047787            0.000000            0.020117          -10.913480            0.000000           25.925112      -122897.228169
           34.130000           -0.000019           -0.000000           -0.000009            0.004818           -0.000000           -0.010557           50.045881            0.047169            0.000000            0.021527          -11.678688            0.000000           25.589524      -121306.381077
           34.150000           -0.000019           -0.000000           -0.000009            0.005130           -0.000000           -0.010409           49.345404            0.046509            0.000000            0.022919          -12.433592            0.000000           25.231355      -119608.494017
           34.170000           -0.000019           -0.000000           -0.000010            0.005436           -0.000000           -0.010252           48.601386            0.045807            0.000000            0.024290          -13.177523            0.000000           24.850923      -117805.065193
           34.190000           -0.000019           -0.000000           -0.000011            0.005739           -0.000000           -0.010086           47.814482            0.045066            0.000000            0.025640          -13.909828            0.000000           24.448562      -115897.685940
           34.210000           -0.000018           -0.000000           -0.000011            0.006036           -0.000000           -0.009912           46.985387            0.044284            0.000000            0.026967          -14.629858            0.000000           24.024628      -113888.039316
           34.230000           -0.000018           -0.000000           -0.000012            0.006327           -0.000000           -0.009728           46.114832            0.043464            0.000000            0.028270          -15.336979            0.000000           23.579495      -111777.898620
           34.250000           -0.000018           -0.000000           -0.000012            0.006614           -0.000000           -0.009536           45.203586            0.042605            0.000000            0.029549          -16.030566            0.000000           23.113555      -109569.125827
           34.270000           -0.000017           -0.000000           -0.000013            0.006894           -0.000000           -0.009335           44.252452            0.041708            0.000000            0.030801          -16.710008            0.000000           22.627220      -107263.669945
           34.290000           -0.000017           -0.000000           -0.000013            0.007168           -0.000000           -0.009126           43.262271            0.040775            0.000000            0.032027          -17.374706            0.000000           22.120919      -104863.565291
           34.310000           -0.000016           -0.000000           -0.000014            0.007436           -0.000000           -0.008909           42.233915            0.039806            0.000000            0.033224          -18.024072            0.000000           21.595099      -102370.929704
           34.330000           -0.000016           -0.000000           -0.000014            0.007697           -0.000000           -0.008684           41.168292            0.038802            0.000000            0.034391          -18.657534            0.000000           21.050223       -99787.962669
           34.350000           -0.000016           -0.000000           -0.000015            0.007952           -0.000000           -0.008452           40.066342            0.037763            0.000000            0.035528          -19.274533            0.000000           20.486773       -97116.943379
           34.370000           -0.000015           -0.000000           -0.000015            0.008199           -0.000000           -0.008212           38.929038            0.036691            0.000000            0.036634          -19.874523            0.000000           19.905246       -94360.228725
           34.390000           -0.000015           -0.000000           -0.000016            0.008440           -0.000000           -0.007965           37.757384            0.035587            0.000000            0.037708          -20.456977            0.000000           19.306154       -91520.251213
           34.410000           -0.000014           -0.000000           -0.000016            0.008673           -0.000000           -0.007711           36.552412            0.034451            0.000000            0.038748          -21.021380            0.000000           18.690026       -88599.516822
           34.430000           -0.000014           -0.000000           -0.000016            0.008898           -0.000000           -0.007450           35.315187            0.033285            0.000000            0.039755          -21.567233            0.000000           18.057407       -85600.602789
           34.450000           -0.000013           -0.000000           -0.000017            0.009115           -0.000000           -0.007182           34.046800            0.032089            0.000000            0.040726          -22.094056            0.000000           17.408853       -82526.155336
           34.470000           -0.000013           -0.000000           -0.000017            0.009324           -0.000000           -0.006908           32.748371            0.030866            0.000000            0.041661          -22.601383            0.000000           16.744939       -79378.887335
           34.490000           -0.000012           -0.000000           -0.000018            0.009525           -0.000000           -0.006628           31.421044            0.029615            0.000000            0.042559          -23.088767            0.000000           16.066248       -76161.575916
           34.510000           -0.000012           -0.000000           -0.000018            0.009718           -0.000000           -0.006342           30.065992            0.028338            0.000000            0.043420          -23.555777            0.000000           15.373381       -72877.060014
           34.530000           -0.000011           -0.000000           -0.000018            0.009902           -0.000000           -0.006051           28.684409            0.027035            0.000000            0.044243          -24.002002            0.000000           14.666949       -69528.237864
           34.550000           -0.000011           -0.000000           -0.000019            0.010078           -0.000000           -0.005754           27.277516            0.025709            0.000000            0.045026          -24.427048            0.000000           13.947574       -66118.064446
           34.570000           -0.000010           -0.000000           -0.000019            0.010244           -0.000000           -0.005452           25.846553            0.024361            0.000000            0.045770          -24.830539            0.000000           13.215893       -62649.548873
           34.590000           -0.000009           -0.000000           -0.000019            0.010401           -0.000000           -0.005146           24.392784            0.022990            0.000000            0.046473          -25.212120            0.000000           12.472549       -59125.751743
           34.610000           -0.000009           -0.000000           -0.000019            0.010550           -0.000000           -0.004834           22.917490            0.021600            0.000000            0.047135          -25.571454            0.000000           11.718200       -55549.782431
           34.630000           -0.000008           -0.000000           -0.000020            0.010689           -0.000000           -0.004519           21.421974            0.020190            0.000000            0.047756          -25.908224            0.000000           10.953511       -51924.796349
           34.650000           -0.000008           -0.000000           -0.000020            0.010818           -0.000000           -0.004199           19.907556            0.018763            0.000000            0.048335          -26.222133            0.000000           10.179157       -48253.992161
           34.670000           -0.000007           -0.000000           -0.000020            0.010938           -0.000000           -0.003876           18.375571            0.017319            0.000000            0.048871          -26.512903            0.000000            9.395820       -44540.608962
           34.690000           -0.000007           -0.000000           -0.000020            0.011048           -0.000000           -0.003550           16.827372            0.015860            0.000000            0.049364          -26.780279            0.000000            8.604193       -40787.923417
           34.710000           -0.000006           -0.000000           -0.000021            0.011149           -0.000000           -0.003220           15.264324            0.014387            0.000000            0.049813          -27.024024            0.000000            7.804974       -36999.246872
           34.730000           -0.000005           -0.000000           -0.000021            0.011240           -0.000000           -0.002887           13.687807            0.012901            0.000000            0.050218          -27.243923            0.000000            6.998867       -33177.922429
           34.750000           -0.000005           -0.000000           -0.000021            0.011320           -0.000000           -0.002552           12.099212            0.011404            0.000000            0.050579          -27.439782            0.000000            6.186585       -29327.322002
           34.770000           -0.000004           -0.000000           -0.000021            0.011391           -0.000000           -0.002215           10.499941            0.009896            0.000000            0.050896          -27.611429            0.000000            5.368843       -25450.843335
           34.790000           -0.000003           -0.000000           -0.000021            0.011452           -0.000000           -0.001876            8.891405            0.008380            0.000000            0.051167          -27.758711            0.000000            4.546365       -21551.907008
           34.810000           -0.000003           -0.000000           -0.000021            0.011503           -0.000000           -0.001535            7.275023            0.006857            0.000000            0.051394          -27.881500            0.000000            3.719874       -17633.953417
           34.830000           -0.000002           -0.000000           -0.000021            0.011543           -0.000000           -0.001192            5.652222            0.005327            0.000000            0.051575          -27.979685            0.000000            2.890101       -13700.439739
           34.850000           -0.000002           -0.000000           -0.000021            0.011574           -0.000000           -0.000849            4.024433            0.003793            0.000000            0.051710          -28.053182            0.000000            2.057778        -9754.836882
           34.870000           -0.000001           -0.000000           -0.000021            0.011594           -0.000000           -0.000505            2.393093            0.002256            0.000000            0.051800          -28.101925            0.000000            1.223639        -5800.626419
           34.890000           -0.000000           -0.000000           -0.000021            0.011604           -0.000000           -0.000160            0.759641            0.000716            0.000000            0.051844          -28.125871            0.000000            0.388421        -1841.297522
           34.910000            0.000000           -0.000000           -0.000021            0.011603            0.000000            0.000184           -0.874480           -0.000824            0.000000            0.051842          -28.124999           -0.000000           -0.447140         2119.656125
           34.930000            0.000001           -0.000000           -0.000021            0.011593            0.000000            0.000529           -2.507831           -0.002364            0.000000            0.051795          -28.099309           -0.000000           -1.282307         6078.739401
           34.950000            0.000002           -0.000000           -0.000021            0.011572            0.000000            0.000873           -4.138968           -0.003901            0.000000            0.051702          -28.048825           -0.000000           -2.116342        10032.458837
           34.970000            0.000002           -0.000000           -0.000021            0.011541            0.000000            0.001216           -5.766453           -0.005435            0.000000            0.051563          -27.973591           -0.000000           -2.948510        13977.325695
           34.990000            0.000003           -0.000000           -0.000021            0.011499            0.000000            0.001559           -7.388850           -0.006964            0.000000            0.051379          -27.873673           -0.000000           -3.778076        17909.859052
           35.010000            0.000004           -0.000000           -0.000021            0.011448            0.000000            0.001900           -9.004727           -0.008487            0.000000            0.051150          -27.749159           -0.000000           -4.604309        21826.588864
           35.030000            0.000004           -0.000000           -0.000021            0.011387            0.000000            0.002239          -10.612658           -0.010003            0.000000            0.050875          -27.600160           -0.000000           -5.426478        25724.059035
           35.050000            0.000005           -0.000000           -0.000021            0.011315            0.000000            0.002576          -12.211225           -0.011509            0.000000            0.050555          -27.426806           -0.000000           -6.243859        29598.830462
           35.070000            0.000005           -0.000000           -0.000021            0.011234            0.000000            0.002911          -13.799017           -0.013006            0.000000            0.050191          -27.229252           -0.000000           -7.055731        33447.484073
           35.090000            0.000006           -0.000000           -0.000021            0.011142            0.000000            0.003243          -15.374632           -0.014491            0.000000            0.049783          -27.007670           -0.000000           -7.861377        37266.623838
           35.110000            0.000007           -0.000000           -0.000020            0.011041            0.000000            0.003573          -16.936681           -0.015963            0.000000            0.049330          -26.762257           -0.000000           -8.660086        41052.879776
           35.130000            0.000007           -0.000000           -0.000020            0.010930            0.000000            0.003899          -18.483786           -0.017421            0.000000            0.048835          -26.493229           -0.000000           -9.451153        44802.910917
           35.150000            0.000008           -0.000000           -0.000020            0.010809            0.000000            0.004222          -20.014580           -0.018864            0.000000            0.048296          -26.200824           -0.000000          -10.233881        48513.408258
           35.170000            0.000008           -0.000000           -0.000020            0.010679            0.000000            0.004541          -21.527713           -0.020290            0.000000            0.047714          -25.885299           -0.000000          -11.007578        52181.097681
           35.190000            0.000009           -0.000000           -0.000019            0.010540            0.000000            0.004856          -23.021851           -0.021698            0.000000            0.047090          -25.546933           -0.000000          -11.771562        55802.742840
           35.210000            0.000010           -0.000000           -0.000019            0.010391            0.000000            0.005167          -24.495674           -0.023087            0.000000            0.046425          -25.186025           -0.000000          -12.525159        59375.148018
           35.230000            0.000010           -0.000000           -0.000019            0.010233            0.000000            0.005474          -25.947882           -0.024456            0.000000            0.045719          -24.802893           -0.000000          -13.267704        62895.160949
           35.250000            0.000011           -0.000000           -0.000019            0.010066            0.000000            0.005775          -27.377195           -0.025803            0.000000            0.044972          -24.397875           -0.000000          -13.998542        66359.675595
           35.270000            0.000011           -0.000000           -0.000018            0.009890            0.000000            0.006072          -28.782349           -0.027128            0.000000            0.044186          -23.971328           -0.000000          -14.717028        69765.634891
           35.290000            0.000012           -0.000000           -0.000018            0.009705            0.000000            0.006363          -30.162107           -0.028428            0.000000            0.043361          -23.523630           -0.000000          -15.422527        73110.033441
           35.310000            0.000012           -0.000000           -0.000018            0.009512            0.000000            0.006648          -31.515249           -0.029703            0.000000            0.042497          -23.055174           -0.000000          -16.114417        76389.920170
           35.330000            0.000013           -0.000000           -0.000017            0.009310            0.000000            0.006928          -32.840583           -0.030953            0.000000            0.041596          -22.566374           -0.000000          -16.792089        79602.400925
           35.350000            0.000013           -0.000000           -0.000017            0.009100            0.000000            0.007201          -34.136938           -0.032174            0.000000            0.040659          -22.057662           -0.000000          -17.454943        82744.641035
           35.370000            0.000014           -0.000000           -0.000016            0.008882            0.000000            0.007468          -35.403171           -0.033368            0.000000            0.039685          -21.529486           -0.000000          -18.102395        85813.867807
           35.390000            0.000014           -0.000000           -0.000016            0.008656            0.000000            0.007729          -36.638165           -0.034532            0.000000            0.038676          -20.982313           -0.000000          -18.733873        88807.372976
           35.410000            0.000015           -0.000000           -0.000016            0.008423            0.000000            0.007983          -37.840829           -0.035665            0.000000            0.037634          -20.416626           -0.000000          -19.348821        91722.515091
           35.430000            0.000015           -0.000000           -0.000015            0.008182            0.000000            0.008229          -39.010103           -0.036767            0.000000            0.036558          -19.832923           -0.000000          -19.946696        94556.721851
           35.460000            0.000016           -0.000000           -0.000014            0.007808            0.000000            0.008585          -40.699158           -0.038359            0.000000            0.034884          -18.924720           -0.000000          -20.810345        98650.827584
           35.480000            0.000016           -0.000000           -0.000014            0.007549            0.000000            0.008814          -41.780508           -0.039379            0.000000            0.033729          -18.298265           -0.000000          -21.363263       101271.916218
           35.500000            0.000017           -0.000000           -0.000013            0.007284            0.000000            0.009034          -42.824991           -0.040363            0.000000            0.032544          -17.655663           -0.000000          -21.897329       103803.643166
           35.520000            0.000017           -0.000000           -0.000013            0.007012            0.000000            0.009246          -43.831686           -0.041312            0.000000            0.031331          -16.997483           -0.000000          -22.412074       106243.774449
           35.540000            0.000017           -0.000000           -0.000012            0.006735            0.000000            0.009450          -44.799705           -0.042224            0.000000            0.030090          -16.324304           -0.000000          -22.907042       108590.156911
           35.560000            0.000018           -0.000000           -0.000012            0.006451            0.000000            0.009646          -45.728192           -0.043099            0.000000            0.028823          -15.636721           -0.000000          -23.381797       110840.720119
           35.580000            0.000018           -0.000000           -0.000011            0.006162            0.000000            0.009834          -46.616329           -0.043936            0.000000            0.027530          -14.935340           -0.000000          -23.835921       112993.478190
           35.600000            0.000018           -0.000000           -0.000011            0.005867            0.000000            0.010012          -47.463332           -0.044735            0.000000            0.026213          -14.220780           -0.000000          -24.269011       115046.531544
           35.620000            0.000019           -0.000000           -0.000010            0.005567            0.000000            0.010182          -48.268453           -0.045494            0.000000            0.024873          -13.493671           -0.000000          -24.680687       116998.068581
           35.640000            0.000019           -0.000000           -0.000010            0.005262            0.000000            0.010343          -49.030983           -0.046212            0.000000            0.023510          -12.754656           -0.000000          -25.070585       118846.367277
           35.660000            0.000019           -0.000000           -0.000009            0.004953            0.000000            0.010495          -49.750248           -0.046890            0.000000            0.022128          -12.004387           -0.000000          -25.438361       120589.796705
           35.680000            0.000020           -0.000000           -0.000009            0.004639            0.000000            0.010637          -50.425614           -0.047527            0.000000            0.020725          -11.243524           -0.000000          -25.783689       122226.818474
           35.700000            0.000020           -0.000000           -0.000008            0.004321            0.000000            0.010770          -51.056485           -0.048121            0.000000            0.019304          -10.472741           -0.000000          -26.106267       123755.988086
           35.710000            0.000020           -0.000000           -0.000008            0.004160            0.000000            0.010833          -51.355059           -0.048403            0.000000            0.018587          -10.083841           -0.000000          -26.258934       124479.702918
           35.730000            0.000020           -0.000000           -0.000007            0.003837            0.000000            0.010952          -51.918155           -0.048933            0.000000            0.017142           -9.299454           -0.000000          -26.546858       125844.594371
           35.750000            0.000020           -0.000000           -0.000006            0.003510            0.000000            0.011061          -52.435440           -0.049421            0.000000            0.015681           -8.506860           -0.000000          -26.811356       127098.441365
           35.770000            0.000021           -0.000000           -0.000006            0.003179            0.000000            0.011161          -52.906455           -0.049865            0.000000            0.014206           -7.706761           -0.000000          -27.052196       128240.137515
           35.790000            0.000021           -0.000000           -0.000005            0.002847            0.000000            0.011250          -53.330786           -0.050265            0.000000            0.012718           -6.899861           -0.000000          -27.269166       129268.675394
           35.810000            0.000021           -0.000000           -0.000005            0.002511            0.000000            0.011330          -53.708059           -0.050620            0.000000            0.011220           -6.086872           -0.000000          -27.462073       130183.147428
           35.830000            0.000021           -0.000000           -0.000004            0.002174            0.000000            0.011399          -54.037940           -0.050931            0.000000            0.009711           -5.268513           -0.000000          -27.630748       130982.746692
           35.850000            0.000021           -0.000000           -0.000003            0.001834            0.000000            0.011459          -54.320138           -0.051197            0.000000            0.008194           -4.445504           -0.000000          -27.775042       131666.767626
           35.870000            0.000021           -0.000000           -0.000003            0.001493            0.000000            0.011508          -54.554404           -0.051418            0.000000            0.006670           -3.618573           -0.000000          -27.894828       132234.606652
           35.890000            0.000021           -0.000000           -0.000002            0.001150            0.000000            0.011547          -54.740532           -0.051594            0.000000            0.005140           -2.788449           -0.000000          -27.989999       132685.762714
           35.910000            0.000021           -0.000000           -0.000001            0.000807            0.000000            0.011577          -54.878357           -0.051723            0.000000            0.003605           -1.955865           -0.000000          -28.060472       133019.837715
           35.930000            0.000021           -0.000000           -0.000001            0.000463            0.000000            0.011595          -54.967758           -0.051808            0.000000            0.002067           -1.121555           -0.000000          -28.106184       133236.536870
           35.950000            0.000021           -0.000000           -0.000000            0.000118            0.000000            0.011604          -55.008656           -0.051846            0.000000            0.000528           -0.286255           -0.000000          -28.127096       133335.668963
           35.970000            0.000021            0.000000            0.000000           -0.000227            0.000000            0.011602          -55.001014           -0.051839           -0.000000           -0.001013            0.549298           -0.000000          -28.123189       133317.146522
           35.990000            0.000021            0.000000            0.000001           -0.000571            0.000000            0.011591          -54.944840           -0.051786           -0.000000           -0.002552            1.384366           -0.000000          -28.094466       133180.985890
           36.010000            0.000021            0.000000            0.000002           -0.000915            0.000000            0.011569          -54.840183           -0.051687           -0.000000           -0.004089            2.218212           -0.000000          -28.040953       132927.307216
           36.030000            0.000021            0.000000            0.000002           -0.001258            0.000000            0.011536          -54.687135           -0.051543           -0.000000           -0.005622            3.050101           -0.000000          -27.962696       132556.334342
           36.050000            0.000021            0.000000            0.000003           -0.001600            0.000000            0.011494          -54.485832           -0.051354           -0.000000           -0.007151            3.879299           -0.000000          -27.859765       132068.394615
           36.070000            0.000021            0.000000            0.000004           -0.001941            0.000000            0.011441          -54.236451           -0.051118           -0.000000           -0.008673            4.705074           -0.000000          -27.732251       131463.918587
           36.090000            0.000021            0.000000            0.000004           -0.002280            0.000000            0.011378          -53.939212           -0.050838           -0.000000           -0.010187            5.526696           -0.000000          -27.580267       130743.439646
           36.110000            0.000021            0.000000            0.000005           -0.002617            0.000000            0.011306          -53.594377           -0.050513           -0.000000           -0.011693            6.343443           -0.000000          -27.403945       129907.593536
           36.130000            0.000021            0.000000            0.000005           -0.002952            0.000000            0.011223          -53.202251           -0.050144           -0.000000           -0.013188            7.154591           -0.000000          -27.203443       128957.117804
           36.150000            0.000021            0.000000            0.000006           -0.003284            0.000000            0.011130          -52.763180           -0.049730           -0.000000           -0.014671            7.959427           -0.000000          -26.978936       127892.851143
           36.170000            0.000020            0.000000            0.000007           -0.003613            0.000000            0.011028          -52.277550           -0.049272           -0.000000           -0.016142            8.757239           -0.000000          -26.730624       126715.732655
           36.190000            0.000020            0.000000            0.000007           -0.003939            0.000000            0.010916          -51.745792           -0.048771           -0.000000           -0.017598            9.547324           -0.000000          -26.458724       125426.801021
           36.210000            0.000020            0.000000            0.000008           -0.004261            0.000000            0.010794          -51.168373           -0.048227           -0.000000           -0.019039           10.328984           -0.000000          -26.163478       124027.193587
           36.230000            0.000020            0.000000            0.000008           -0.004580            0.000000            0.010663          -50.545803           -0.047640           -0.000000           -0.020463           11.101530           -0.000000          -25.845145       122518.145358
           36.250000            0.000019            0.000000            0.000009           -0.004895            0.000000            0.010522          -49.878633           -0.047011           -0.000000           -0.021869           11.864281           -0.000000          -25.504006       120900.987907
           36.270000            0.000019            0.000000            0.000010           -0.005205            0.000000            0.010372          -49.167449           -0.046341           -0.000000           -0.023256           12.616562           -0.000000          -25.140363       119177.148204
           36.290000            0.000019            0.000000            0.000010           -0.005511            0.000000            0.010213          -48.412881           -0.045630           -0.000000           -0.024622           13.357710           -0.000000          -24.754536       117348.147353
           36.310000            0.000019            0.000000            0.000011           -0.005812            0.000000            0.010044          -47.615593           -0.044878           -0.000000           -0.025966           14.087072           -0.000000          -24.346866       115415.599255
           36.330000            0.000018            0.000000            0.000011           -0.006108            0.000000            0.009867          -46.776290           -0.044087           -0.000000           -0.027288           14.804003           -0.000000          -23.917712       113381.209176
           36.350000            0.000018            0.000000            0.000012           -0.006398            0.000000            0.009682          -45.895712           -0.043257           -0.000000           -0.028585           15.507872           -0.000000          -23.467454       111246.772249
           36.370000            0.000017            0.000000            0.000012           -0.006683            0.000000            0.009487          -44.974635           -0.042389           -0.000000           -0.029858           16.198056           -0.000000          -22.996488       109014.171888
           36.390000            0.000017            0.000000            0.000013           -0.006961            0.000000            0.009285          -44.013873           -0.041484           -0.000000           -0.031104           16.873948           -0.000000          -22.505230       106685.378125
           36.410000            0.000017            0.000000            0.000013           -0.007234            0.000000            0.009074          -43.014274           -0.040541           -0.000000           -0.032322           17.534949           -0.000000          -21.994114       104262.445872
           36.430000            0.000016            0.000000            0.000014           -0.007500            0.000000            0.008855          -41.976719           -0.039564           -0.000000           -0.033512           18.180479           -0.000000          -21.463590       101747.513109
           36.450000            0.000016            0.000000            0.000014           -0.007760            0.000000            0.008628          -40.902124           -0.038551           -0.000000           -0.034672           18.809965           -0.000000          -20.914127        99142.798997
           36.470000            0.000015            0.000000            0.000015           -0.008013            0.000000            0.008394          -39.791438           -0.037504           -0.000000           -0.035802           19.422854           -0.000000          -20.346209        96450.601918
           36.490000            0.000015            0.000000            0.000015           -0.008259            0.000000            0.008152          -38.645639           -0.036424           -0.000000           -0.036900           20.018605           -0.000000          -19.760338        93673.297450
           36.510000            0.000015            0.000000            0.000016           -0.008497            0.000000            0.007903          -37.465740           -0.035312           -0.000000           -0.037966           20.596691           -0.000000          -19.157030        90813.336269
           36.530000            0.000014            0.000000            0.000016           -0.008728            0.000000            0.007648          -36.252782           -0.034169           -0.000000           -0.038998           21.156603           -0.000000          -18.536819        87873.241985
           36.550000            0.000014            0.000000            0.000017           -0.008952            0.000000            0.007385          -35.007834           -0.032995           -0.000000           -0.039995           21.697846           -0.000000          -17.900251        84855.608919
           36.570000            0.000013            0.000000            0.000017           -0.009167            0.000000            0.007116          -33.731996           -0.031793           -0.000000           -0.040958           22.219943           -0.000000          -17.247887        81763.099812
           36.590000            0.000013            0.000000            0.000017           -0.009374            0.000000            0.006840          -32.426392           -0.030562           -0.000000           -0.041884           22.722434           -0.000000          -16.580304        78598.443472
           36.610000            0.000012            0.000000            0.000018           -0.009573            0.000000            0.006559          -31.092176           -0.029305           -0.000000           -0.042773           23.204874           -0.000000          -15.898091        75364.432372
           36.630000            0.000012            0.000000            0.000018           -0.009764            0.000000            0.006272          -29.730525           -0.028021           -0.000000           -0.043625           23.666839           -0.000000          -15.201850        72063.920184
           36.650000            0.000011            0.000000            0.000018           -0.009946            0.000000            0.005979          -28.342639           -0.026713           -0.000000           -0.044438           24.107920           -0.000000          -14.492194        68699.819257
           36.670000            0.000010            0.000000            0.000019           -0.010119            0.000000            0.005681          -26.929744           -0.025382           -0.000000           -0.045212           24.527728           -0.000000          -13.769751        65275.098053
           36.690000            0.000010            0.000000            0.000019           -0.010283            0.000000            0.005378          -25.493086           -0.024028           -0.000000           -0.045946           24.925893           -0.000000          -13.035157        61792.778523
           36.710000            0.000009            0.000000            0.000019           -0.010439            0.000000            0.005070          -24.033933           -0.022652           -0.000000           -0.046639           25.302064           -0.000000          -12.289062        58255.933443
           36.730000            0.000009            0.000000            0.000020           -0.010585            0.000000            0.004758          -22.553573           -0.021257           -0.000000           -0.047291           25.655909           -0.000000          -11.532122        54667.683704
           36.750000            0.000008            0.000000            0.000020           -0.010721            0.000000            0.004441          -21.053312           -0.019843           -0.000000           -0.047902           25.987114           -0.000000          -10.765007        51031.195554
           36.770000            0.000008            0.000000            0.000020           -0.010848            0.000000            0.004121          -19.534474           -0.018411           -0.000000           -0.048470           26.295389           -0.000000           -9.988392        47349.677805
           36.790000            0.000007            0.000000            0.000020           -0.010966            0.000000            0.003797          -17.998398           -0.016964           -0.000000           -0.048995           26.580462           -0.000000           -9.202964        43626.379006
           36.810000            0.000006            0.000000            0.000020           -0.011074            0.000000            0.003469          -16.446441           -0.015501           -0.000000           -0.049478           26.842079           -0.000000           -8.409415        39864.584572
           36.830000            0.000006            0.000000            0.000021           -0.011172            0.000000            0.003139          -14.879972           -0.014025           -0.000000           -0.049916           27.080012           -0.000000           -7.608446        36067.613885
           36.850000            0.000005            0.000000            0.000021           -0.011260            0.000000            0.002806          -13.300372           -0.012536           -0.000000           -0.050311           27.294049           -0.000000           -6.800763        32238.817368
           36.870000            0.000005            0.000000            0.000021           -0.011339            0.000000            0.002470          -11.709036           -0.011036           -0.000000           -0.050661           27.484002           -0.000000           -5.987079        28381.573527
           36.890000            0.000004            0.000000            0.000021           -0.011407            0.000000            0.002132          -10.107369           -0.009526           -0.000000           -0.050966           27.649703           -0.000000           -5.168113        24499.285969
           36.910000            0.000003            0.000000            0.000021           -0.011465            0.000000            0.001792           -8.496783           -0.008008           -0.000000           -0.051227           27.791007           -0.000000           -4.344586        20595.380398
           36.930000            0.000003            0.000000            0.000021           -0.011514            0.000000            0.001451           -6.878699           -0.006483           -0.000000           -0.051442           27.907788           -0.000000           -3.517225        16673.301597
           36.950000            0.000002            0.000000            0.000021           -0.011552            0.000000            0.001108           -5.254545           -0.004952           -0.000000           -0.051612           27.999943           -0.000000           -2.686761        12736.510381
           36.970000            0.000001            0.000000            0.000021           -0.011579            0.000000            0.000765           -3.625755           -0.003417           -0.000000           -0.051736           28.067391           -0.000000           -1.853926         8788.480552
           36.990000            0.000001            0.000000            0.000021           -0.011597            0.000000            0.000421           -1.993766           -0.001879           -0.000000           -0.051815           28.110073           -0.000000           -1.019455         4832.695823
           37.010000            0.000000            0.000000            0.000021           -0.011604            0.000000            0.000076           -0.360017           -0.000339           -0.000000           -0.051848           28.127950           -0.000000           -0.184084          872.646755
           37.030000           -0.000000            0.000000            0.000021           -0.011602           -0.000000           -0.000269            1.274049            0.001201           -0.000000           -0.051835           28.121008            0.000000            0.651448        -3088.172331
           37.050000           -0.000001            0.000000            0.000021           -0.011588           -0.000000           -0.000613            2.906991            0.002740           -0.000000           -0.051777           28.089252            0.000000            1.486407        -7046.266433
           37.070000           -0.000002            0.000000            0.000021           -0.011565           -0.000000           -0.000957            4.537368            0.004277           -0.000000           -0.051672           28.032710            0.000000            2.320053       -10998.142956
           37.090000           -0.000002            0.000000            0.000021           -0.011532           -0.000000           -0.001300            6.163742            0.005809           -0.000000           -0.051522           27.951432            0.000000            3.151652       -14940.314788
           37.110000           -0.000003            0.000000            0.000021           -0.011488           -0.000000           -0.001642            7.784676            0.007337           -0.000000           -0.051327           27.845490            0.000000            3.980471       -18869.303382
           37.130000           -0.000004            0.000000            0.000021           -0.011434           -0.000000           -0.001983            9.398742            0.008858           -0.000000           -0.051087           27.714978            0.000000            4.805777       -22781.641825
           37.150000           -0.000004            0.000000            0.000021           -0.011370           -0.000000           -0.002321           11.004514            0.010372           -0.000000           -0.050801           27.560010            0.000000            5.626842       -26673.877895
           37.170000           -0.000005            0.000000            0.000021           -0.011296           -0.000000           -0.002658           12.600575            0.011876           -0.000000           -0.050470           27.380723            0.000000            6.442942       -30542.577106
           37.190000           -0.000006            0.000000            0.000021           -0.011212           -0.000000           -0.002992           14.185518            0.013370           -0.000000           -0.050095           27.177275            0.000000            7.253357       -34384.325744
           37.210000           -0.000006            0.000000            0.000020           -0.011118           -0.000000           -0.003324           15.757944            0.014852           -0.000000           -0.049676           26.949847            0.000000            8.057372       -38195.733875
           37.230000           -0.000007            0.000000            0.000020           -0.011015           -0.000000           -0.003653           17.316465            0.016321           -0.000000           -0.049213           26.698638            0.000000            8.854277       -41973.438337
           37.250000           -0.000007            0.000000            0.000020           -0.010901           -0.000000           -0.003978           18.859706            0.017775           -0.000000           -0.048707           26.423870            0.000000            9.643369       -45714.105707
           37.270000           -0.000008            0.000000            0.000020           -0.010778           -0.000000           -0.004300           20.386305            0.019214           -0.000000           -0.048157           26.125786            0.000000           10.423952       -49414.435246
           37.290000           -0.000009            0.000000            0.000020           -0.010646           -0.000000           -0.004619           21.894916            0.020636           -0.000000           -0.047565           25.804649            0.000000           11.195336       -53071.161805
           37.310000           -0.000009            0.000000            0.000019           -0.010504           -0.000000           -0.004933           23.384207            0.022040           -0.000000           -0.046931           25.460742            0.000000           11.956843       -56681.058714
           37.330000           -0.000010            0.000000            0.000019           -0.010353           -0.000000           -0.005243           24.852863            0.023424           -0.000000           -0.046256           25.094369            0.000000           12.707798       -60240.940621
           37.350000           -0.000010            0.000000            0.000019           -0.010193           -0.000000           -0.005548           26.299590            0.024788           -0.000000           -0.045540           24.705853            0.000000           13.447540       -63747.666312
           37.370000           -0.000011            0.000000            0.000018           -0.010023           -0.000000           -0.005848           27.723110            0.026129           -0.000000           -0.044784           24.295536            0.000000           14.175416       -67198.141472
           37.390000           -0.000011            0.000000            0.000018           -0.009845           -0.000000           -0.006143           29.122168            0.027448           -0.000000           -0.043988           23.863781            0.000000           14.890784       -70589.321426
           37.410000           -0.000012            0.000000            0.000018           -0.009658           -0.000000           -0.006433           30.495528            0.028742           -0.000000           -0.043153           23.410969            0.000000           15.593012       -73918.213818
           37.430000           -0.000012            0.000000            0.000017           -0.009463           -0.000000           -0.006717           31.841979            0.030011           -0.000000           -0.042280           22.937499            0.000000           16.281481       -77181.881255
           37.450000           -0.000013            0.000000            0.000017           -0.009259           -0.000000           -0.006995           33.160333            0.031254           -0.000000           -0.041370           22.443789            0.000000           16.955584       -80377.443898
           37.470000           -0.000013            0.000000            0.000017           -0.009048           -0.000000           -0.007267           34.449426            0.032469           -0.000000           -0.040424           21.930275            0.000000           17.614725       -83502.082002
           37.490000           -0.000014            0.000000            0.000016           -0.008828           -0.000000           -0.007533           35.708122            0.033655           -0.000000           -0.039442           21.397410            0.000000           18.258322       -86553.038408
           37.510000           -0.000014            0.000000            0.000016           -0.008600           -0.000000           -0.007791           36.935309            0.034812           -0.000000           -0.038425           20.845664            0.000000           18.885809       -89527.620971
           37.530000           -0.000015            0.000000            0.000015           -0.008365           -0.000000           -0.008043           38.129904            0.035938           -0.000000           -0.037374           20.275523            0.000000           19.496631       -92423.204938
           37.550000           -0.000015            0.000000            0.000015           -0.008122           -0.000000           -0.008288           39.290854            0.037032           -0.000000           -0.036290           19.687492            0.000000           20.090250       -95237.235266
           37.570000           -0.000016            0.000000            0.000015           -0.007872           -0.000000           -0.008526           40.417134            0.038094           -0.000000           -0.035174           19.082089            0.000000           20.666141       -97967.228871
           37.590000           -0.000016            0.000000            0.000014           -0.007616           -0.000000           -0.008756           41.507750            0.039122           -0.000000           -0.034027           18.459848            0.000000           21.223796      -100610.776825
           37.610000           -0.000017            0.000000            0.000014           -0.007352           -0.000000           -0.008978           42.561740            0.040115           -0.000000           -0.032850           17.821318            0.000000           21.762723      -103165.546479
           37.630000           -0.000017            0.000000            0.000013           -0.007082           -0.000000           -0.009193           43.578173            0.041073           -0.000000           -0.031644           17.167062            0.000000           22.282447      -105629.283520
           37.650000           -0.000017            0.000000            0.000013           -0.006806           -0.000000           -0.009399           44.556154            0.041995           -0.000000           -0.030410           16.497659            0.000000           22.782510      -107999.813962
           37.670000           -0.000018            0.000000            0.000012           -0.006524           -0.000000           -0.009597           45.494819            0.042879           -0.000000           -0.029149           15.813698            0.000000           23.262469      -110275.046065
           37.690000           -0.000018            0.000000            0.000011           -0.006236           -0.000000           -0.009787           46.393339            0.043726           -0.000000           -0.027863           15.115783            0.000000           23.721901      -112452.972178
           37.710000           -0.000018            0.000000            0.000011           -0.005943           -0.000000           -0.009968           47.250922            0.044535           -0.000000           -0.026552           14.404530            0.000000           24.160402      -114531.670514
           37.730000           -0.000019            0.000000            0.000010           -0.005644           -0.000000           -0.010140           48.066811            0.045304           -0.000000           -0.025217           13.680566            0.000000           24.577583      -116509.306843
           37.750000           -0.000019            0.000000            0.000010           -0.005340           -0.000000           -0.010303           48.840286            0.046033           -0.000000           -0.023860           12.944531            0.000000           24.973077      -118384.136110
           37.770000           -0.000019            0.000000            0.000009           -0.005032           -0.000000           -0.010457           49.570665            0.046721           -0.000000           -0.022483           12.197074            0.000000           25.346536      -120154.503980
           37.790000           -0.000020            0.000000            0.000009           -0.004719           -0.000000           -0.010602           50.257303            0.047368           -0.000000           -0.021085           11.438854            0.000000           25.697628      -121818.848290
           37.810000           -0.000020            0.000000            0.000008           -0.004402           -0.000000           -0.010737           50.899594            0.047973           -0.000000           -0.019669           10.670541            0.000000           26.026046      -123375.700433
           37.830000           -0.000020            0.000000            0.000008           -0.004081           -0.000000           -0.010863           51.496972            0.048536           -0.000000           -0.018235            9.892811            0.000000           26.331498      -124823.686655
           37.850000           -0.000020            0.000000            0.000007           -0.003757           -0.000000           -0.010980           52.048909            0.049057           -0.000000           -0.016786            9.106353            0.000000           26.613715      -126161.529260
           37.870000           -0.000020            0.000000            0.000006           -0.003429           -0.000000           -0.011086           52.554919            0.049534           -0.000000           -0.015321            8.311859            0.000000           26.872448      -127388.047745
           37.890000           -0.000021            0.000000            0.000006           -0.003098           -0.000000           -0.011183           53.014555            0.049967           -0.000000           -0.013843            7.510031            0.000000           27.107470      -128502.159839
           37.910000           -0.000021            0.000000            0.000005           -0.002765           -0.000000           -0.011270           53.427410            0.050356           -0.000000           -0.012353            6.701576            0.000000           27.318572      -129502.882455
           37.930000           -0.000021            0.000000            0.000004           -0.002429           -0.000000           -0.011348           53.793122            0.050701           -0.000000           -0.010852            5.887208            0.000000           27.505568      -130389.332564
           37.950000           -0.000021            0.000000            0.000004           -0.002091           -0.000000           -0.011415           54.111367            0.051001           -0.000000           -0.009341            5.067645            0.000000           27.668293      -131160.727966
           37.970000           -0.000021            0.000000            0.000003           -0.001751           -0.000000           -0.011472           54.381865            0.051256           -0.000000           -0.007822            4.243610            0.000000           27.806605      -131816.387987
           37.990000           -0.000021            0.000000            0.000003           -0.001409           -0.000000           -0.011519           54.604376            0.051465           -0.000000           -0.006296            3.415830            0.000000           27.920379      -132355.734078
           38.010000           -0.000021            0.000000            0.000002           -0.001066           -0.000000           -0.011556           54.778705            0.051630           -0.000000           -0.004765            2.585037            0.000000           28.009517      -132778.290323
           38.030000           -0.000021            0.000000            0.000001           -0.000723           -0.000000           -0.011582           54.904697            0.051748           -0.000000           -0.003229            1.751962            0.000000           28.073940      -133083.683860
           38.050000           -0.000021            0.000000            0.000001           -0.000378           -0.000000           -0.011598           54.982242            0.051821           -0.000000           -0.001691            0.917342            0.000000           28.113590      -133271.645213
           38.070000           -0.000021            0.000000            0.000000           -0.000034           -0.000000           -0.011605           55.011271            0.051849           -0.000000           -0.000151            0.081912            0.000000           28.128434      -133342.008526
           38.090000           -0.000021           -0.000000           -0.000001            0.000311           -0.000000           -0.011600           54.991759            0.051830            0.000000            0.001389           -0.753590            0.000000           28.118456      -133294.711711
           38.110000           -0.000021           -0.000000           -0.000001            0.000655           -0.000000           -0.011586           54.923722            0.051766            0.000000            0.002928           -1.588428            0.000000           28.083668      -133129.796502
           38.130000           -0.000021           -0.000000           -0.000002            0.000999           -0.000000           -0.011562           54.807220            0.051656            0.000000            0.004464           -2.421863            0.000000           28.024098      -132847.408418
           38.150000           -0.000021           -0.000000           -0.000002            0.001342           -0.000000           -0.011527           54.642357            0.051501            0.000000            0.005997           -3.253162            0.000000           27.939800      -132447.796638
           38.170000           -0.000021           -0.000000           -0.000003            0.001684           -0.000000           -0.011482           54.429278            0.051300            0.000000            0.007524           -4.081590            0.000000           27.830848      -131931.313777
           38.190000           -0.000021           -0.000000           -0.000004            0.002024           -0.000000           -0.011427           54.168171            0.051054            0.000000            0.009044           -4.906416            0.000000           27.697339      -131298.415575
           38.210000           -0.000021           -0.000000           -0.000004            0.002363           -0.000000           -0.011362           53.859267            0.050763            0.000000            0.010556           -5.726913            0.000000           27.539389      -130549.660498
           38.230000           -0.000021           -0.000000           -0.000005            0.002699           -0.000000           -0.011286           53.502837            0.050427            0.000000            0.012059           -6.542357            0.000000           27.357139      -129685.709243
           38.250000           -0.000021           -0.000000           -0.000006            0.003033           -0.000000           -0.011201           53.099197            0.050047            0.000000            0.013552           -7.352027            0.000000           27.150749      -128707.324154
           38.270000           -0.000020           -0.000000           -0.000006            0.003364           -0.000000           -0.011106           52.648702            0.049622            0.000000            0.015032           -8.155211            0.000000           26.920402      -127615.368552
           38.290000           -0.000020           -0.000000           -0.000007            0.003693           -0.000000           -0.011001           52.151750            0.049154            0.000000            0.016500           -8.951198            0.000000           26.666300      -126410.805972
           38.310000           -0.000020           -0.000000           -0.000007            0.004018           -0.000000           -0.010887           51.608780            0.048642            0.000000            0.017952           -9.739287            0.000000           26.388668      -125094.699312
           38.330000           -0.000020           -0.000000           -0.000008            0.004340           -0.000000           -0.010763           51.020271            0.048087            0.000000            0.019389          -10.518782            0.000000           26.087750      -123668.209896
           38.350000           -0.000020           -0.000000           -0.000009            0.004657           -0.000000           -0.010629           50.386742            0.047490            0.000000            0.020809          -11.288995            0.000000           25.763813      -122132.596450
           38.370000           -0.000019           -0.000000           -0.000009            0.004971           -0.000000           -0.010486           49.708752            0.046851            0.000000            0.022210          -12.049247            0.000000           25.417143      -120489.213987
           38.390000           -0.000019           -0.000000           -0.000010            0.005280           -0.000000           -0.010334           48.986899            0.046171            0.000000            0.023592          -12.798866            0.000000           25.048044      -118739.512620
           38.410000           -0.000019           -0.000000           -0.000010            0.005585           -0.000000           -0.010172           48.221821            0.045450            0.000000            0.024953          -13.537192            0.000000           24.656843      -116885.036272
           38.430000           -0.000018           -0.000000           -0.000011            0.005885           -0.000000           -0.010002           47.414192            0.044688            0.000000            0.026292          -14.263573            0.000000           24.243885      -114927.421322
           38.450000           -0.000018           -0.000000           -0.000011            0.006179           -0.000000           -0.009823           46.564725            0.043888            0.000000            0.027608          -14.977368            0.000000           23.809535      -112868.395157
           38.470000           -0.000018           -0.000000           -0.000012            0.006468           -0.000000           -0.009635           45.674169            0.043048            0.000000            0.028899          -15.677947            0.000000           23.354175      -110709.774647
           38.490000           -0.000017           -0.000000           -0.000012            0.006751           -0.000000           -0.009439           44.743311            0.042171            0.000000            0.030165          -16.364692            0.000000           22.878207      -108453.464547
           38.510000           -0.000017           -0.000000           -0.000013            0.007029           -0.000000           -0.009234           43.772972            0.041257            0.000000            0.031404          -17.036996            0.000000           22.382052      -106101.455809
           38.530000           -0.000017           -0.000000           -0.000013            0.007300           -0.000000           -0.009021           42.764007            0.040306            0.000000            0.032616          -17.694267            0.000000           21.866147      -103655.823830
           38.550000           -0.000016           -0.000000           -0.000014            0.007565           -0.000000           -0.008800           41.717309            0.039319            0.000000            0.033798          -18.335925            0.000000           21.330948      -101118.726621
           38.570000           -0.000016           -0.000000           -0.000014            0.007823           -0.000000           -0.008572           40.633798            0.038298            0.000000            0.034951          -18.961404            0.000000           20.776926       -98492.402900
           38.590000           -0.000015           -0.000000           -0.000015            0.008074           -0.000000           -0.008336           39.514433            0.037243            0.000000            0.036073          -19.570151            0.000000           20.204571       -95779.170117
           38.610000           -0.000015           -0.000000           -0.000015            0.008318           -0.000000           -0.008092           38.360201            0.036155            0.000000            0.037164          -20.161630            0.000000           19.614387       -92981.422413
           38.630000           -0.000014           -0.000000           -0.000016            0.008555           -0.000000           -0.007841           37.172120            0.035035            0.000000            0.038221          -20.735318            0.000000           19.006896       -90101.628501
           38.650000           -0.000014           -0.000000           -0.000016            0.008784           -0.000000           -0.007584           35.951238            0.033884            0.000000            0.039245          -21.290709            0.000000           18.382633       -87142.329493
           38.670000           -0.000013           -0.000000           -0.000017            0.009005           -0.000000           -0.007320           34.698634            0.032704            0.000000            0.040234          -21.827313            0.000000           17.742150       -84106.136655
           38.690000           -0.000013           -0.000000           -0.000017            0.009218           -0.000000           -0.007049           33.415411            0.031494            0.000000            0.041188          -22.344658            0.000000           17.086011       -80995.729105
           38.710000           -0.000012           -0.000000           -0.000017            0.009424           -0.000000           -0.006772           32.102703            0.030257            0.000000            0.042105          -22.842285            0.000000           16.414795       -77813.851446
           38.730000           -0.000012           -0.000000           -0.000018            0.009621           -0.000000           -0.006489           30.761668            0.028993            0.000000            0.042985          -23.319757            0.000000           15.729095       -74563.311347
           38.750000           -0.000011           -0.000000           -0.000018            0.009809           -0.000000           -0.006201           29.393488            0.027704            0.000000            0.043827          -23.776651            0.000000           15.029516       -71246.977062
           38.770000           -0.000011           -0.000000           -0.000018            0.009989           -0.000000           -0.005906           27.999373            0.026390            0.000000            0.044631          -24.212565            0.000000           14.316675       -67867.774904
           38.790000           -0.000010           -0.000000           -0.000019            0.010160           -0.000000           -0.005607           26.580550            0.025052            0.000000            0.045395          -24.627114            0.000000           13.591201       -64428.686659
           38.810000           -0.000010           -0.000000           -0.000019            0.010322           -0.000000           -0.005303           25.138273            0.023693            0.000000            0.046119          -25.019932            0.000000           12.853734       -60932.746957
           38.830000           -0.000009           -0.000000           -0.000019            0.010475           -0.000000           -0.004994           23.673815            0.022313            0.000000            0.046802          -25.390673            0.000000           12.104925       -57383.040591
           38.850000           -0.000009           -0.000000           -0.000020            0.010619           -0.000000           -0.004681           22.188467            0.020913            0.000000            0.047444          -25.739009            0.000000           11.345435       -53782.699801
           38.870000           -0.000008           -0.000000           -0.000020            0.010753           -0.000000           -0.004363           20.683539            0.019494            0.000000            0.048045          -26.064633            0.000000           10.575934       -50134.901503
           38.890000           -0.000007           -0.000000           -0.000020            0.010878           -0.000000           -0.004042           19.160361            0.018059            0.000000            0.048602          -26.367258            0.000000            9.797100       -46442.864492
           38.910000           -0.000007           -0.000000           -0.000020            0.010993           -0.000000           -0.003717           17.620276            0.016607            0.000000            0.049117          -26.646617            0.000000            9.009622       -42709.846596
           38.930000           -0.000006           -0.000000           -0.000020            0.011099           -0.000000           -0.003389           16.064642            0.015141            0.000000            0.049589          -26.902463            0.000000            8.214194       -38939.141807
           38.950000           -0.000006           -0.000000           -0.000021            0.011195           -0.000000           -0.003058           14.494834            0.013662            0.000000            0.050017          -27.134570            0.000000            7.411517       -35134.077371
           38.970000           -0.000005           -0.000000           -0.000021            0.011280           -0.000000           -0.002724           12.912235            0.012170            0.000000            0.050400          -27.342734            0.000000            6.602301       -31298.010851
           38.990000           -0.000004           -0.000000           -0.000021            0.011356           -0.000000           -0.002388           11.318243            0.010668            0.000000            0.050740          -27.526771            0.000000            5.787258       -27434.327168
           39.010000           -0.000004           -0.000000           -0.000021            0.011422           -0.000000           -0.002049            9.714263            0.009156            0.000000            0.051034          -27.686519            0.000000            4.967109       -23546.435612
           39.030000           -0.000003           -0.000000           -0.000021            0.011478           -0.000000           -0.001709            8.101712            0.007636            0.000000            0.051284          -27.821836            0.000000            4.142578       -19637.766833
           39.050000           -0.000003           -0.000000           -0.000021            0.011524           -0.000000           -0.001367            6.482011            0.006109            0.000000            0.051488          -27.932603            0.000000            3.314390       -15711.769816
           39.070000           -0.000002           -0.000000           -0.000021            0.011559           -0.000000           -0.001024            4.856592            0.004577            0.000000            0.051647          -28.018723            0.000000            2.483279       -11771.908833
           39.090000           -0.000001           -0.000000           -0.000021            0.011585           -0.000000           -0.000681            3.226886            0.003041            0.000000            0.051760          -28.080119            0.000000            1.649976        -7821.660395
           39.110000           -0.000001           -0.000000           -0.000021            0.011600           -0.000000           -0.000336            1.594333            0.001503            0.000000            0.051827          -28.116737            0.000000            0.815217        -3864.510174
           39.130000            0.000000           -0.000000           -0.000021            0.011605            0.000000            0.000008           -0.039626           -0.000037            0.000000            0.051849          -28.128546           -0.000000           -0.020262           96.050067
           39.150000            0.000001           -0.000000           -0.000021            0.011599            0.000000            0.000353           -1.673551           -0.001577            0.000000            0.051825          -28.115534           -0.000000           -0.855722         4056.525553
           39.170000            0.000001           -0.000000           -0.000021            0.011584            0.000000            0.000697           -3.305999           -0.003116            0.000000            0.051755          -28.077713           -0.000000           -1.690427         8013.421587
           39.190000            0.000002           -0.000000           -0.000021            0.011558            0.000000            0.001041           -4.935529           -0.004652            0.000000            0.051640          -28.015116           -0.000000           -2.523641        11963.246630
           39.210000            0.000003           -0.000000           -0.000021            0.011522            0.000000            0.001384           -6.560705           -0.006184            0.000000            0.051479          -27.927799           -0.000000           -3.354628        15902.515381
           39.230000            0.000003           -0.000000           -0.000021            0.011476            0.000000            0.001726           -8.180092           -0.007710            0.000000            0.051273          -27.815839           -0.000000           -4.182655        19827.751854
           39.250000            0.000004           -0.000000           -0.000021            0.011419            0.000000            0.002066           -9.792260           -0.009229            0.000000            0.051021          -27.679334           -0.000000           -5.006991        23735.492448
           39.270000            0.000004           -0.000000           -0.000021            0.011353            0.000000            0.002404          -11.395788           -0.010741            0.000000            0.050724          -27.518405           -0.000000           -5.826909        27622.288996
           39.290000            0.000005           -0.000000           -0.000021            0.011277            0.000000            0.002740          -12.989260           -0.012243            0.000000            0.050383          -27.333194           -0.000000           -6.641685        31484.711815
           39.310000            0.000006           -0.000000           -0.000021            0.011190            0.000000            0.003074          -14.571271           -0.013734            0.000000            0.049997          -27.123865           -0.000000           -7.450601        35319.352726
           39.330000            0.000006           -0.000000           -0.000020            0.011094            0.000000            0.003405          -16.140424           -0.015213            0.000000            0.049567          -26.890601           -0.000000           -8.252942        39122.828069
           39.350000            0.000007           -0.000000           -0.000020            0.010988            0.000000            0.003733          -17.695334           -0.016678            0.000000            0.049093          -26.633610           -0.000000           -9.048001        42891.781681
           39.370000            0.000007           -0.000000           -0.000020            0.010872            0.000000            0.004058          -19.234631           -0.018129            0.000000            0.048576          -26.353117           -0.000000           -9.835076        46622.887861
           39.390000            0.000008           -0.000000           -0.000020            0.010747            0.000000            0.004379          -20.756955           -0.019564            0.000000            0.048016          -26.049370           -0.000000          -10.613473        50312.854305
           39.410000            0.000009           -0.000000           -0.000020            0.010612            0.000000            0.004696          -22.260963           -0.020981            0.000000            0.047414          -25.722638           -0.000000          -11.382504        53958.425011
           39.430000            0.000009           -0.000000           -0.000019            0.010468            0.000000            0.005009          -23.745329           -0.022380            0.000000            0.046770          -25.373208           -0.000000          -12.141492        57556.383151
           39.450000            0.000010           -0.000000           -0.000019            0.010315            0.000000            0.005318          -25.208741           -0.023760            0.000000            0.046085          -25.001388           -0.000000          -12.889766        61103.553910
           39.470000            0.000010           -0.000000           -0.000019            0.010152            0.000000            0.005622          -26.649910           -0.025118            0.000000            0.045359          -24.607508           -0.000000          -13.626666        64596.807287
           39.490000            0.000011           -0.000000           -0.000018            0.009981            0.000000            0.005921          -28.067563           -0.026454            0.000000            0.044593          -24.191915           -0.000000          -14.351542        68033.060858
           39.510000            0.000011           -0.000000           -0.000018            0.009800            0.000000            0.006215          -29.460449           -0.027767            0.000000            0.043787          -23.754974           -0.000000          -15.063754        71409.282494
           39.530000            0.000012           -0.000000           -0.000018            0.009611            0.000000            0.006503          -30.827339           -0.029055            0.000000            0.042943          -23.297072           -0.000000          -15.762675        74722.493040
           39.550000            0.000013           -0.000000           -0.000017            0.009414            0.000000            0.006786          -32.167028           -0.030318            0.000000            0.042061          -22.818613           -0.000000          -16.447686        77969.768940
           39.570000            0.000013           -0.000000           -0.000017            0.009208            0.000000            0.007062          -33.478333           -0.031554            0.000000            0.041142          -22.320019           -0.000000          -17.118184        81148.244819
           39.590000            0.000014           -0.000000           -0.000017            0.008994            0.000000            0.007333          -34.760096           -0.032762            0.000000            0.040187          -21.801730           -0.000000          -17.773577        84255.116010
           39.610000            0.000014           -0.000000           -0.000016            0.008773            0.000000            0.007597          -36.011188           -0.033941            0.000000            0.039196          -21.264204           -0.000000          -18.413287        87287.641030
           39.630000            0.000014           -0.000000           -0.000016            0.008543            0.000000            0.007854          -37.230503           -0.035090            0.000000            0.038171          -20.707914           -0.000000          -19.036749        90243.143999
           39.650000            0.000015           -0.000000           -0.000015            0.008306            0.000000            0.008104          -38.416967           -0.036208            0.000000            0.037112          -20.133351           -0.000000          -19.643413        93119.016999
           39.680000            0.000016           -0.000000           -0.000015            0.007937            0.000000            0.008466          -40.132783           -0.037826            0.000000            0.035462          -19.238360           -0.000000          -20.520746        97277.988961
           39.700000            0.000016           -0.000000           -0.000014            0.007682            0.000000            0.008698          -41.232602           -0.038862            0.000000            0.034323          -18.620368           -0.000000          -21.083107        99943.844013
           39.720000            0.000016           -0.000000           -0.000014            0.007420            0.000000            0.008922          -42.296037           -0.039864            0.000000            0.033153          -17.985946           -0.000000          -21.626864       102521.509262
           39.740000            0.000017           -0.000000           -0.000013            0.007152            0.000000            0.009139          -43.322151           -0.040832            0.000000            0.031955          -17.335653           -0.000000          -22.151538       105008.710192
           39.760000            0.000017           -0.000000           -0.000013            0.006877            0.000000            0.009347          -44.310038           -0.041763            0.000000            0.030728          -16.670063           -0.000000          -22.656665       107403.252114
           39.780000            0.000018           -0.000000           -0.000012            0.006597            0.000000            0.009547          -45.258826           -0.042657            0.000000            0.029474          -15.989764           -0.000000          -23.141801       109703.022098
           39.800000            0.000018           -0.000000           -0.000012            0.006310            0.000000            0.009739          -46.167677           -0.043514            0.000000            0.028194          -15.295355           -0.000000          -23.606516       111905.990844
           39.820000            0.000018           -0.000000           -0.000011            0.006018            0.000000            0.009922          -47.035791           -0.044332            0.000000            0.026889          -14.587450           -0.000000          -24.050401       114010.214465
           39.840000            0.000019           -0.000000           -0.000011            0.005721            0.000000            0.010097          -47.862401           -0.045111            0.000000            0.025560          -13.866673           -0.000000          -24.473064       116013.836207
           39.860000            0.000019           -0.000000           -0.000010            0.005418            0.000000            0.010262          -48.646777           -0.045850            0.000000            0.024209          -13.133661           -0.000000          -24.874132       117915.088089
           39.880000            0.000019           -0.000000           -0.000009            0.005111            0.000000            0.010418          -49.388227           -0.046549            0.000000            0.022837          -12.389059           -0.000000          -25.253251       119712.292458
           39.900000            0.000019           -0.000000           -0.000009            0.004800            0.000000            0.010566          -50.086098           -0.047207            0.000000            0.021444          -11.633525           -0.000000          -25.610088       121403.863472
           39.920000            0.000020           -0.000000           -0.000008            0.004484            0.000000            0.010704          -50.739773           -0.047823            0.000000            0.020032          -10.867726           -0.000000          -25.944325       122988.308499
           39.940000            0.000020           -0.000000           -0.000008            0.004164            0.000000            0.010832          -51.348675           -0.048397            0.000000            0.018603          -10.092337           -0.000000          -26.255670       124464.229437
           39.960000            0.000020           -0.000000           -0.000007            0.003840            0.000000            0.010951          -51.912268           -0.048928            0.000000            0.017157           -9.308043           -0.000000          -26.543847       125830.323941
           39.970000            0.000020           -0.000000           -0.000007            0.003677            0.000000            0.011007          -52.176916           -0.049177            0.000000            0.016429           -8.912772           -0.000000          -26.679168       126471.805767
           39.990000            0.000020           -0.000000           -0.000006            0.003348            0.000000            0.011111          -52.671625           -0.049644            0.000000            0.014961           -8.116419           -0.000000          -26.932122       127670.931012
           40.010000            0.000021           -0.000000           -0.000006            0.003017            0.000000            0.011206          -53.119856           -0.050066            0.000000            0.013480           -7.312905           -0.000000          -27.161313       128757.400250
           40.030000            0.000021           -0.000000           -0.000005            0.002683            0.000000            0.011290          -53.521215           -0.050444            0.000000            0.011987           -6.502938           -0.000000          -27.366536       129730.254789
           40.050000            0.000021           -0.000000           -0.000004            0.002346            0.000000            0.011365          -53.875346           -0.050778            0.000000            0.010483           -5.687233           -0.000000          -27.547611       130588.636188
           40.070000            0.000021           -0.000000           -0.000004            0.002008            0.000000            0.011430          -54.181939           -0.051067            0.000000            0.008970           -4.866509           -0.000000          -27.704378       131331.787016
           40.090000            0.000021           -0.000000           -0.000003            0.001667            0.000000            0.011484          -54.440722           -0.051311            0.000000            0.007450           -4.041491           -0.000000          -27.836699       131959.051522
           40.110000            0.000021           -0.000000           -0.000002            0.001326            0.000000            0.011529          -54.651466           -0.051510            0.000000            0.005922           -3.212907           -0.000000          -27.944458       132469.876213
           40.130000            0.000021           -0.000000           -0.000002            0.000983            0.000000            0.011563          -54.813987           -0.051663            0.000000            0.004390           -2.381488           -0.000000          -28.027558       132863.810338
           40.150000            0.000021           -0.000000           -0.000001            0.000639            0.000000            0.011587          -54.928140           -0.051770            0.000000            0.002853           -1.547967           -0.000000          -28.085927       133140.506295
           40.170000            0.000021           -0.000000           -0.000001            0.000294            0.000000            0.011601          -54.993825           -0.051832            0.000000            0.001314           -0.713081           -0.000000          -28.119513       133299.719927
           40.190000            0.000021            0.000000            0.000000           -0.000051            0.000000            0.011605          -55.010983           -0.051848           -0.000000           -0.000226            0.122435           -0.000000          -28.128286       133341.310746
           40.210000            0.000021            0.000000            0.000001           -0.000395            0.000000            0.011598          -54.979601           -0.051819           -0.000000           -0.001766            0.957843           -0.000000          -28.112240       133265.242053
           40.230000            0.000021            0.000000            0.000001           -0.000739            0.000000            0.011581          -54.899704           -0.051744           -0.000000           -0.003304            1.792405           -0.000000          -28.071387       133071.580969
           40.250000            0.000021            0.000000            0.000002           -0.001083            0.000000            0.011554          -54.771365           -0.051623           -0.000000           -0.004839            2.625386           -0.000000          -28.005764       132760.498380
           40.270000            0.000021            0.000000            0.000003           -0.001426            0.000000            0.011517          -54.594695           -0.051456           -0.000000           -0.006370            3.456050           -0.000000          -27.915429       132332.268784
           40.290000            0.000021            0.000000            0.000003           -0.001767            0.000000            0.011469          -54.369852           -0.051244           -0.000000           -0.007896            4.283665           -0.000000          -27.800462       131787.270048
           40.310000            0.000021            0.000000            0.000004           -0.002107            0.000000            0.011412          -54.097033           -0.050987           -0.000000           -0.009415            5.107500           -0.000000          -27.660964       131125.983074
           40.330000            0.000021            0.000000            0.000005           -0.002445            0.000000            0.011344          -53.776479           -0.050685           -0.000000           -0.010925            5.926828           -0.000000          -27.497058       130348.991378
           40.350000            0.000021            0.000000            0.000005           -0.002781            0.000000            0.011266          -53.408473           -0.050338           -0.000000           -0.012425            6.740926           -0.000000          -27.308889       129456.980573
           40.370000            0.000021            0.000000            0.000006           -0.003114            0.000000            0.011179          -52.993340           -0.049947           -0.000000           -0.013915            7.549076           -0.000000          -27.096622       128450.737763
           40.390000            0.000020            0.000000            0.000006           -0.003445            0.000000            0.011081          -52.531446           -0.049511           -0.000000           -0.015392            8.350564           -0.000000          -26.860446       127331.150850
           40.410000            0.000020            0.000000            0.000007           -0.003773            0.000000            0.010974          -52.023198           -0.049032           -0.000000           -0.016856            9.144685           -0.000000          -26.600568       126099.207752
           40.430000            0.000020            0.000000            0.000008           -0.004097            0.000000            0.010857          -51.469046           -0.048510           -0.000000           -0.018305            9.930736           -0.000000          -26.317218       124755.995525
           40.450000            0.000020            0.000000            0.000008           -0.004418            0.000000            0.010731          -50.869477           -0.047945           -0.000000           -0.019738           10.708024           -0.000000          -26.010646       123302.699413
           40.470000            0.000020            0.000000            0.000009           -0.004734            0.000000            0.010595          -50.225022           -0.047338           -0.000000           -0.021153           11.475863           -0.000000          -25.681122       121740.601793
           40.490000            0.000019            0.000000            0.000009           -0.005047            0.000000            0.010450          -49.536248           -0.046688           -0.000000           -0.022550           12.233577           -0.000000          -25.328938       120071.081052
           40.510000            0.000019            0.000000            0.000010           -0.005355            0.000000            0.010295          -48.803764           -0.045998           -0.000000           -0.023927           12.980495           -0.000000          -24.954403       118295.610363
           40.530000            0.000019            0.000000            0.000010           -0.005659            0.000000            0.010132          -48.028216           -0.045267           -0.000000           -0.025282           13.715960           -0.000000          -24.557849       116415.756391
           40.550000            0.000018            0.000000            0.000011           -0.005957            0.000000            0.009959          -47.210288           -0.044496           -0.000000           -0.026616           14.439321           -0.000000          -24.139625       114433.177906
           40.570000            0.000018            0.000000            0.000012           -0.006250            0.000000            0.009778          -46.350702           -0.043686           -0.000000           -0.027926           15.149942           -0.000000          -23.700100       112349.624323
           40.590000            0.000018            0.000000            0.000012           -0.006538            0.000000            0.009588          -45.450216           -0.042837           -0.000000           -0.029211           15.847194           -0.000000          -23.239663       110166.934155
           40.610000            0.000017            0.000000            0.000013           -0.006820            0.000000            0.009389          -44.509626           -0.041951           -0.000000           -0.030470           16.530463           -0.000000          -22.758719       107887.033396
           40.630000            0.000017            0.000000            0.000013           -0.007096            0.000000            0.009183          -43.529760           -0.041027           -0.000000           -0.031703           17.199146           -0.000000          -22.257692       105511.933814
           40.650000            0.000017            0.000000            0.000014           -0.007365            0.000000            0.008968          -42.511484           -0.040068           -0.000000           -0.032908           17.852652           -0.000000          -21.737026       103043.731182
           40.670000            0.000016            0.000000            0.000014           -0.007628            0.000000            0.008745          -41.455696           -0.039072           -0.000000           -0.034083           18.490405           -0.000000          -21.197180       100484.603426
           40.690000            0.000016            0.000000            0.000015           -0.007885            0.000000            0.008515          -40.363328           -0.038043           -0.000000           -0.035229           19.111842           -0.000000          -20.638628        97836.808704
           40.710000            0.000015            0.000000            0.000015           -0.008134            0.000000            0.008277          -39.235344           -0.036980           -0.000000           -0.036343           19.716415           -0.000000          -20.061866        95102.683414
           40.730000            0.000015            0.000000            0.000015           -0.008376            0.000000            0.008031          -38.072738           -0.035884           -0.000000           -0.037425           20.303590           -0.000000          -19.467401        92284.640128
           40.750000            0.000014            0.000000            0.000016           -0.008611            0.000000            0.007779          -36.876538           -0.034757           -0.000000           -0.038475           20.872850           -0.000000          -18.855758        89385.165471
           40.770000            0.000014            0.000000            0.000016           -0.008839            0.000000            0.007520          -35.647797           -0.033598           -0.000000           -0.039490           21.423691           -0.000000          -18.227477        86406.817921
           40.790000            0.000013            0.000000            0.000017           -0.009058            0.000000            0.007254          -34.387602           -0.032411           -0.000000           -0.040470           21.955629           -0.000000          -17.583113        83352.225552
           40.810000            0.000013            0.000000            0.000017           -0.009269            0.000000            0.006982          -33.097063           -0.031194           -0.000000           -0.041415           22.468193           -0.000000          -16.923232        80224.083717
           40.830000            0.000012            0.000000            0.000017           -0.009473            0.000000            0.006703          -31.777319           -0.029950           -0.000000           -0.042324           22.960931           -0.000000          -16.248419        77025.152667
           40.850000            0.000012            0.000000            0.000018           -0.009668            0.000000            0.006419          -30.429536           -0.028680           -0.000000           -0.043194           23.433408           -0.000000          -15.559269        73758.255120
           40.870000            0.000011            0.000000            0.000018           -0.009854            0.000000            0.006129          -29.054901           -0.027385           -0.000000           -0.044027           23.885209           -0.000000          -14.856389        70426.273763
           40.890000            0.000011            0.000000            0.000018           -0.010032            0.000000            0.005834          -27.654629           -0.026065           -0.000000           -0.044821           24.315932           -0.000000          -14.140400        67032.148718
           40.910000            0.000010            0.000000            0.000019           -0.010201            0.000000            0.005533          -26.229954           -0.024722           -0.000000           -0.045576           24.725200           -0.000000          -13.411934        63578.874936
           40.930000            0.000010            0.000000            0.000019           -0.010360            0.000000            0.005228          -24.782134           -0.023357           -0.000000           -0.046290           25.112650           -0.000000          -12.671632        60069.499565
           40.950000            0.000009            0.000000            0.000019           -0.010511            0.000000            0.004918          -23.312447           -0.021972           -0.000000           -0.046963           25.477942           -0.000000          -11.920150        56507.119255
           40.970000            0.000008            0.000000            0.000020           -0.010653            0.000000            0.004603          -21.822189           -0.020568           -0.000000           -0.047595           25.820751           -0.000000          -11.158149        52894.877427
           40.990000            0.000008            0.000000            0.000020           -0.010785            0.000000            0.004285          -20.312675           -0.019145           -0.000000           -0.048185           26.140777           -0.000000          -10.386303        49235.961501
           41.010000            0.000007            0.000000            0.000020           -0.010907            0.000000            0.003963          -18.785237           -0.017705           -0.000000           -0.048732           26.437736           -0.000000           -9.605291        45533.600080
           41.030000            0.000007            0.000000            0.000020           -0.011020            0.000000            0.003637          -17.241223           -0.016250           -0.000000           -0.049237           26.711366           -0.000000           -8.815804        41791.060104
           41.050000            0.000006            0.000000            0.000021           -0.011123            0.000000            0.003308          -15.681996           -0.014780           -0.000000           -0.049698           26.961427           -0.000000           -8.018538        38011.643966
           41.070000            0.000005            0.000000            0.000021           -0.011216            0.000000            0.002976          -14.108931           -0.013298           -0.000000           -0.050115           27.187697           -0.000000           -7.214197        34198.686598
           41.090000            0.000005            0.000000            0.000021           -0.011300            0.000000            0.002642          -12.523417           -0.011803           -0.000000           -0.050488           27.389976           -0.000000           -6.403489        30355.552530
           41.110000            0.000004            0.000000            0.000021           -0.011373            0.000000            0.002305          -10.926852           -0.010299           -0.000000           -0.050816           27.568087           -0.000000           -5.587132        26485.632918
           41.130000            0.000004            0.000000            0.000021           -0.011437            0.000000            0.001966           -9.320645           -0.008785           -0.000000           -0.051099           27.721873           -0.000000           -4.765844        22592.342554
           41.150000            0.000003            0.000000            0.000021           -0.011490            0.000000            0.001626           -7.706213           -0.007263           -0.000000           -0.051338           27.851196           -0.000000           -3.940351        18679.116853
           41.170000            0.000002            0.000000            0.000021           -0.011533            0.000000            0.001284           -6.084982           -0.005735           -0.000000           -0.051531           27.955944           -0.000000           -3.111381        14749.408820
           41.190000            0.000002            0.000000            0.000021           -0.011566            0.000000            0.000940           -4.458381           -0.004202           -0.000000           -0.051678           28.036023           -0.000000           -2.279665        10806.686004
           41.210000            0.000001            0.000000            0.000021           -0.011589            0.000000            0.000597           -2.827847           -0.002665           -0.000000           -0.051780           28.091364           -0.000000           -1.445938         6854.427437
           41.230000            0.000000            0.000000            0.000021           -0.011602            0.000000            0.000252           -1.194817           -0.001126           -0.000000           -0.051837           28.121917           -0.000000           -0.610935         2896.120568
           41.250000           -0.000000            0.000000            0.000021           -0.011604           -0.000000           -0.000093            0.439267            0.000414           -0.000000           -0.051847           28.127656            0.000000            0.224607        -1064.741819
           41.270000           -0.000001            0.000000            0.000021           -0.011596           -0.000000           -0.000437            2.072964            0.001954           -0.000000           -0.051812           28.108575            0.000000            1.059951        -5024.664685
           41.290000           -0.000001            0.000000            0.000021           -0.011578           -0.000000           -0.000782            3.704832            0.003492           -0.000000           -0.051731           28.064691            0.000000            1.894359        -8980.153819
           41.310000           -0.000002            0.000000            0.000021           -0.011550           -0.000000           -0.001125            5.333430            0.005027           -0.000000           -0.051605           27.996043            0.000000            2.727096       -12927.718923
           41.330000           -0.000003            0.000000            0.000021           -0.011511           -0.000000           -0.001468            6.957322            0.006557           -0.000000           -0.051433           27.902692            0.000000            3.557427       -16863.876692
           41.350000           -0.000003            0.000000            0.000021           -0.011463           -0.000000           -0.001809            8.575075            0.008082           -0.000000           -0.051215           27.784719            0.000000            4.384618       -20785.153884
           41.370000           -0.000004            0.000000            0.000021           -0.011404           -0.000000           -0.002149           10.185262            0.009600           -0.000000           -0.050953           27.642229            0.000000            5.207941       -24688.090391
           41.390000           -0.000005            0.000000            0.000021           -0.011335           -0.000000           -0.002486           11.786461            0.011109           -0.000000           -0.050645           27.475348            0.000000            6.026668       -28569.242286
           41.410000           -0.000005            0.000000            0.000021           -0.011256           -0.000000           -0.002822           13.377259            0.012608           -0.000000           -0.050293           27.284223            0.000000            6.840077       -32425.184866
           41.430000           -0.000006            0.000000            0.000021           -0.011168           -0.000000           -0.003155           14.956254            0.014096           -0.000000           -0.049896           27.069022            0.000000            7.647451       -36252.515672
           41.450000           -0.000006            0.000000            0.000020           -0.011069           -0.000000           -0.003485           16.522052            0.015572           -0.000000           -0.049455           26.829936            0.000000            8.448077       -40047.857492
           41.470000           -0.000007            0.000000            0.000020           -0.010960           -0.000000           -0.003813           18.073270            0.017034           -0.000000           -0.048971           26.567176            0.000000            9.241248       -43807.861340
           41.490000           -0.000008            0.000000            0.000020           -0.010842           -0.000000           -0.004136           19.608541            0.018481           -0.000000           -0.048443           26.280972            0.000000           10.026264       -47529.209415
           41.510000           -0.000008            0.000000            0.000020           -0.010715           -0.000000           -0.004457           21.126509            0.019912           -0.000000           -0.047873           25.971579            0.000000           10.802434       -51208.618021
           41.530000           -0.000009            0.000000            0.000019           -0.010578           -0.000000           -0.004773           22.625836            0.021325           -0.000000           -0.047260           25.639268            0.000000           11.569071       -54842.840473
           41.550000           -0.000009            0.000000            0.000019           -0.010431           -0.000000           -0.005085           24.105197            0.022719           -0.000000           -0.046606           25.284334            0.000000           12.325500       -58428.669957
           41.570000           -0.000010            0.000000            0.000019           -0.010276           -0.000000           -0.005393           25.563289            0.024094           -0.000000           -0.045911           24.907088            0.000000           13.071053       -61962.942358
           41.590000           -0.000010            0.000000            0.000019           -0.010111           -0.000000           -0.005695           26.998823            0.025447           -0.000000           -0.045175           24.507865            0.000000           13.805073       -65442.539059
           41.610000           -0.000011            0.000000            0.000018           -0.009937           -0.000000           -0.005993           28.410534            0.026777           -0.000000           -0.044399           24.087016            0.000000           14.526910       -68864.389686
           41.630000           -0.000012            0.000000            0.000018           -0.009755           -0.000000           -0.006286           29.797175            0.028084           -0.000000           -0.043584           23.644913            0.000000           15.235930       -72225.474819
           41.650000           -0.000012            0.000000            0.000018           -0.009564           -0.000000           -0.006573           31.157524            0.029366           -0.000000           -0.042731           23.181946            0.000000           15.931505       -75522.828660
           41.670000           -0.000013            0.000000            0.000017           -0.009364           -0.000000           -0.006854           32.490379            0.030623           -0.000000           -0.041840           22.698524            0.000000           16.613022       -78753.541643
           41.690000           -0.000013            0.000000            0.000017           -0.009157           -0.000000           -0.007129           33.794566            0.031852           -0.000000           -0.040912           22.195072            0.000000           17.279880       -81914.763009
           41.710000           -0.000014            0.000000            0.000016           -0.008941           -0.000000           -0.007398           35.068932            0.033053           -0.000000           -0.039948           21.672035            0.000000           17.931491       -85003.703316
           41.730000           -0.000014            0.000000            0.000016           -0.008717           -0.000000           -0.007660           36.312353            0.034225           -0.000000           -0.038948           21.129876            0.000000           18.567279       -88017.636904
           41.750000           -0.000015            0.000000            0.000016           -0.008486           -0.000000           -0.007916           37.523733            0.035367           -0.000000           -0.037915           20.569071            0.000000           19.186683       -90953.904296
           41.770000           -0.000015            0.000000            0.000015           -0.008247           -0.000000           -0.008164           38.702002            0.036477           -0.000000           -0.036847           19.990116            0.000000           19.789157       -93809.914550
           41.790000           -0.000015            0.000000            0.000015           -0.008001           -0.000000           -0.008406           39.846120            0.037555           -0.000000           -0.035748           19.393522            0.000000           20.374169       -96583.147540
           41.810000           -0.000016            0.000000            0.000014           -0.007748           -0.000000           -0.008639           40.955079            0.038601           -0.000000           -0.034617           18.779816            0.000000           20.941203       -99271.156184
           41.830000           -0.000016            0.000000            0.000014           -0.007488           -0.000000           -0.008866           42.027899            0.039612           -0.000000           -0.033455           18.149538            0.000000           21.489759      -101871.568600
           41.850000           -0.000017            0.000000            0.000013           -0.007221           -0.000000           -0.009084           43.063634            0.040588           -0.000000           -0.032263           17.503245            0.000000           22.019353      -104382.090200
           41.870000           -0.000017            0.000000            0.000013           -0.006948           -0.000000           -0.009295           44.061370            0.041528           -0.000000           -0.031044           16.841508            0.000000           22.529516      -106800.505718
           41.890000           -0.000018            0.000000            0.000012           -0.006669           -0.000000           -0.009497           45.020227            0.042432           -0.000000           -0.029797           16.164910            0.000000           23.019800      -109124.681158
           41.910000           -0.000018            0.000000            0.000012           -0.006384           -0.000000           -0.009691           45.939358            0.043298           -0.000000           -0.028523           15.474047            0.000000           23.489771      -111352.565683
           41.930000           -0.000018            0.000000            0.000011           -0.006093           -0.000000           -0.009876           46.817952            0.044126           -0.000000           -0.027224           14.769531            0.000000           23.939015      -113482.193422
           41.950000           -0.000019            0.000000            0.000011           -0.005797           -0.000000           -0.010053           47.655234            0.044916           -0.000000           -0.025902           14.051982            0.000000           24.367135      -115511.685205
           41.970000           -0.000019            0.000000            0.000010           -0.005496           -0.000000           -0.010221           48.450466            0.045665           -0.000000           -0.024556           13.322034            0.000000           24.773754      -117439.250223
           41.990000           -0.000019            0.000000            0.000010           -0.005190           -0.000000           -0.010379           49.202945            0.046374           -0.000000           -0.023189           12.580330            0.000000           25.158513      -119263.187603
           42.010000           -0.000019            0.000000            0.000009           -0.004880           -0.000000           -0.010529           49.912008            0.047043           -0.000000           -0.021802           11.827526            0.000000           25.521072      -120981.887916
           42.030000           -0.000020            0.000000            0.000008           -0.004565           -0.000000           -0.010669           50.577029            0.047669           -0.000000           -0.020395           11.064285            0.000000           25.861111      -122593.834591
           42.050000           -0.000020            0.000000            0.000008           -0.004246           -0.000000           -0.010800           51.197422            0.048254           -0.000000           -0.018970           10.291281            0.000000           26.178331      -124097.605257
           42.070000           -0.000020            0.000000            0.000007           -0.003923           -0.000000           -0.010921           51.772638            0.048796           -0.000000           -0.017528            9.509196            0.000000           26.472451      -125491.872997
           42.090000           -0.000020            0.000000            0.000007           -0.003597           -0.000000           -0.011033           52.302170            0.049295           -0.000000           -0.016071            8.718720            0.000000           26.743212      -126775.407517
           42.110000           -0.000021            0.000000            0.000006           -0.003268           -0.000000           -0.011135           52.785551            0.049751           -0.000000           -0.014600            7.920551            0.000000           26.990375      -127947.076235
           42.130000           -0.000021            0.000000            0.000005           -0.002936           -0.000000           -0.011227           53.222354            0.050163           -0.000000           -0.013116            7.115393            0.000000           27.213722      -129005.845278
           42.150000           -0.000021            0.000000            0.000005           -0.002601           -0.000000           -0.011309           53.612194            0.050530           -0.000000           -0.011620            6.303956            0.000000           27.413056      -129950.780395
           42.170000           -0.000021            0.000000            0.000004           -0.002264           -0.000000           -0.011382           53.954727            0.050853           -0.000000           -0.010114            5.486957            0.000000           27.588200      -130781.047782
           42.190000           -0.000021            0.000000            0.000004           -0.001925           -0.000000           -0.011444           54.249651            0.051131           -0.000000           -0.008599            4.665116            0.000000           27.739001      -131495.914815
           42.210000           -0.000021            0.000000            0.000003           -0.001584           -0.000000           -0.011496           54.496706            0.051364           -0.000000           -0.007077            3.839159            0.000000           27.865325      -132094.750702
           42.230000           -0.000021            0.000000            0.000002           -0.001242           -0.000000           -0.011538           54.695672            0.051551           -0.000000           -0.005548            3.009814            0.000000           27.967061      -132577.027032
           42.250000           -0.000021            0.000000            0.000002           -0.000898           -0.000000           -0.011570           54.846376            0.051693           -0.000000           -0.004014            2.177813            0.000000           28.044119      -132942.318248
           42.270000           -0.000021            0.000000            0.000001           -0.000554           -0.000000           -0.011591           54.948684            0.051790           -0.000000           -0.002477            1.343890            0.000000           28.096431      -133190.302021
           42.290000           -0.000021            0.000000            0.000000           -0.000210           -0.000000           -0.011603           55.002505            0.051840           -0.000000           -0.000938            0.508782            0.000000           28.123951      -133320.759529
           42.310000           -0.000021           -0.000000           -0.000000            0.000135           -0.000000           -0.011604           55.007792            0.051845            0.000000            0.000602           -0.326776            0.000000           28.126655      -133333.575660
           42.330000           -0.000021           -0.000000           -0.000001            0.000479           -0.000000           -0.011595           54.964541            0.051805            0.000000            0.002142           -1.162045            0.000000           28.104539      -133228.739102
           42.350000           -0.000021           -0.000000           -0.000002            0.000824           -0.000000           -0.011575           54.872790            0.051718            0.000000            0.003680           -1.996288            0.000000           28.057625      -133006.342365
           42.370000           -0.000021           -0.000000           -0.000002            0.001167           -0.000000           -0.011546           54.732619            0.051586            0.000000            0.005214           -2.828770            0.000000           27.985953      -132666.581689
           42.390000           -0.000021           -0.000000           -0.000003            0.001509           -0.000000           -0.011506           54.544152            0.051408            0.000000            0.006744           -3.658756            0.000000           27.889586      -132209.756877
           42.410000           -0.000021           -0.000000           -0.000003            0.001851           -0.000000           -0.011456           54.307556            0.051185            0.000000            0.008268           -4.485514            0.000000           27.768609      -131636.271028
           42.430000           -0.000021           -0.000000           -0.000004            0.002190           -0.000000           -0.011396           54.023040            0.050917            0.000000            0.009785           -5.308314            0.000000           27.623130      -130946.630183
           42.450000           -0.000021           -0.000000           -0.000005            0.002528           -0.000000           -0.011326           53.690853            0.050604            0.000000            0.011293           -6.126429            0.000000           27.453276      -130141.442875
           42.470000           -0.000021           -0.000000           -0.000005            0.002863           -0.000000           -0.011246           53.311291            0.050246            0.000000            0.012791           -6.939139            0.000000           27.259197      -129221.419598
           42.490000           -0.000021           -0.000000           -0.000006            0.003196           -0.000000           -0.011156           52.884686            0.049844            0.000000            0.014278           -7.745725            0.000000           27.041065      -128187.372173
           42.510000           -0.000020           -0.000000           -0.000006            0.003526           -0.000000           -0.011056           52.411417            0.049398            0.000000            0.015752           -8.545477            0.000000           26.799073      -127040.213038
           42.530000           -0.000020           -0.000000           -0.000007            0.003852           -0.000000           -0.010947           51.891900            0.048909            0.000000            0.017212           -9.337689            0.000000           26.533433      -125780.954438
           42.550000           -0.000020           -0.000000           -0.000008            0.004176           -0.000000           -0.010827           51.326594            0.048376            0.000000            0.018657          -10.121660            0.000000           26.244380      -124410.707535
           42.570000           -0.000020           -0.000000           -0.000008            0.004496           -0.000000           -0.010699           50.715998            0.047800            0.000000            0.020086          -10.896701            0.000000           25.932169      -122930.681426
           42.590000           -0.000019           -0.000000           -0.000009            0.004811           -0.000000           -0.010560           50.060651            0.047183            0.000000            0.021497          -11.662126            0.000000           25.597076      -121342.182077
           42.610000           -0.000019           -0.000000           -0.000009            0.005123           -0.000000           -0.010413           49.361130            0.046523            0.000000            0.022889          -12.417261            0.000000           25.239396      -119646.611168
           42.630000           -0.000019           -0.000000           -0.000010            0.005430           -0.000000           -0.010256           48.618053            0.045823            0.000000            0.024260          -13.161439            0.000000           24.859445      -117845.464862
           42.650000           -0.000019           -0.000000           -0.000011            0.005732           -0.000000           -0.010090           47.832076            0.045082            0.000000            0.025611          -13.894003            0.000000           24.457558      -115940.332477
           42.670000           -0.000018           -0.000000           -0.000011            0.006029           -0.000000           -0.009915           47.003892            0.044302            0.000000            0.026938          -14.614308            0.000000           24.034090      -113932.895091
           42.690000           -0.000018           -0.000000           -0.000012            0.006321           -0.000000           -0.009732           46.134233            0.043482            0.000000            0.028242          -15.321716            0.000000           23.589415      -111824.924052
           42.710000           -0.000018           -0.000000           -0.000012            0.006607           -0.000000           -0.009540           45.223864            0.042624            0.000000            0.029521          -16.015605            0.000000           23.123924      -109618.279422
           42.730000           -0.000017           -0.000000           -0.000013            0.006888           -0.000000           -0.009339           44.273591            0.041728            0.000000            0.030774          -16.695362            0.000000           22.638029      -107314.908329
           42.750000           -0.000017           -0.000000           -0.000013            0.007162           -0.000000           -0.009131           43.284251            0.040796            0.000000            0.032000          -17.360387            0.000000           22.132158      -104916.843253
           42.770000           -0.000016           -0.000000           -0.000014            0.007430           -0.000000           -0.008914           42.256717            0.039827            0.000000            0.033198          -18.010094            0.000000           21.606758      -102426.200232
           42.800000           -0.000016           -0.000000           -0.000014            0.007820           -0.000000           -0.008574           40.645795            0.038309            0.000000            0.034939          -18.954680            0.000000           20.783060       -98521.481440
           42.820000           -0.000015           -0.000000           -0.000015            0.008071           -0.000000           -0.008338           39.526815            0.037254            0.000000            0.036061          -19.563613            0.000000           20.210902       -95809.182519
           42.840000           -0.000015           -0.000000           -0.000015            0.008315           -0.000000           -0.008095           38.372957            0.036167            0.000000            0.037152          -20.155282            0.000000           19.620910       -93012.342192
           42.860000           -0.000014           -0.000000           -0.000016            0.008552           -0.000000           -0.007844           37.185239            0.035048            0.000000            0.038210          -20.729167            0.000000           19.013604       -90133.428374
           42.880000           -0.000014           -0.000000           -0.000016            0.008781           -0.000000           -0.007587           35.964709            0.033897            0.000000            0.039234          -21.284760            0.000000           18.389521       -87174.981401
           42.900000           -0.000013           -0.000000           -0.000017            0.009003           -0.000000           -0.007323           34.712444            0.032717            0.000000            0.040223          -21.821572            0.000000           17.749211       -84139.611786
           42.920000           -0.000013           -0.000000           -0.000017            0.009216           -0.000000           -0.007052           33.429549            0.031508            0.000000            0.041177          -22.339128            0.000000           17.093240       -81029.997920
           42.940000           -0.000012           -0.000000           -0.000017            0.009422           -0.000000           -0.006775           32.117156            0.030271            0.000000            0.042095          -22.836973            0.000000           16.422185       -77848.883707
           42.960000           -0.000012           -0.000000           -0.000018            0.009619           -0.000000           -0.006492           30.776423            0.029007            0.000000            0.042976          -23.314666            0.000000           15.736640       -74599.076141
           42.980000           -0.000011           -0.000000           -0.000018            0.009807           -0.000000           -0.006204           29.408533            0.027718            0.000000            0.043818          -23.771787            0.000000           15.037209       -71283.442831
           43.000000           -0.000011           -0.000000           -0.000018            0.009987           -0.000000           -0.005910           28.014693            0.026404            0.000000            0.044622          -24.207931            0.000000           14.324509       -67904.909471
           43.020000           -0.000010           -0.000000           -0.000019            0.010158           -0.000000           -0.005610           26.596133            0.025067            0.000000            0.045387          -24.622715            0.000000           13.599169       -64466.457257
           43.040000           -0.000010           -0.000000           -0.000019            0.010320           -0.000000           -0.005306           25.154105            0.023708            0.000000            0.046111          -25.015772            0.000000           12.861829       -60971.120256
           43.060000           -0.000009           -0.000000           -0.000019            0.010474           -0.000000           -0.004997           23.689881            0.022328            0.000000            0.046795          -25.386755            0.000000           12.113140       -57421.982732
           43.080000           -0.000009           -0.000000           -0.000020            0.010617           -0.000000           -0.004684           22.204753            0.020928            0.000000            0.047438          -25.735337            0.000000           11.353763       -53822.176421
           43.090000           -0.000008           -0.000000           -0.000020            0.010686           -0.000000           -0.004526           21.454759            0.020221            0.000000            0.047743          -25.901130            0.000000           10.970275       -52004.263440
           43.110000           -0.000008           -0.000000           -0.000020            0.010815           -0.000000           -0.004206           19.940738            0.018794            0.000000            0.048323          -26.215540            0.000000           10.196124       -48334.422990
           43.130000           -0.000007           -0.000000           -0.000020            0.010936           -0.000000           -0.003883           18.409122            0.017351            0.000000            0.048860          -26.506818            0.000000            9.412976       -44621.932558
           43.150000           -0.000007           -0.000000           -0.000020            0.011046           -0.000000           -0.003557           16.861261            0.015892            0.000000            0.049353          -26.774705            0.000000            8.621521       -40870.068020
           43.170000           -0.000006           -0.000000           -0.000021            0.011147           -0.000000           -0.003227           15.298522            0.014419            0.000000            0.049804          -27.018968            0.000000            7.822460       -37082.139997
           43.190000           -0.000005           -0.000000           -0.000021            0.011238           -0.000000           -0.002895           13.722284            0.012933            0.000000            0.050210          -27.239388            0.000000            7.016496       -33261.490933
           43.210000           -0.000005           -0.000000           -0.000021            0.011319           -0.000000           -0.002560           12.133937            0.011436            0.000000            0.050572          -27.435773            0.000000            6.204340       -29411.492144
           43.230000           -0.000004           -0.000000           -0.000021            0.011390           -0.000000           -0.002222           10.534884            0.009929            0.000000            0.050889          -27.607949            0.000000            5.386710       -25535.540845
           43.250000           -0.000003           -0.000000           -0.000021            0.011451           -0.000000           -0.001883            8.926534            0.008413            0.000000            0.051162          -27.755763            0.000000            4.564327       -21637.057148
           43.270000           -0.000003           -0.000000           -0.000021            0.011502           -0.000000           -0.001542            7.310308            0.006890            0.000000            0.051389          -27.879087            0.000000            3.737916       -17719.481052
           43.290000           -0.000002           -0.000000           -0.000021            0.011542           -0.000000           -0.001200            5.687631            0.005361            0.000000            0.051571          -27.977809            0.000000            2.908207       -13786.269400
           43.310000           -0.000002           -0.000000           -0.000021            0.011573           -0.000000           -0.000856            4.059936            0.003827            0.000000            0.051708          -28.051845            0.000000            2.075932        -9840.892833
           43.330000           -0.000001           -0.000000           -0.000021            0.011593           -0.000000           -0.000512            2.428658            0.002289            0.000000            0.051798          -28.101127            0.000000            1.241825        -5886.832726
           43.350000           -0.000000           -0.000000           -0.000021            0.011603           -0.000000           -0.000168            0.795237            0.000750            0.000000            0.051844          -28.125614            0.000000            0.406622        -1927.578115
           43.370000            0.000000           -0.000000           -0.000021            0.011603            0.000000            0.000177           -0.838885           -0.000791            0.000000            0.051843          -28.125282           -0.000000           -0.428940         2033.377378
           43.390000            0.000001           -0.000000           -0.000021            0.011593            0.000000            0.000522           -2.472268           -0.002330            0.000000            0.051797          -28.100133           -0.000000           -1.264123         5992.538632
           43.410000            0.000002           -0.000000           -0.000021            0.011572            0.000000            0.000866           -4.103469           -0.003868            0.000000            0.051705          -28.050189           -0.000000           -2.098191         9946.412109
           43.430000            0.000002           -0.000000           -0.000021            0.011542            0.000000            0.001209           -5.731049           -0.005402            0.000000            0.051567          -27.975493           -0.000000           -2.930407        13891.508936
           43.450000            0.000003           -0.000000           -0.000021            0.011501            0.000000            0.001551           -7.353572           -0.006931            0.000000            0.051384          -27.876112           -0.000000           -3.760038        17824.347985
           43.470000            0.000003           -0.000000           -0.000021            0.011449            0.000000            0.001892           -8.969606           -0.008454            0.000000            0.051155          -27.752133           -0.000000           -4.586350        21741.458944
           43.490000            0.000004           -0.000000           -0.000021            0.011388            0.000000            0.002231          -10.577726           -0.009970            0.000000            0.050881          -27.603666           -0.000000           -5.408616        25639.385380
           43.510000            0.000005           -0.000000           -0.000021            0.011317            0.000000            0.002569          -12.176511           -0.011476            0.000000            0.050563          -27.430841           -0.000000           -6.226109        29514.687788
           43.530000            0.000005           -0.000000           -0.000021            0.011236            0.000000            0.002904          -13.764553           -0.012973            0.000000            0.050200          -27.233812           -0.000000           -7.038109        33363.946625
           43.550000            0.000006           -0.000000           -0.000021            0.011144            0.000000            0.003236          -15.340448           -0.014459            0.000000            0.049792          -27.012752           -0.000000           -7.843898        37183.765331
           43.570000            0.000007           -0.000000           -0.000020            0.011043            0.000000            0.003566          -16.902808           -0.015931            0.000000            0.049341          -26.767856           -0.000000           -8.642765        40970.773323
           43.590000            0.000007           -0.000000           -0.000020            0.010933            0.000000            0.003892          -18.450252           -0.017390            0.000000            0.048846          -26.499340           -0.000000           -9.434006        44721.628968
           43.610000            0.000008           -0.000000           -0.000020            0.010812            0.000000            0.004215          -19.981416           -0.018833            0.000000            0.048308          -26.207441           -0.000000          -10.216923        48433.022536
           43.630000            0.000008           -0.000000           -0.000020            0.010682            0.000000            0.004534          -21.494949           -0.020259            0.000000            0.047727          -25.892417           -0.000000          -10.990825        52101.679118
           43.650000            0.000009           -0.000000           -0.000019            0.010543            0.000000            0.004850          -22.989514           -0.021668            0.000000            0.047104          -25.554546           -0.000000          -11.755028        55724.361514
           43.670000            0.000010           -0.000000           -0.000019            0.010394            0.000000            0.005161          -24.463794           -0.023057            0.000000            0.046440          -25.194125           -0.000000          -12.508858        59297.873093
           43.690000            0.000010           -0.000000           -0.000019            0.010236            0.000000            0.005467          -25.916487           -0.024427            0.000000            0.045735          -24.811474           -0.000000          -13.251651        62819.060611
           43.710000            0.000011           -0.000000           -0.000019            0.010069            0.000000            0.005769          -27.346311           -0.025774            0.000000            0.044989          -24.406929           -0.000000          -13.982751        66284.816994
           43.730000            0.000011           -0.000000           -0.000018            0.009893            0.000000            0.006065          -28.752005           -0.027099            0.000000            0.044204          -23.980847           -0.000000          -14.701512        69692.084083
           43.750000            0.000012           -0.000000           -0.000018            0.009709            0.000000            0.006356          -30.132329           -0.028400            0.000000            0.043379          -23.533605           -0.000000          -15.407301        73037.855327
           43.770000            0.000012           -0.000000           -0.000018            0.009516            0.000000            0.006642          -31.486064           -0.029676            0.000000            0.042516          -23.065597           -0.000000          -16.099495        76319.178438
           43.790000            0.000013           -0.000000           -0.000017            0.009314            0.000000            0.006922          -32.812016           -0.030926            0.000000            0.041616          -22.577236           -0.000000          -16.777482        79533.157997
           43.810000            0.000013           -0.000000           -0.000017            0.009105            0.000000            0.007195          -34.109015           -0.032148            0.000000            0.040679          -22.068953           -0.000000          -17.440665        82676.958012
           43.830000            0.000014           -0.000000           -0.000016            0.008887            0.000000            0.007463          -35.375916           -0.033342            0.000000            0.039707          -21.541196           -0.000000          -18.088459        85747.804411
           43.850000            0.000014           -0.000000           -0.000016            0.008661            0.000000            0.007723          -36.611602           -0.034507            0.000000            0.038699          -20.994432           -0.000000          -18.720291        88742.987502
           43.870000            0.000015           -0.000000           -0.000016            0.008428            0.000000            0.007977          -37.814982           -0.035641            0.000000            0.037657          -20.429143           -0.000000          -19.335605        91659.864352
           43.890000            0.000015           -0.000000           -0.000015            0.008188            0.000000            0.008224          -38.984994           -0.036744            0.000000            0.036582          -19.845826           -0.000000          -19.933857        94495.861129
           43.910000            0.000016           -0.000000           -0.000015            0.007940            0.000000            0.008463          -40.120607           -0.037814            0.000000            0.035474          -19.244998           -0.000000          -20.514520        97248.475367
           43.930000            0.000016           -0.000000           -0.000014            0.007685            0.000000            0.008696          -41.220817           -0.038851            0.000000            0.034335          -18.627189           -0.000000          -21.077081        99915.278178
           43.950000            0.000016           -0.000000           -0.000014            0.007423            0.000000            0.008920          -42.284654           -0.039854            0.000000            0.033166          -17.992942           -0.000000          -21.621043       102493.916392
           43.970000            0.000017           -0.000000           -0.000013            0.007155            0.000000            0.009136          -43.311179           -0.040821            0.000000            0.031968          -17.342819           -0.000000          -22.145927       104982.114635
           43.990000            0.000017           -0.000000           -0.000013            0.006880            0.000000            0.009345          -44.299487           -0.041753            0.000000            0.030741          -16.677393           -0.000000          -22.651270       107377.677338
           44.010000            0.000018           -0.000000           -0.000012            0.006600            0.000000            0.009545          -45.248705           -0.042647            0.000000            0.029488          -15.997251           -0.000000          -23.136626       109678.490670
           44.030000            0.000018           -0.000000           -0.000012            0.006313            0.000000            0.009737          -46.157996           -0.043504            0.000000            0.028208          -15.302993           -0.000000          -23.601566       111882.524409
           44.050000            0.000018           -0.000000           -0.000011            0.006021            0.000000            0.009920          -47.026558           -0.044323            0.000000            0.026903          -14.595231           -0.000000          -24.045680       113987.833731
           44.070000            0.000019           -0.000000           -0.000011            0.005724            0.000000            0.010095          -47.853623           -0.045103            0.000000            0.025575          -13.874591           -0.000000          -24.468576       115992.560923
           44.090000            0.000019           -0.000000           -0.000010            0.005422            0.000000            0.010260          -48.638463           -0.045842            0.000000            0.024224          -13.141708           -0.000000          -24.869881       117894.937027
           44.110000            0.000019           -0.000000           -0.000009            0.005115            0.000000            0.010417          -49.380385           -0.046542            0.000000            0.022852          -12.397229           -0.000000          -25.249241       119693.283399
           44.130000            0.000019           -0.000000           -0.000009            0.004803            0.000000            0.010564          -50.078733           -0.047200            0.000000            0.021459          -11.641811           -0.000000          -25.606322       121386.013190
           44.150000            0.000020           -0.000000           -0.000008            0.004487            0.000000            0.010702          -50.732893           -0.047816            0.000000            0.020048          -10.876120           -0.000000          -25.940808       122971.632745
           44.170000            0.000020           -0.000000           -0.000008            0.004167            0.000000            0.010831          -51.342286           -0.048391            0.000000            0.018619          -10.100832           -0.000000          -26.252403       124448.742925
           44.190000            0.000020           -0.000000           -0.000007            0.003844            0.000000            0.010950          -51.906375           -0.048922            0.000000            0.017173           -9.316631           -0.000000          -26.540834       125816.040337
           44.210000            0.000020           -0.000000           -0.000006            0.003517            0.000000            0.011059          -52.424662           -0.049411            0.000000            0.015713           -8.524209           -0.000000          -26.805845       127072.318486
           44.230000            0.000021           -0.000000           -0.000006            0.003187            0.000000            0.011159          -52.896691           -0.049856            0.000000            0.014238           -7.724265           -0.000000          -27.047203       128216.468841
           44.250000            0.000021           -0.000000           -0.000005            0.002854            0.000000            0.011248          -53.322043           -0.050257            0.000000            0.012751           -6.917506           -0.000000          -27.264695       129247.481810
           44.270000            0.000021           -0.000000           -0.000005            0.002519            0.000000            0.011328          -53.700344           -0.050613            0.000000            0.011253           -6.104642           -0.000000          -27.458129       130164.447635
           44.290000            0.000021           -0.000000           -0.000004            0.002181            0.000000            0.011398          -54.031261           -0.050925            0.000000            0.009744           -5.286392           -0.000000          -27.627333       130966.557191
           44.310000            0.000021           -0.000000           -0.000003            0.001841            0.000000            0.011458          -54.314500           -0.051192            0.000000            0.008227           -4.463477           -0.000000          -27.772160       131653.102702
           44.330000            0.000021           -0.000000           -0.000003            0.001500            0.000000            0.011507          -54.549813           -0.051414            0.000000            0.006703           -3.636624           -0.000000          -27.892480       132223.478363
           44.350000            0.000021           -0.000000           -0.000002            0.001158            0.000000            0.011547          -54.736992           -0.051590            0.000000            0.005173           -2.806562           -0.000000          -27.988188       132677.180881
           44.370000            0.000021           -0.000000           -0.000002            0.000814            0.000000            0.011576          -54.875870           -0.051721            0.000000            0.003639           -1.974023           -0.000000          -28.059200       133013.809909
           44.390000            0.000021           -0.000000           -0.000001            0.000470            0.000000            0.011595          -54.966327           -0.051806            0.000000            0.002101           -1.139743           -0.000000          -28.105453       133233.068409
           44.410000            0.000021           -0.000000           -0.000000            0.000126            0.000000            0.011604          -55.008282           -0.051846            0.000000            0.000561           -0.304456           -0.000000          -28.126905       133334.762909
           44.430000            0.000021            0.000000            0.000000           -0.000219            0.000000            0.011603          -55.001698           -0.051840           -0.000000           -0.000979            0.531099           -0.000000          -28.123539       133318.803674
           44.450000            0.000021            0.000000            0.000001           -0.000564            0.000000            0.011591          -54.946581           -0.051788           -0.000000           -0.002518            1.366185           -0.000000          -28.095356       133185.204787
           44.470000            0.000021            0.000000            0.000002           -0.000908            0.000000            0.011569          -54.842979           -0.051690           -0.000000           -0.004055            2.200066           -0.000000          -28.042382       132934.084133
           44.490000            0.000021            0.000000            0.000002           -0.001251            0.000000            0.011537          -54.690984           -0.051547           -0.000000           -0.005589            3.032005           -0.000000          -27.964664       132565.663301
           44.510000            0.000021            0.000000            0.000003           -0.001593            0.000000            0.011495          -54.490730           -0.051358           -0.000000           -0.007117            3.861270           -0.000000          -27.862270       132080.267383
           44.530000            0.000021            0.000000            0.000004           -0.001934            0.000000            0.011442          -54.242394           -0.051124           -0.000000           -0.008640            4.687126           -0.000000          -27.735290       131478.324689
           44.550000            0.000021            0.000000            0.000004           -0.002273            0.000000            0.011380          -53.946195           -0.050845           -0.000000           -0.010154            5.508847           -0.000000          -27.583837       130760.366368
           44.570000            0.000021            0.000000            0.000005           -0.002610            0.000000            0.011307          -53.602394           -0.050521           -0.000000           -0.011660            6.325707           -0.000000          -27.408045       129927.025944
           44.590000            0.000021            0.000000            0.000005           -0.002944            0.000000            0.011225          -53.211295           -0.050152           -0.000000           -0.013156            7.136986           -0.000000          -27.208067       128979.038750
           44.610000            0.000021            0.000000            0.000006           -0.003277            0.000000            0.011132          -52.773242           -0.049739           -0.000000           -0.014639            7.941966           -0.000000          -26.984081       127917.241284
           44.630000            0.000020            0.000000            0.000007           -0.003606            0.000000            0.011030          -52.288622           -0.049283           -0.000000           -0.016110            8.739939           -0.000000          -26.736285       126742.570469
           44.650000            0.000020            0.000000            0.000007           -0.003932            0.000000            0.010918          -51.757864           -0.048782           -0.000000           -0.017567            9.530200           -0.000000          -26.464897       125456.062828
           44.670000            0.000020            0.000000            0.000008           -0.004254            0.000000            0.010797          -51.181434           -0.048239           -0.000000           -0.019008           10.312051           -0.000000          -26.170156       124058.853566
           44.690000            0.000020            0.000000            0.000008           -0.004573            0.000000            0.010666          -50.559843           -0.047653           -0.000000           -0.020432           11.084803           -0.000000          -25.852323       122552.175571
           44.710000            0.000019            0.000000            0.000009           -0.004888            0.000000            0.010525          -49.893637           -0.047025           -0.000000           -0.021839           11.847774           -0.000000          -25.511678       120937.358327
           44.730000            0.000019            0.000000            0.000010           -0.005198            0.000000            0.010375          -49.183406           -0.046356           -0.000000           -0.023226           12.600290           -0.000000          -25.148522       119215.826738
           44.750000            0.000019            0.000000            0.000010           -0.005504            0.000000            0.010216          -48.429776           -0.045646           -0.000000           -0.024593           13.341688           -0.000000          -24.763175       117389.099872
           44.770000            0.000019            0.000000            0.000011           -0.005805            0.000000            0.010048          -47.633412           -0.044895           -0.000000           -0.025937           14.071314           -0.000000          -24.355977       115458.789621
           44.790000            0.000018            0.000000            0.000011           -0.006101            0.000000            0.009871          -46.795016           -0.044105           -0.000000           -0.027259           14.788523           -0.000000          -23.927287       113426.599280
           44.810000            0.000018            0.000000            0.000012           -0.006392            0.000000            0.009686          -45.915329           -0.043276           -0.000000           -0.028557           15.492682           -0.000000          -23.477485       111294.322038
           44.830000            0.000017            0.000000            0.000012           -0.006676            0.000000            0.009492          -44.995126           -0.042408           -0.000000           -0.029830           16.183171           -0.000000          -23.006965       109063.839404
           44.850000            0.000017            0.000000            0.000013           -0.006955            0.000000            0.009289          -44.035220           -0.041504           -0.000000           -0.031077           16.859380           -0.000000          -22.516145       106737.119542
           44.870000            0.000017            0.000000            0.000013           -0.007228            0.000000            0.009079          -43.036457           -0.040562           -0.000000           -0.032296           17.520713           -0.000000          -22.005456       104316.215534
           44.890000            0.000016            0.000000            0.000014           -0.007495            0.000000            0.008860          -41.999719           -0.039585           -0.000000           -0.033486           18.166585           -0.000000          -21.475350       101803.263570
           44.910000            0.000016            0.000000            0.000014           -0.007755            0.000000            0.008633          -40.925922           -0.038573           -0.000000           -0.034647           18.796427           -0.000000          -20.926295        99200.481063
           44.930000            0.000015            0.000000            0.000015           -0.008008            0.000000            0.008399          -39.816011           -0.037527           -0.000000           -0.035778           19.409684           -0.000000          -20.358774        96510.164691
           44.950000            0.000015            0.000000            0.000015           -0.008254            0.000000            0.008158          -38.670967           -0.036448           -0.000000           -0.036876           20.005813           -0.000000          -19.773288        93734.688373
           44.970000            0.000015            0.000000            0.000016           -0.008492            0.000000            0.007909          -37.491800           -0.035336           -0.000000           -0.037943           20.584290           -0.000000          -19.170355        90876.501169
           44.990000            0.000014            0.000000            0.000016           -0.008723            0.000000            0.007653          -36.279550           -0.034194           -0.000000           -0.038976           21.144603           -0.000000          -18.550506        87938.125127
           45.010000            0.000014            0.000000            0.000016           -0.008947            0.000000            0.007391          -35.035287           -0.033021           -0.000000           -0.039974           21.686258           -0.000000          -17.914288        84922.153051
           45.030000            0.000013            0.000000            0.000017           -0.009162            0.000000            0.007122          -33.760110           -0.031819           -0.000000           -0.040937           22.208777           -0.000000          -17.262263        81831.246214
           45.050000            0.000013            0.000000            0.000017           -0.009370            0.000000            0.006846          -32.455143           -0.030589           -0.000000           -0.041864           22.711699           -0.000000          -16.595005        78668.132014
           45.070000            0.000012            0.000000            0.000018           -0.009569            0.000000            0.006565          -31.121538           -0.029332           -0.000000           -0.042754           23.194581           -0.000000          -15.913104        75435.601561
           45.090000            0.000012            0.000000            0.000018           -0.009760            0.000000            0.006278          -29.760471           -0.028050           -0.000000           -0.043607           23.656996           -0.000000          -15.217162        72136.507220
           45.110000            0.000011            0.000000            0.000018           -0.009942            0.000000            0.005985          -28.373144           -0.026742           -0.000000           -0.044420           24.098536           -0.000000          -14.507792        68773.760090
           45.130000            0.000010            0.000000            0.000019           -0.010115            0.000000            0.005687          -26.960780           -0.025411           -0.000000           -0.045195           24.518812           -0.000000          -13.785621        65350.327438
           45.150000            0.000010            0.000000            0.000019           -0.010280            0.000000            0.005384          -25.524627           -0.024057           -0.000000           -0.045930           24.917453           -0.000000          -13.051285        61869.230078
           45.170000            0.000009            0.000000            0.000019           -0.010435            0.000000            0.005077          -24.065951           -0.022682           -0.000000           -0.046624           25.294106           -0.000000          -12.305433        58333.539708
           45.190000            0.000009            0.000000            0.000020           -0.010581            0.000000            0.004765          -22.586039           -0.021288           -0.000000           -0.047277           25.648441           -0.000000          -11.548722        54746.376200
           45.210000            0.000008            0.000000            0.000020           -0.010718            0.000000            0.004448          -21.086197           -0.019874           -0.000000           -0.047889           25.980143           -0.000000          -10.781821        51110.904842
           45.230000            0.000008            0.000000            0.000020           -0.010846            0.000000            0.004128          -19.567749           -0.018443           -0.000000           -0.048458           26.288920           -0.000000          -10.005406        47430.333551
           45.250000            0.000007            0.000000            0.000020           -0.010964            0.000000            0.003804          -18.032035           -0.016995           -0.000000           -0.048984           26.574501           -0.000000           -9.220163        43707.910040
           45.270000            0.000006            0.000000            0.000020           -0.011072            0.000000            0.003477          -16.480409           -0.015533           -0.000000           -0.049468           26.836632           -0.000000           -8.426784        39946.918950
           45.290000            0.000006            0.000000            0.000021           -0.011170            0.000000            0.003146          -14.914241           -0.014057           -0.000000           -0.049907           27.075082           -0.000000           -7.625969        36150.678958
           45.310000            0.000005            0.000000            0.000021           -0.011259            0.000000            0.002813          -13.334912           -0.012568           -0.000000           -0.050303           27.289642           -0.000000           -6.818424        32322.539839
           45.330000            0.000005            0.000000            0.000021           -0.011337            0.000000            0.002477          -11.743818           -0.011069           -0.000000           -0.050654           27.480122           -0.000000           -6.004864        28465.879519
           45.350000            0.000004            0.000000            0.000021           -0.011406            0.000000            0.002140          -10.142360           -0.009559           -0.000000           -0.050960           27.646353           -0.000000           -5.186004        24584.101091
           45.370000            0.000003            0.000000            0.000021           -0.011464            0.000000            0.001800           -8.531953           -0.008041           -0.000000           -0.051222           27.788190           -0.000000           -4.362569        20680.629811
           45.390000            0.000003            0.000000            0.000021           -0.011513            0.000000            0.001459           -6.914017           -0.006517           -0.000000           -0.051438           27.905506           -0.000000           -3.535284        16758.910076
           45.410000            0.000002            0.000000            0.000021           -0.011551            0.000000            0.001116           -5.289981           -0.004986           -0.000000           -0.051609           27.998198           -0.000000           -2.704880        12822.402387
           45.430000            0.000001            0.000000            0.000021           -0.011579            0.000000            0.000772           -3.661276           -0.003451           -0.000000           -0.051734           28.066186           -0.000000           -1.872089         8874.580293
           45.450000            0.000001            0.000000            0.000021           -0.011597            0.000000            0.000428           -2.029341           -0.001913           -0.000000           -0.051814           28.109407           -0.000000           -1.037645         4918.927327
           45.470000            0.000000            0.000000            0.000021           -0.011604            0.000000            0.000083           -0.395616           -0.000373           -0.000000           -0.051848           28.127825           -0.000000           -0.202287          958.933931
           45.490000           -0.000000            0.000000            0.000021           -0.011602           -0.000000           -0.000261            1.238459            0.001167           -0.000000           -0.051836           28.121424            0.000000            0.633251        -3001.905622
           45.510000           -0.000001            0.000000            0.000021           -0.011589           -0.000000           -0.000606            2.871441            0.002706           -0.000000           -0.051778           28.090208            0.000000            1.468229        -6960.096314
           45.530000           -0.000002            0.000000            0.000021           -0.011566           -0.000000           -0.000950            4.501890            0.004243           -0.000000           -0.051675           28.034206            0.000000            2.301912       -10912.145461
           45.550000           -0.000002            0.000000            0.000021           -0.011532           -0.000000           -0.001293            6.128365            0.005776           -0.000000           -0.051526           27.953466            0.000000            3.133564       -14854.565801
           45.570000           -0.000003            0.000000            0.000021           -0.011489           -0.000000           -0.001635            7.749434            0.007304           -0.000000           -0.051332           27.848060            0.000000            3.962450       -18783.878568
           45.590000           -0.000004            0.000000            0.000021           -0.011435           -0.000000           -0.001975            9.363664            0.008825           -0.000000           -0.051092           27.718082            0.000000            4.787841       -22696.616562
           45.610000           -0.000004            0.000000            0.000021           -0.011372           -0.000000           -0.002314           10.969631            0.010339           -0.000000           -0.050808           27.563645            0.000000            5.609006       -26589.327208
           45.630000           -0.000005            0.000000            0.000021           -0.011298           -0.000000           -0.002651           12.565920            0.011844           -0.000000           -0.050478           27.384886            0.000000            6.425222       -30458.575603
           45.650000           -0.000006            0.000000            0.000021           -0.011214           -0.000000           -0.002985           14.151120            0.013338           -0.000000           -0.050104           27.181963            0.000000            7.235769       -34300.947547
           45.670000           -0.000006            0.000000            0.000020           -0.011121           -0.000000           -0.003317           15.723833            0.014820           -0.000000           -0.049686           26.955055            0.000000            8.039930       -38113.052556
           45.690000           -0.000007            0.000000            0.000020           -0.011017           -0.000000           -0.003646           17.282672            0.016289           -0.000000           -0.049224           26.704362            0.000000            8.836998       -41891.526854
           45.710000           -0.000007            0.000000            0.000020           -0.010904           -0.000000           -0.003971           18.826260            0.017744           -0.000000           -0.048718           26.430105            0.000000            9.626267       -45633.036338
           45.730000           -0.000008            0.000000            0.000020           -0.010781           -0.000000           -0.004294           20.353237            0.019183           -0.000000           -0.048170           26.132527            0.000000           10.407043       -49334.279526
           45.750000           -0.000009            0.000000            0.000020           -0.010649           -0.000000           -0.004612           21.862253            0.020605           -0.000000           -0.047579           25.811889            0.000000           11.178635       -52991.990463
           45.770000           -0.000009            0.000000            0.000019           -0.010507           -0.000000           -0.004926           23.351979            0.022010           -0.000000           -0.046946           25.468475            0.000000           11.940364       -56602.941610
           45.790000           -0.000010            0.000000            0.000019           -0.010356           -0.000000           -0.005236           24.821099            0.023394           -0.000000           -0.046271           25.102587            0.000000           12.691556       -60163.946686
           45.810000           -0.000010            0.000000            0.000019           -0.010196           -0.000000           -0.005541           26.268317            0.024758           -0.000000           -0.045556           24.714550            0.000000           13.431549       -63671.863483
           45.830000           -0.000011            0.000000            0.000018           -0.010027           -0.000000           -0.005842           27.692356            0.026100           -0.000000           -0.044801           24.304704            0.000000           14.159691       -67123.596639
           45.850000           -0.000011            0.000000            0.000018           -0.009849           -0.000000           -0.006137           29.091960            0.027419           -0.000000           -0.044006           23.873412            0.000000           14.875338       -70516.100366
           45.870000           -0.000012            0.000000            0.000018           -0.009663           -0.000000           -0.006427           30.465893            0.028714           -0.000000           -0.043172           23.421054            0.000000           15.577859       -73846.381141
           45.890000           -0.000012            0.000000            0.000017           -0.009467           -0.000000           -0.006711           31.812943            0.029984           -0.000000           -0.042300           22.948030            0.000000           16.266634       -77111.500345
           45.910000           -0.000013            0.000000            0.000017           -0.009264           -0.000000           -0.006989           33.131921            0.031227           -0.000000           -0.041391           22.454757            0.000000           16.941056       -80308.576859
           45.930000           -0.000013            0.000000            0.000017           -0.009052           -0.000000           -0.007261           34.421664            0.032443           -0.000000           -0.040445           21.941669            0.000000           17.600529       -83434.789603
           45.950000           -0.000014            0.000000            0.000016           -0.008833           -0.000000           -0.007527           35.681034            0.033630           -0.000000           -0.039463           21.409221            0.000000           18.244472       -86487.380026
           45.970000           -0.000014            0.000000            0.000016           -0.008605           -0.000000           -0.007786           36.908919            0.034787           -0.000000           -0.038447           20.857881            0.000000           18.872316       -89463.654543
           45.990000           -0.000015            0.000000            0.000015           -0.008370           -0.000000           -0.008038           38.104236            0.035914           -0.000000           -0.037397           20.288136            0.000000           19.483506       -92360.986907
           46.010000           -0.000015            0.000000            0.000015           -0.008128           -0.000000           -0.008283           39.265929            0.037009           -0.000000           -0.036314           19.700489            0.000000           20.077505       -95176.820533
           46.030000           -0.000016            0.000000            0.000015           -0.007878           -0.000000           -0.008521           40.392975            0.038071           -0.000000           -0.035198           19.095459            0.000000           20.653788       -97908.670746
           46.050000           -0.000016            0.000000            0.000014           -0.007621           -0.000000           -0.008751           41.484379            0.039099           -0.000000           -0.034052           18.473578            0.000000           21.211845      -100554.126980
           46.070000           -0.000017            0.000000            0.000014           -0.007358           -0.000000           -0.008974           42.539176            0.040094           -0.000000           -0.032876           17.835397            0.000000           21.751186      -103110.854900
           46.090000           -0.000017            0.000000            0.000013           -0.007088           -0.000000           -0.009188           43.556438            0.041052           -0.000000           -0.031670           17.181478            0.000000           22.271333      -105576.598467
           46.110000           -0.000017            0.000000            0.000013           -0.006812           -0.000000           -0.009395           44.535265            0.041975           -0.000000           -0.030437           16.512398            0.000000           22.771829      -107949.181924
           46.130000           -0.000018            0.000000            0.000012           -0.006530           -0.000000           -0.009593           45.474795            0.042861           -0.000000           -0.029177           15.828748            0.000000           23.252230      -110226.511720
           46.150000           -0.000018            0.000000            0.000012           -0.006242           -0.000000           -0.009783           46.374199            0.043708           -0.000000           -0.027891           15.131131            0.000000           23.712114      -112406.578352
           46.170000           -0.000018            0.000000            0.000011           -0.005949           -0.000000           -0.009964           47.232682            0.044517           -0.000000           -0.026580           14.420161            0.000000           24.151075      -114487.458144
           46.190000           -0.000019            0.000000            0.000010           -0.005651           -0.000000           -0.010136           48.049487            0.045287           -0.000000           -0.025247           13.696468            0.000000           24.568725      -116467.314942
           46.210000           -0.000019            0.000000            0.000010           -0.005347           -0.000000           -0.010299           48.823893            0.046017           -0.000000           -0.023890           12.960689            0.000000           24.964696      -118344.401732
           46.230000           -0.000019            0.000000            0.000009           -0.005039           -0.000000           -0.010454           49.555218            0.046706           -0.000000           -0.022513           12.213474            0.000000           25.338637      -120117.062185
           46.250000           -0.000020            0.000000            0.000009           -0.004726           -0.000000           -0.010599           50.242815            0.047354           -0.000000           -0.021116           11.455481            0.000000           25.690221      -121783.732117
           46.270000           -0.000020            0.000000            0.000008           -0.004409           -0.000000           -0.010734           50.886079            0.047961           -0.000000           -0.019700           10.687380            0.000000           26.019135      -123342.940870
           46.290000           -0.000020            0.000000            0.000008           -0.004088           -0.000000           -0.010861           51.484441            0.048525           -0.000000           -0.018267            9.909849            0.000000           26.325090      -124793.312606
           46.310000           -0.000020            0.000000            0.000007           -0.003764           -0.000000           -0.010977           52.037374            0.049046           -0.000000           -0.016817            9.123574            0.000000           26.607816      -126133.567529
           46.330000           -0.000020            0.000000            0.000006           -0.003436           -0.000000           -0.011084           52.544389            0.049524           -0.000000           -0.015353            8.329247            0.000000           26.867064      -127362.523005
           46.350000           -0.000021            0.000000            0.000006           -0.003106           -0.000000           -0.011181           53.005039            0.049958           -0.000000           -0.013875            7.527571            0.000000           27.102604      -128479.094612
           46.370000           -0.000021            0.000000            0.000005           -0.002772           -0.000000           -0.011269           53.418918            0.050348           -0.000000           -0.012386            6.719253            0.000000           27.314229      -129482.297094
           46.390000           -0.000021            0.000000            0.000004           -0.002436           -0.000000           -0.011346           53.785660            0.050694           -0.000000           -0.010885            5.905006            0.000000           27.501752      -130371.245233
           46.410000           -0.000021            0.000000            0.000004           -0.002098           -0.000000           -0.011413           54.104942            0.050995           -0.000000           -0.009374            5.085548            0.000000           27.665008      -131145.154625
           46.430000           -0.000021            0.000000            0.000003           -0.001758           -0.000000           -0.011471           54.376483            0.051250           -0.000000           -0.007855            4.261603            0.000000           27.803853      -131803.342379
           46.450000           -0.000021            0.000000            0.000003           -0.001417           -0.000000           -0.011518           54.600042            0.051461           -0.000000           -0.006330            3.433898            0.000000           27.918163      -132345.227714
           46.470000           -0.000021            0.000000            0.000002           -0.001074           -0.000000           -0.011555           54.775422            0.051626           -0.000000           -0.004798            2.603162            0.000000           28.007839      -132770.332473
           46.490000           -0.000021            0.000000            0.000001           -0.000730           -0.000000           -0.011582           54.902469            0.051746           -0.000000           -0.003263            1.770129            0.000000           28.072800      -133078.281547
           46.510000           -0.000021            0.000000            0.000001           -0.000386           -0.000000           -0.011598           54.981070            0.051820           -0.000000           -0.001724            0.935535            0.000000           28.112991      -133268.803204
           46.530000           -0.000021            0.000000            0.000000           -0.000041           -0.000000           -0.011605           55.011156            0.051849           -0.000000           -0.000185            0.100114            0.000000           28.128375      -133341.729328
           46.550000           -0.000021           -0.000000           -0.000001            0.000303           -0.000000           -0.011601           54.992701            0.051831            0.000000            0.001356           -0.735394            0.000000           28.118938      -133296.995570
           46.570000           -0.000021           -0.000000           -0.000001            0.000648           -0.000000           -0.011587           54.925720            0.051768            0.000000            0.002894           -1.570254            0.000000           28.084690      -133134.641403
           46.590000           -0.000021           -0.000000           -0.000002            0.000992           -0.000000           -0.011562           54.810274            0.051659            0.000000            0.004431           -2.403728            0.000000           28.025659      -132854.810086
           46.610000           -0.000021           -0.000000           -0.000002            0.001335           -0.000000           -0.011528           54.646463            0.051505            0.000000            0.005963           -3.235080            0.000000           27.941899      -132457.748543
           46.630000           -0.000021           -0.000000           -0.000003            0.001676           -0.000000           -0.011483           54.434433            0.051305            0.000000            0.007490           -4.063579            0.000000           27.833484      -131943.807136
           46.650000           -0.000021           -0.000000           -0.000004            0.002017           -0.000000           -0.011428           54.174370            0.051060            0.000000            0.009011           -4.888491            0.000000           27.700508      -131313.439364
           46.670000           -0.000021           -0.000000           -0.000004            0.002355           -0.000000           -0.011363           53.866503            0.050770            0.000000            0.010523           -5.709091            0.000000           27.543089      -130567.201461
           46.690000           -0.000021           -0.000000           -0.000005            0.002692           -0.000000           -0.011288           53.511106            0.050435            0.000000            0.012027           -6.524652            0.000000           27.361367      -129705.751901
           46.710000           -0.000021           -0.000000           -0.000006            0.003026           -0.000000           -0.011203           53.108490            0.050055            0.000000            0.013519           -7.334456            0.000000           27.155501      -128729.850822
           46.730000           -0.000020           -0.000000           -0.000006            0.003357           -0.000000           -0.011108           52.659012            0.049632            0.000000            0.015000           -8.137788            0.000000           26.925673      -127640.359353
           46.750000           -0.000020           -0.000000           -0.000007            0.003686           -0.000000           -0.011004           52.163068            0.049164            0.000000            0.016468           -8.933940            0.000000           26.672087      -126438.238854
           46.770000           -0.000020           -0.000000           -0.000007            0.004011           -0.000000           -0.010889           51.621096            0.048653            0.000000            0.017921           -9.722208            0.000000           26.394965      -125124.550068
           46.790000           -0.000020           -0.000000           -0.000008            0.004333           -0.000000           -0.010766           51.033573            0.048100            0.000000            0.019358          -10.501897            0.000000           26.094552      -123700.452186
           46.810000           -0.000020           -0.000000           -0.000009            0.004650           -0.000000           -0.010632           50.401019            0.047504            0.000000            0.020778          -11.272320            0.000000           25.771113      -122167.201823
           46.830000           -0.000019           -0.000000           -0.000009            0.004964           -0.000000           -0.010489           49.723991            0.046865            0.000000            0.022180          -12.032796            0.000000           25.424935      -120526.151909
           46.850000           -0.000019           -0.000000           -0.000010            0.005274           -0.000000           -0.010337           49.003087            0.046186            0.000000            0.023562          -12.782654            0.000000           25.056321      -118778.750496
           46.870000           -0.000019           -0.000000           -0.000010            0.005578           -0.000000           -0.010176           48.238943            0.045466            0.000000            0.024923          -13.521233            0.000000           24.665598      -116926.539479
           46.890000           -0.000018           -0.000000           -0.000011            0.005878           -0.000000           -0.010006           47.432234            0.044705            0.000000            0.026263          -14.247881            0.000000           24.253110      -114971.153238
           46.910000           -0.000018           -0.000000           -0.000011            0.006173           -0.000000           -0.009827           46.583670            0.043906            0.000000            0.027579          -14.961957            0.000000           23.819222      -112914.317193
           46.930000           -0.000018           -0.000000           -0.000012            0.006462           -0.000000           -0.009639           45.694001            0.043067            0.000000            0.028871          -15.662830            0.000000           23.364315      -110757.846283
           46.950000           -0.000017           -0.000000           -0.000012            0.006745           -0.000000           -0.009443           44.764013            0.042191            0.000000            0.030138          -16.349883            0.000000           22.888792      -108503.643363
           46.970000           -0.000017           -0.000000           -0.000013            0.007023           -0.000000           -0.009238           43.794524            0.041277            0.000000            0.031377          -17.022509            0.000000           22.393072      -106153.697528
           46.990000           -0.000017           -0.000000           -0.000013            0.007294           -0.000000           -0.009026           42.786392            0.040327            0.000000            0.032589          -17.680114            0.000000           21.877593      -103710.082355
           47.010000           -0.000016           -0.000000           -0.000014            0.007559           -0.000000           -0.008805           41.740506            0.039341            0.000000            0.033773          -18.322118            0.000000           21.342809      -101174.954074
           47.030000           -0.000016           -0.000000           -0.000014            0.007817           -0.000000           -0.008577           40.657787            0.038320            0.000000            0.034926          -18.947955            0.000000           20.789192       -98550.549667
           47.050000           -0.000015           -0.000000           -0.000015            0.008068           -0.000000           -0.008341           39.539193            0.037266            0.000000            0.036049          -19.557072            0.000000           20.217231       -95839.184889
           47.070000           -0.000015           -0.000000           -0.000015            0.008313           -0.000000           -0.008097           38.385709            0.036179            0.000000            0.037140          -20.148932            0.000000           19.627430       -93043.252233
           47.090000           -0.000014           -0.000000           -0.000016            0.008549           -0.000000           -0.007847           37.198355            0.035060            0.000000            0.038198          -20.723013            0.000000           19.020310       -90165.218812
           47.110000           -0.000014           -0.000000           -0.000016            0.008779           -0.000000           -0.007590           35.978176            0.033910            0.000000            0.039223          -21.278809            0.000000           18.396407       -87207.624182
           47.130000           -0.000014           -0.000000           -0.000017            0.009000           -0.000000           -0.007325           34.726251            0.032730            0.000000            0.040213          -21.815827            0.000000           17.756271       -84173.078108
           47.150000           -0.000013           -0.000000           -0.000017            0.009214           -0.000000           -0.007055           33.443683            0.031521            0.000000            0.041167          -22.333596            0.000000           17.100467       -81064.258252
           47.170000           -0.000012           -0.000000           -0.000017            0.009419           -0.000000           -0.006778           32.131605            0.030284            0.000000            0.042085          -22.831658            0.000000           16.429573       -77883.907818
           47.190000           -0.000012           -0.000000           -0.000018            0.009617           -0.000000           -0.006495           30.791175            0.029021            0.000000            0.042966          -23.309573            0.000000           15.744183       -74634.833125
           47.210000           -0.000011           -0.000000           -0.000018            0.009805           -0.000000           -0.006207           29.423574            0.027732            0.000000            0.043809          -23.766920            0.000000           15.044899       -71319.901137
           47.230000           -0.000011           -0.000000           -0.000018            0.009985           -0.000000           -0.005913           28.030010            0.026419            0.000000            0.044614          -24.203295            0.000000           14.332341       -67942.036929
           47.250000           -0.000010           -0.000000           -0.000019            0.010156           -0.000000           -0.005614           26.611713            0.025082            0.000000            0.045379          -24.618314            0.000000           13.607135       -64504.221105
           47.270000           -0.000010           -0.000000           -0.000019            0.010319           -0.000000           -0.005310           25.169933            0.023723            0.000000            0.046104          -25.011609            0.000000           12.869922       -61009.487172
           47.290000           -0.000009           -0.000000           -0.000019            0.010472           -0.000000           -0.005001           23.705944            0.022343            0.000000            0.046788          -25.382834            0.000000           12.121354       -57460.918862
           47.310000           -0.000009           -0.000000           -0.000020            0.010616           -0.000000           -0.004688           22.221037            0.020944            0.000000            0.047431          -25.731662            0.000000           11.362089       -53861.647407
           47.330000           -0.000008           -0.000000           -0.000020            0.010750           -0.000000           -0.004370           20.716522            0.019526            0.000000            0.048032          -26.057784            0.000000           10.592799       -50214.848781
           47.350000           -0.000007           -0.000000           -0.000020            0.010875           -0.000000           -0.004049           19.193727            0.018090            0.000000            0.048591          -26.360913            0.000000            9.814161       -46523.740898
           47.370000           -0.000007           -0.000000           -0.000020            0.010991           -0.000000           -0.003724           17.653996            0.016639            0.000000            0.049107          -26.640781            0.000000            9.026864       -42791.580765
           47.390000           -0.000006           -0.000000           -0.000020            0.011097           -0.000000           -0.003396           16.098687            0.015173            0.000000            0.049579          -26.897142            0.000000            8.231601       -39021.661617
           47.410000           -0.000006           -0.000000           -0.000021            0.011193           -0.000000           -0.003065           14.529172            0.013694            0.000000            0.050008          -27.129768            0.000000            7.429075       -35217.310007
           47.430000           -0.000005           -0.000000           -0.000021            0.011279           -0.000000           -0.002731           12.946837            0.012203            0.000000            0.050393          -27.338456            0.000000            6.619993       -31381.882869
           47.450000           -0.000004           -0.000000           -0.000021            0.011355           -0.000000           -0.002395           11.353078            0.010700            0.000000            0.050733          -27.523020            0.000000            5.805070       -27518.764560
           47.470000           -0.000004           -0.000000           -0.000021            0.011421           -0.000000           -0.002057            9.749301            0.009189            0.000000            0.051028          -27.683298            0.000000            4.985025       -23631.363871
           47.490000           -0.000003           -0.000000           -0.000021            0.011477           -0.000000           -0.001716            8.136921            0.007669            0.000000            0.051279          -27.819149            0.000000            4.160581       -19723.111019
           47.510000           -0.000003           -0.000000           -0.000021            0.011523           -0.000000           -0.001375            6.517361            0.006143            0.000000            0.051484          -27.930452            0.000000            3.332466       -15797.454621
           47.530000           -0.000002           -0.000000           -0.000021            0.011559           -0.000000           -0.001032            4.892051            0.004611            0.000000            0.051644          -28.017110            0.000000            2.501410       -11857.858651
           47.550000           -0.000001           -0.000000           -0.000021            0.011584           -0.000000           -0.000688            3.262423            0.003075            0.000000            0.051758          -28.079045            0.000000            1.668147        -7907.799383
           47.570000           -0.000001           -0.000000           -0.000021            0.011600           -0.000000           -0.000344            1.629917            0.001536            0.000000            0.051826          -28.116204            0.000000            0.833411        -3950.762324
           47.590000            0.000000           -0.000000           -0.000021            0.011605            0.000000            0.000001           -0.004027           -0.000004            0.000000            0.051849          -28.128553           -0.000000           -0.002059            9.760863
           47.610000            0.000001           -0.000000           -0.000021            0.011600            0.000000            0.000346           -1.637968           -0.001544            0.000000            0.051826          -28.116081           -0.000000           -0.837528         3970.275436
           47.630000            0.000001           -0.000000           -0.000021            0.011584            0.000000            0.000690           -3.270463           -0.003082            0.000000            0.051757          -28.078801           -0.000000           -1.672257         7927.286664
           47.650000            0.000002           -0.000000           -0.000021            0.011559            0.000000            0.001034           -4.900073           -0.004618            0.000000            0.051643          -28.016743           -0.000000           -2.505511        11877.302906
           47.670000            0.000003           -0.000000           -0.000021            0.011523            0.000000            0.001377           -6.525358           -0.006150            0.000000            0.051483          -27.929964           -0.000000           -3.336555        15816.838692
           47.690000            0.000003           -0.000000           -0.000021            0.011477            0.000000            0.001718           -8.144886           -0.007677            0.000000            0.051278          -27.818540           -0.000000           -4.164654        19742.417801
           47.710000            0.000004           -0.000000           -0.000021            0.011421            0.000000            0.002058           -9.757227           -0.009196            0.000000            0.051027          -27.682568           -0.000000           -4.989078        23650.576329
           47.730000            0.000004           -0.000000           -0.000021            0.011354            0.000000            0.002397          -11.360958           -0.010708            0.000000            0.050731          -27.522170           -0.000000           -5.809100        27537.865740
           47.750000            0.000005           -0.000000           -0.000021            0.011278            0.000000            0.002733          -12.954665           -0.012210            0.000000            0.050391          -27.337486           -0.000000           -6.623996        31400.855916
           47.770000            0.000006           -0.000000           -0.000021            0.011192            0.000000            0.003067          -14.536940           -0.013701            0.000000            0.050006          -27.128680           -0.000000           -7.433047        35236.138180
           47.790000            0.000006           -0.000000           -0.000020            0.011096            0.000000            0.003398          -16.106388           -0.015180            0.000000            0.049577          -26.895936           -0.000000           -8.235539        39040.328302
           47.810000            0.000007           -0.000000           -0.000020            0.010990            0.000000            0.003726          -17.661623           -0.016646            0.000000            0.049104          -26.639459           -0.000000           -9.030764        42810.069491
           47.830000            0.000007           -0.000000           -0.000020            0.010875            0.000000            0.004050          -19.201275           -0.018097            0.000000            0.048588          -26.359476           -0.000000           -9.818020        46542.035350
           47.850000            0.000008           -0.000000           -0.000020            0.010750            0.000000            0.004372          -20.723983           -0.019533            0.000000            0.048029          -26.056233           -0.000000          -10.596613        50232.932817
           47.870000            0.000009           -0.000000           -0.000020            0.010615            0.000000            0.004689          -22.228404           -0.020951            0.000000            0.047428          -25.729998           -0.000000          -11.365856        53879.505069
           47.890000            0.000009           -0.000000           -0.000019            0.010471            0.000000            0.005002          -23.713212           -0.022350            0.000000            0.046785          -25.381059           -0.000000          -12.125070        57478.534393
           47.910000            0.000010           -0.000000           -0.000019            0.010318            0.000000            0.005311          -25.177094           -0.023730            0.000000            0.046100          -25.009724           -0.000000          -12.873584        61026.845028
           47.930000            0.000010           -0.000000           -0.000019            0.010156            0.000000            0.005615          -26.618761           -0.025088            0.000000            0.045375          -24.616321           -0.000000          -13.610739        64521.305969
           47.950000            0.000011           -0.000000           -0.000018            0.009984            0.000000            0.005914          -28.036940           -0.026425            0.000000            0.044610          -24.201197           -0.000000          -14.335884        67958.833726
           47.970000            0.000011           -0.000000           -0.000018            0.009804            0.000000            0.006208          -29.430379           -0.027738            0.000000            0.043805          -23.764717           -0.000000          -15.048379        71336.395046
           47.990000            0.000012           -0.000000           -0.000018            0.009616            0.000000            0.006497          -30.797848           -0.029027            0.000000            0.042962          -23.307268           -0.000000          -15.747595        74651.009591
           48.010000            0.000012           -0.000000           -0.000017            0.009418            0.000000            0.006780          -32.138142           -0.030291            0.000000            0.042081          -22.829252           -0.000000          -16.432916        77899.752567
           48.030000            0.000013           -0.000000           -0.000017            0.009213            0.000000            0.007056          -33.450078           -0.031527            0.000000            0.041163          -22.331092           -0.000000          -17.103736        81079.757304
           48.050000            0.000014           -0.000000           -0.000017            0.008999            0.000000            0.007327          -34.732497           -0.032736            0.000000            0.040208          -21.813228           -0.000000          -17.759465        84188.217785
           48.070000            0.000014           -0.000000           -0.000016            0.008778            0.000000            0.007591          -35.984268           -0.033916            0.000000            0.039218          -21.276115           -0.000000          -18.399522        87222.391126
           48.090000            0.000014           -0.000000           -0.000016            0.008548            0.000000            0.007848          -37.204288           -0.035065            0.000000            0.038193          -20.720229           -0.000000          -19.023344        90179.599992
           48.110000            0.000015           -0.000000           -0.000015            0.008311            0.000000            0.008099          -38.391478           -0.036184            0.000000            0.037135          -20.146059           -0.000000          -19.630380        93057.234960
           48.130000            0.000015           -0.000000           -0.000015            0.008067            0.000000            0.008342          -39.544792           -0.037271            0.000000            0.036044          -19.554112           -0.000000          -20.220094        95852.756825
           48.150000            0.000016           -0.000000           -0.000014            0.007816            0.000000            0.008578          -40.663212           -0.038326            0.000000            0.034921          -18.944911           -0.000000          -20.791966        98563.698834
           48.170000            0.000016           -0.000000           -0.000014            0.007558            0.000000            0.008806          -41.745751           -0.039346            0.000000            0.033767          -18.318993           -0.000000          -21.345491       101187.668872
           48.200000            0.000017           -0.000000           -0.000013            0.007158            0.000000            0.009134          -43.300202           -0.040811            0.000000            0.031981          -17.349984           -0.000000          -22.140315       104955.508088
           48.220000            0.000017           -0.000000           -0.000013            0.006883            0.000000            0.009343          -44.288931           -0.041743            0.000000            0.030755          -16.684721           -0.000000          -22.645873       107352.091320
           48.240000            0.000018           -0.000000           -0.000012            0.006603            0.000000            0.009543          -45.238580           -0.042638            0.000000            0.029501          -16.004736           -0.000000          -23.131448       109653.947759
           48.260000            0.000018           -0.000000           -0.000012            0.006317            0.000000            0.009735          -46.148310           -0.043495            0.000000            0.028222          -15.310629           -0.000000          -23.596613       111859.046261
           48.280000            0.000018           -0.000000           -0.000011            0.006025            0.000000            0.009918          -47.017319           -0.044314            0.000000            0.026918          -14.603011           -0.000000          -24.040956       113965.441063
           48.300000            0.000019           -0.000000           -0.000011            0.005727            0.000000            0.010093          -47.844841           -0.045094            0.000000            0.025589          -13.882508           -0.000000          -24.464085       115971.273494
           48.320000            0.000019           -0.000000           -0.000010            0.005425            0.000000            0.010259          -48.630145           -0.045834            0.000000            0.024239          -13.149755           -0.000000          -24.865628       117874.773622
           48.340000            0.000019           -0.000000           -0.000009            0.005118            0.000000            0.010415          -49.372537           -0.046534            0.000000            0.022867          -12.405398           -0.000000          -25.245229       119674.261809
           48.360000            0.000019           -0.000000           -0.000009            0.004806            0.000000            0.010563          -50.071364           -0.047193            0.000000            0.021474          -11.650095           -0.000000          -25.602554       121368.150200
           48.380000            0.000020           -0.000000           -0.000008            0.004490            0.000000            0.010701          -50.726008           -0.047810            0.000000            0.020063          -10.884513           -0.000000          -25.937287       122954.944117
           48.400000            0.000020           -0.000000           -0.000008            0.004171            0.000000            0.010829          -51.335892           -0.048385            0.000000            0.018634          -10.109325           -0.000000          -26.249134       124433.243385
           48.420000            0.000020           -0.000000           -0.000007            0.003847            0.000000            0.010948          -51.900477           -0.048917            0.000000            0.017189           -9.325218           -0.000000          -26.537818       125801.743561
           48.430000            0.000020           -0.000000           -0.000007            0.003684            0.000000            0.011004          -52.165625           -0.049167            0.000000            0.016461           -8.930035           -0.000000          -26.673394       126444.437815
           48.450000            0.000020           -0.000000           -0.000006            0.003356            0.000000            0.011109          -52.661342           -0.049634            0.000000            0.014993           -8.133846           -0.000000          -26.926864       127646.005757
           48.470000            0.000021           -0.000000           -0.000006            0.003024            0.000000            0.011204          -53.110590           -0.050057            0.000000            0.013512           -7.330480           -0.000000          -27.156575       128734.939688
           48.490000            0.000021           -0.000000           -0.000005            0.002690            0.000000            0.011289          -53.512973           -0.050437            0.000000            0.012019           -6.520646           -0.000000          -27.362322       129710.278737
           48.510000            0.000021           -0.000000           -0.000004            0.002354            0.000000            0.011363          -53.868137           -0.050771            0.000000            0.010516           -5.705058           -0.000000          -27.543925       130571.162274
           48.530000            0.000021           -0.000000           -0.000004            0.002015            0.000000            0.011428          -54.175769           -0.051061            0.000000            0.009003           -4.884436           -0.000000          -27.701223       131316.830659
           48.550000            0.000021           -0.000000           -0.000003            0.001675            0.000000            0.011483          -54.435595           -0.051306            0.000000            0.007483           -4.059504           -0.000000          -27.834078       131946.625919
           48.570000            0.000021           -0.000000           -0.000002            0.001333            0.000000            0.011528          -54.647389           -0.051506            0.000000            0.005956           -3.230990           -0.000000          -27.942373       132459.992327
           48.590000            0.000021           -0.000000           -0.000002            0.000990            0.000000            0.011562          -54.810962           -0.051660            0.000000            0.004423           -2.399624           -0.000000          -28.026011       132856.476893
           48.610000            0.000021           -0.000000           -0.000001            0.000646            0.000000            0.011587          -54.926169           -0.051769            0.000000            0.002887           -1.566142           -0.000000          -28.084919       133135.729760
           48.630000            0.000021           -0.000000           -0.000001            0.000302            0.000000            0.011601          -54.992911           -0.051831            0.000000            0.001348           -0.731277           -0.000000          -28.119045       133297.504518
           48.650000            0.000021            0.000000            0.000000           -0.000043            0.000000            0.011605          -55.011127           -0.051849           -0.000000           -0.000192            0.104233           -0.000000          -28.128360       133341.658417
           48.670000            0.000021            0.000000            0.000001           -0.000388            0.000000            0.011598          -54.980801           -0.051820           -0.000000           -0.001732            0.939650           -0.000000          -28.112854       133268.152497
           48.690000            0.000021            0.000000            0.000001           -0.000732            0.000000            0.011582          -54.901961           -0.051746           -0.000000           -0.003270            1.774239           -0.000000          -28.072541       133077.051619
           48.710000            0.000021            0.000000            0.000002           -0.001076            0.000000            0.011555          -54.774676           -0.051626           -0.000000           -0.004806            2.607262           -0.000000          -28.007457       132768.524409
           48.730000            0.000021            0.000000            0.000003           -0.001418            0.000000            0.011518          -54.599058           -0.051460           -0.000000           -0.006337            3.437985           -0.000000          -27.917660       132342.843108
           48.750000            0.000021            0.000000            0.000003           -0.001760            0.000000            0.011470          -54.375262           -0.051249           -0.000000           -0.007863            4.265674           -0.000000          -27.803228       131800.383337
           48.770000            0.000021            0.000000            0.000004           -0.002100            0.000000            0.011413          -54.103486           -0.050993           -0.000000           -0.009382            5.089598           -0.000000          -27.664263       131141.623757
           48.790000            0.000021            0.000000            0.000004           -0.002438            0.000000            0.011346          -53.783969           -0.050692           -0.000000           -0.010892            5.909032           -0.000000          -27.500888       130367.145655
           48.810000            0.000021            0.000000            0.000005           -0.002774            0.000000            0.011268          -53.416993           -0.050346           -0.000000           -0.012393            6.723252           -0.000000          -27.313245       129477.632423
           48.830000            0.000021            0.000000            0.000006           -0.003107            0.000000            0.011181          -53.002883           -0.049956           -0.000000           -0.013883            7.531539           -0.000000          -27.101502       128473.868964
           48.850000            0.000020            0.000000            0.000006           -0.003438            0.000000            0.011084          -52.542003           -0.049521           -0.000000           -0.015360            8.333181           -0.000000          -26.865844       127356.740991
           48.870000            0.000020            0.000000            0.000007           -0.003766            0.000000            0.010977          -52.034761           -0.049043           -0.000000           -0.016825            9.127469           -0.000000          -26.606480       126127.234252
           48.890000            0.000020            0.000000            0.000008           -0.004090            0.000000            0.010860          -51.481603           -0.048522           -0.000000           -0.018274            9.913703           -0.000000          -26.323639       124786.433654
           48.910000            0.000020            0.000000            0.000008           -0.004411            0.000000            0.010734          -50.883018           -0.047958           -0.000000           -0.019707           10.691190           -0.000000          -26.017570       123335.522312
           48.930000            0.000020            0.000000            0.000009           -0.004728            0.000000            0.010598          -50.239535           -0.047351           -0.000000           -0.021123           11.459242           -0.000000          -25.688543       121775.780501
           48.950000            0.000019            0.000000            0.000009           -0.005040            0.000000            0.010453          -49.551720           -0.046703           -0.000000           -0.022520           12.217183           -0.000000          -25.336849       120108.584526
           48.970000            0.000019            0.000000            0.000010           -0.005349            0.000000            0.010299          -48.820182           -0.046014           -0.000000           -0.023897           12.964344           -0.000000          -24.962798       118335.405511
           49.000000            0.000019            0.000000            0.000011           -0.005802            0.000000            0.010050          -47.642314           -0.044903           -0.000000           -0.025923           14.063432           -0.000000          -24.360529       115480.366674
           49.020000            0.000018            0.000000            0.000011           -0.006098            0.000000            0.009873          -46.804372           -0.044114           -0.000000           -0.027245           14.780780           -0.000000          -23.932071       113449.276520
           49.040000            0.000018            0.000000            0.000012           -0.006388            0.000000            0.009688          -45.925130           -0.043285           -0.000000           -0.028543           15.485085           -0.000000          -23.482496       111318.079456
           49.060000            0.000017            0.000000            0.000012           -0.006673            0.000000            0.009494          -45.005364           -0.042418           -0.000000           -0.029816           16.175726           -0.000000          -23.012200       109088.656037
           49.080000            0.000017            0.000000            0.000013           -0.006952            0.000000            0.009291          -44.045886           -0.041514           -0.000000           -0.031063           16.852094           -0.000000          -22.521599       106762.973491
           49.100000            0.000017            0.000000            0.000013           -0.007225            0.000000            0.009081          -43.047542           -0.040573           -0.000000           -0.032283           17.513592           -0.000000          -22.011124       104343.083985
           49.120000            0.000016            0.000000            0.000014           -0.007492            0.000000            0.008862          -42.011213           -0.039596           -0.000000           -0.033473           18.159636           -0.000000          -21.481227       101831.122815
           49.140000            0.000016            0.000000            0.000014           -0.007752            0.000000            0.008636          -40.937814           -0.038584           -0.000000           -0.034635           18.789655           -0.000000          -20.932375        99229.306520
           49.160000            0.000015            0.000000            0.000015           -0.008005            0.000000            0.008402          -39.828291           -0.037539           -0.000000           -0.035765           19.403095           -0.000000          -20.365053        96539.930924
           49.180000            0.000015            0.000000            0.000015           -0.008251            0.000000            0.008160          -38.683624           -0.036460           -0.000000           -0.036865           19.999414           -0.000000          -19.779760        93765.369115
           49.200000            0.000015            0.000000            0.000016           -0.008490            0.000000            0.007912          -37.504823           -0.035349           -0.000000           -0.037931           20.578086           -0.000000          -19.177014        90908.069350
           49.220000            0.000014            0.000000            0.000016           -0.008721            0.000000            0.007656          -36.292928           -0.034206           -0.000000           -0.038964           21.138599           -0.000000          -18.557346        87970.552890
           49.240000            0.000014            0.000000            0.000016           -0.008944            0.000000            0.007394          -35.049009           -0.033034           -0.000000           -0.039963           21.680460           -0.000000          -17.921304        84955.411782
           49.260000            0.000013            0.000000            0.000017           -0.009160            0.000000            0.007125          -33.774162           -0.031833           -0.000000           -0.040927           22.203190           -0.000000          -17.269448        81865.306567
           49.280000            0.000013            0.000000            0.000017           -0.009368            0.000000            0.006849          -32.469513           -0.030603           -0.000000           -0.041854           22.706329           -0.000000          -16.602353        78702.963933
           49.300000            0.000012            0.000000            0.000018           -0.009567            0.000000            0.006568          -31.136214           -0.029346           -0.000000           -0.042745           23.189431           -0.000000          -15.920608        75471.174311
           49.320000            0.000012            0.000000            0.000018           -0.009758            0.000000            0.006281          -29.775439           -0.028064           -0.000000           -0.043598           23.652071           -0.000000          -15.224816        72172.789411
           49.340000            0.000011            0.000000            0.000018           -0.009940            0.000000            0.005989          -28.388392           -0.026756           -0.000000           -0.044412           24.093841           -0.000000          -14.515589        68810.719708
           49.360000            0.000010            0.000000            0.000019           -0.010114            0.000000            0.005691          -26.976294           -0.025425           -0.000000           -0.045187           24.514350           -0.000000          -13.793553        65387.931869
           49.380000            0.000010            0.000000            0.000019           -0.010278            0.000000            0.005388          -25.540393           -0.024072           -0.000000           -0.045922           24.913229           -0.000000          -13.059346        61907.446141
           49.400000            0.000009            0.000000            0.000019           -0.010434            0.000000            0.005080          -24.081955           -0.022698           -0.000000           -0.046617           25.290123           -0.000000          -12.313616        58372.333682
           49.420000            0.000009            0.000000            0.000020           -0.010580            0.000000            0.004768          -22.602268           -0.021303           -0.000000           -0.047271           25.644702           -0.000000          -11.557020        54785.713852
           49.440000            0.000008            0.000000            0.000020           -0.010717            0.000000            0.004452          -21.102636           -0.019889           -0.000000           -0.047882           25.976653           -0.000000          -10.790227        51150.751461
           49.450000            0.000008            0.000000            0.000020           -0.010782            0.000000            0.004292          -20.345754           -0.019176           -0.000000           -0.048173           26.134050           -0.000000          -10.403217        49316.142550
           49.470000            0.000007            0.000000            0.000020           -0.010905            0.000000            0.003970          -18.818692           -0.017737           -0.000000           -0.048721           26.431514           -0.000000           -9.622398        45614.692877
           49.490000            0.000007            0.000000            0.000020           -0.011018            0.000000            0.003644          -17.275025           -0.016282           -0.000000           -0.049226           26.705656           -0.000000           -8.833088        41872.993094
           49.510000            0.000006            0.000000            0.000020           -0.011121            0.000000            0.003315          -15.716115           -0.014813           -0.000000           -0.049688           26.956232           -0.000000           -8.035984        38094.344851
           49.530000            0.000005            0.000000            0.000021           -0.011215            0.000000            0.002984          -14.143337           -0.013330           -0.000000           -0.050106           27.183022           -0.000000           -7.231789        34282.082404
           49.550000            0.000005            0.000000            0.000021           -0.011298            0.000000            0.002649          -12.558079           -0.011836           -0.000000           -0.050480           27.385827           -0.000000           -6.421213        30439.569669
           49.570000            0.000004            0.000000            0.000021           -0.011372            0.000000            0.002312          -10.961739           -0.010332           -0.000000           -0.050809           27.564466           -0.000000           -5.604971        26570.197254
           49.590000            0.000004            0.000000            0.000021           -0.011436            0.000000            0.001974           -9.355727           -0.008818           -0.000000           -0.051094           27.718783           -0.000000           -4.783782        22677.379468
           49.610000            0.000003            0.000000            0.000021           -0.011489            0.000000            0.001633           -7.741460           -0.007296           -0.000000           -0.051333           27.848640           -0.000000           -3.958373        18764.551308
           49.630000            0.000002            0.000000            0.000021           -0.011533            0.000000            0.001291           -6.120362           -0.005769           -0.000000           -0.051527           27.953925           -0.000000           -3.129471        14835.165430
           49.650000            0.000002            0.000000            0.000021           -0.011566            0.000000            0.000948           -4.493863           -0.004236           -0.000000           -0.051676           28.034542           -0.000000           -2.297808        10892.689097
           49.670000            0.000001            0.000000            0.000021           -0.011589            0.000000            0.000604           -2.863398           -0.002699           -0.000000           -0.051779           28.090423           -0.000000           -1.464117         6940.601126
           49.690000            0.000000            0.000000            0.000021           -0.011602            0.000000            0.000260           -1.230407           -0.001160           -0.000000           -0.051836           28.121516           -0.000000           -0.629134         2982.388813
           49.710000           -0.000000            0.000000            0.000021           -0.011604           -0.000000           -0.000085            0.403669            0.000380           -0.000000           -0.051848           28.127796            0.000000            0.206405         -978.455141
           49.730000           -0.000001            0.000000            0.000021           -0.011597           -0.000000           -0.000430            2.037390            0.001920           -0.000000           -0.051813           28.109255            0.000000            1.041761        -4938.435712
           49.750000           -0.000001            0.000000            0.000021           -0.011579           -0.000000           -0.000774            3.669312            0.003458           -0.000000           -0.051733           28.065911            0.000000            1.876197        -8894.058640
           49.770000           -0.000002            0.000000            0.000021           -0.011551           -0.000000           -0.001118            5.297997            0.004993           -0.000000           -0.051608           27.997802            0.000000            2.708979       -12841.833507
           49.790000           -0.000003            0.000000            0.000021           -0.011512           -0.000000           -0.001460            6.922007            0.006524           -0.000000           -0.051437           27.904988            0.000000            3.539370       -16778.276823
           49.810000           -0.000003            0.000000            0.000021           -0.011464           -0.000000           -0.001801            8.539909            0.008049           -0.000000           -0.051220           27.787551            0.000000            4.366637       -20699.915096
           49.830000           -0.000004            0.000000            0.000021           -0.011405           -0.000000           -0.002141           10.150276            0.009567           -0.000000           -0.050959           27.645594            0.000000            5.190052       -24603.287898
           49.850000           -0.000005            0.000000            0.000021           -0.011337           -0.000000           -0.002479           11.751686            0.011076           -0.000000           -0.050652           27.479242            0.000000            6.008887       -28484.950917
           49.870000           -0.000005            0.000000            0.000021           -0.011258           -0.000000           -0.002815           13.342726            0.012576           -0.000000           -0.050301           27.288644            0.000000            6.822420       -32341.478998
           49.890000           -0.000006            0.000000            0.000021           -0.011170           -0.000000           -0.003148           14.921993            0.014064           -0.000000           -0.049905           27.073966            0.000000            7.629932       -36169.469168
           49.910000           -0.000006            0.000000            0.000020           -0.011071           -0.000000           -0.003478           16.488092            0.015540           -0.000000           -0.049465           26.835398            0.000000            8.430713       -39965.543631
           49.930000           -0.000007            0.000000            0.000020           -0.010963           -0.000000           -0.003805           18.039643            0.017003           -0.000000           -0.048982           26.573150            0.000000            9.224053       -43726.352756
           49.950000           -0.000008            0.000000            0.000020           -0.010845           -0.000000           -0.004129           19.575276            0.018450           -0.000000           -0.048455           26.287455            0.000000           10.009255       -47448.578029
           49.970000           -0.000008            0.000000            0.000020           -0.010718           -0.000000           -0.004450           21.093635            0.019881           -0.000000           -0.047886           25.978564            0.000000           10.785625       -51128.934984
           49.990000           -0.000009            0.000000            0.000020           -0.010581           -0.000000           -0.004766           22.593382            0.021295           -0.000000           -0.047274           25.646749            0.000000           11.552477       -54764.176095
           50.010000           -0.000009            0.000000            0.000019           -0.010435           -0.000000           -0.005078           24.073193            0.022689           -0.000000           -0.046621           25.292304            0.000000           12.309136       -58351.093651
           50.030000           -0.000010            0.000000            0.000019           -0.010279           -0.000000           -0.005386           25.531761            0.024064           -0.000000           -0.045926           24.915542            0.000000           13.054933       -61886.522578
           50.050000           -0.000010            0.000000            0.000019           -0.010115           -0.000000           -0.005689           26.967800            0.025417           -0.000000           -0.045191           24.516794            0.000000           13.789210       -65367.343237
           50.070000           -0.000011            0.000000            0.000018           -0.009941           -0.000000           -0.005987           28.380043            0.026749           -0.000000           -0.044417           24.096412            0.000000           14.511320       -68790.484174
           50.090000           -0.000012            0.000000            0.000018           -0.009759           -0.000000           -0.006279           29.767244            0.028056           -0.000000           -0.043602           23.654768            0.000000           15.220625       -72152.924831
           50.110000           -0.000012            0.000000            0.000018           -0.009568           -0.000000           -0.006566           31.128178            0.029339           -0.000000           -0.042750           23.192251            0.000000           15.916500       -75451.698212
           50.130000           -0.000013            0.000000            0.000017           -0.009369           -0.000000           -0.006848           32.461646            0.030595           -0.000000           -0.041860           22.709270            0.000000           16.598330       -78683.893502
           50.150000           -0.000013            0.000000            0.000017           -0.009161           -0.000000           -0.007123           33.766469            0.031825           -0.000000           -0.040932           22.206249            0.000000           17.265514       -81846.658631
           50.170000           -0.000014            0.000000            0.000016           -0.008946           -0.000000           -0.007392           35.041496            0.033027           -0.000000           -0.039969           21.683635            0.000000           17.917463       -84937.202797
           50.190000           -0.000014            0.000000            0.000016           -0.008722           -0.000000           -0.007654           36.285604            0.034200           -0.000000           -0.038971           21.141886            0.000000           18.553601       -87952.798922
           50.210000           -0.000015            0.000000            0.000016           -0.008491           -0.000000           -0.007910           37.497693            0.035342           -0.000000           -0.037938           20.581483            0.000000           19.173368       -90890.786065
           50.230000           -0.000015            0.000000            0.000015           -0.008252           -0.000000           -0.008159           38.676694            0.036453           -0.000000           -0.036871           20.002918            0.000000           19.776217       -93748.571765
           50.250000           -0.000015            0.000000            0.000015           -0.008006           -0.000000           -0.008400           39.821568            0.037532           -0.000000           -0.035772           19.406703            0.000000           20.361615       -96523.634329
           50.280000           -0.000016            0.000000            0.000014           -0.007624           -0.000000           -0.008749           41.472686            0.039088           -0.000000           -0.034065           18.480441            0.000000           21.205867      -100525.786265
           50.300000           -0.000017            0.000000            0.000014           -0.007361           -0.000000           -0.008971           42.527888            0.040083           -0.000000           -0.032889           17.842434            0.000000           21.745414      -103083.492917
           50.320000           -0.000017            0.000000            0.000013           -0.007091           -0.000000           -0.009186           43.545563            0.041042           -0.000000           -0.031684           17.188683            0.000000           22.265773      -105550.239360
           50.340000           -0.000017            0.000000            0.000013           -0.006815           -0.000000           -0.009392           44.524814            0.041965           -0.000000           -0.030451           16.519766            0.000000           22.766485      -107923.848952
           50.360000           -0.000018            0.000000            0.000012           -0.006533           -0.000000           -0.009591           45.464777            0.042851           -0.000000           -0.029191           15.836271            0.000000           23.247108      -110202.227236
           50.380000           -0.000018            0.000000            0.000012           -0.006246           -0.000000           -0.009781           46.364621            0.043699           -0.000000           -0.027905           15.138802            0.000000           23.707217      -112383.363785
           50.400000           -0.000018            0.000000            0.000011           -0.005952           -0.000000           -0.009962           47.223554            0.044509           -0.000000           -0.026595           14.427975            0.000000           24.146408      -114465.333979
           50.420000           -0.000019            0.000000            0.000010           -0.005654           -0.000000           -0.010134           48.040817            0.045279           -0.000000           -0.025261           13.704417            0.000000           24.564292      -116446.300700
           50.440000           -0.000019            0.000000            0.000010           -0.005350           -0.000000           -0.010298           48.815689            0.046009           -0.000000           -0.023905           12.968766            0.000000           24.960501      -118324.515957
           50.460000           -0.000019            0.000000            0.000009           -0.005042           -0.000000           -0.010452           49.547487            0.046699           -0.000000           -0.022528           12.221672            0.000000           25.334684      -120098.322424
           50.480000           -0.000020            0.000000            0.000009           -0.004729           -0.000000           -0.010597           50.235564            0.047348           -0.000000           -0.021131           11.463793            0.000000           25.686513      -121766.154906
           50.500000           -0.000020            0.000000            0.000008           -0.004413           -0.000000           -0.010733           50.879313            0.047954           -0.000000           -0.019715           10.695799            0.000000           26.015676      -123326.541717
           50.510000           -0.000020            0.000000            0.000008           -0.004253           -0.000000           -0.010797           51.184386            0.048242           -0.000000           -0.019001           10.308220            0.000000           26.171666      -124066.008986
           50.530000           -0.000020            0.000000            0.000007           -0.003930           -0.000000           -0.010919           51.760592            0.048785           -0.000000           -0.017560            9.526325            0.000000           26.466292      -125462.675615
           50.550000           -0.000020            0.000000            0.000007           -0.003604           -0.000000           -0.011031           52.291124            0.049285           -0.000000           -0.016103            8.736025            0.000000           26.737565      -126748.634787
           50.570000           -0.000021            0.000000            0.000006           -0.003275           -0.000000           -0.011133           52.775515            0.049742           -0.000000           -0.014632            7.938016            0.000000           26.985244      -127922.751782
           50.590000           -0.000021            0.000000            0.000005           -0.002943           -0.000000           -0.011225           53.213337            0.050154           -0.000000           -0.013148            7.133002            0.000000           27.209112      -128983.990565
           50.610000           -0.000021            0.000000            0.000005           -0.002608           -0.000000           -0.011308           53.604205            0.050523           -0.000000           -0.011653            6.321695            0.000000           27.408970      -129931.414707
           50.630000           -0.000021            0.000000            0.000004           -0.002271           -0.000000           -0.011380           53.947772            0.050846           -0.000000           -0.010147            5.504809            0.000000           27.584644      -130764.188207
           50.650000           -0.000021            0.000000            0.000004           -0.001932           -0.000000           -0.011443           54.243736            0.051125           -0.000000           -0.008632            4.683066            0.000000           27.735976      -131481.576230
           50.670000           -0.000021            0.000000            0.000003           -0.001591           -0.000000           -0.011495           54.491835            0.051359           -0.000000           -0.007110            3.857190            0.000000           27.862835      -132082.945759
           50.690000           -0.000021            0.000000            0.000002           -0.001249           -0.000000           -0.011537           54.691852            0.051548           -0.000000           -0.005581            3.027911            0.000000           27.965108      -132567.766147
           50.710000           -0.000021            0.000000            0.000002           -0.000906           -0.000000           -0.011569           54.843608            0.051691           -0.000000           -0.004048            2.195960            0.000000           28.042704      -132935.609594
           50.730000           -0.000021            0.000000            0.000001           -0.000562           -0.000000           -0.011591           54.946971            0.051788           -0.000000           -0.002511            1.362072            0.000000           28.095556      -133186.151516
           50.750000           -0.000021            0.000000            0.000000           -0.000217           -0.000000           -0.011603           55.001849            0.051840           -0.000000           -0.000971            0.526981            0.000000           28.123616      -133319.170838
           50.770000           -0.000021           -0.000000           -0.000000            0.000127           -0.000000           -0.011604           55.008194            0.051846            0.000000            0.000569           -0.308574            0.000000           28.126860      -133334.550182
           50.790000           -0.000021           -0.000000           -0.000001            0.000472           -0.000000           -0.011595           54.966000            0.051806            0.000000            0.002108           -1.143857            0.000000           28.105286      -133232.275979
           50.810000           -0.000021           -0.000000           -0.000002            0.000816           -0.000000           -0.011576           54.875305            0.051721            0.000000            0.003646           -1.978131            0.000000           28.058911      -133012.438476
           50.830000           -0.000021           -0.000000           -0.000002            0.001160           -0.000000           -0.011547           54.736187            0.051589            0.000000            0.005181           -2.810659            0.000000           27.987777      -132675.231654
           50.850000           -0.000021           -0.000000           -0.000003            0.001502           -0.000000           -0.011507           54.548771            0.051413            0.000000            0.006711           -3.640708            0.000000           27.891947      -132220.953063
           50.870000           -0.000021           -0.000000           -0.000003            0.001843           -0.000000           -0.011457           54.313222            0.051191            0.000000            0.008235           -4.467543            0.000000           27.771506      -131650.003557
           50.890000           -0.000021           -0.000000           -0.000004            0.002183           -0.000000           -0.011398           54.029746            0.050924            0.000000            0.009752           -5.290437            0.000000           27.626559      -130962.886936
           50.910000           -0.000021           -0.000000           -0.000005            0.002520           -0.000000           -0.011328           53.698596            0.050612            0.000000            0.011260           -6.108662            0.000000           27.457235      -130160.209508
           50.930000           -0.000021           -0.000000           -0.000005            0.002856           -0.000000           -0.011248           53.320062            0.050255            0.000000            0.012758           -6.921497            0.000000           27.263682      -129242.679551
           50.950000           -0.000021           -0.000000           -0.000006            0.003188           -0.000000           -0.011158           52.894478            0.049854            0.000000            0.014245           -7.728225            0.000000           27.046072      -128211.106687
           50.970000           -0.000020           -0.000000           -0.000006            0.003518           -0.000000           -0.011058           52.422221            0.049409            0.000000            0.015720           -8.528133            0.000000           26.804597      -127066.401169
           50.990000           -0.000020           -0.000000           -0.000007            0.003845           -0.000000           -0.010949           51.903707            0.048920            0.000000            0.017180           -9.320516            0.000000           26.539470      -125809.573078
           51.010000           -0.000020           -0.000000           -0.000008            0.004169           -0.000000           -0.010830           51.339394            0.048388            0.000000            0.018626          -10.104675            0.000000           26.250924      -124441.731431
           51.030000           -0.000020           -0.000000           -0.000008            0.004489           -0.000000           -0.010701           50.729778            0.047813            0.000000            0.020055          -10.879917            0.000000           25.939215      -122964.083203
           51.050000           -0.000019           -0.000000           -0.000009            0.004804           -0.000000           -0.010563           50.075400            0.047197            0.000000            0.021466          -11.645559            0.000000           25.604617      -121377.932261
           51.070000           -0.000019           -0.000000           -0.000009            0.005116           -0.000000           -0.010416           49.376835            0.046538            0.000000            0.022858          -12.400926            0.000000           25.247426      -119684.678215
           51.090000           -0.000019           -0.000000           -0.000010            0.005423           -0.000000           -0.010259           48.634700            0.045839            0.000000            0.024231          -13.145349            0.000000           24.867957      -117885.815180
           51.110000           -0.000019           -0.000000           -0.000011            0.005726           -0.000000           -0.010094           47.849650            0.045099            0.000000            0.025581          -13.878173            0.000000           24.466544      -115982.930462
           51.130000           -0.000018           -0.000000           -0.000011            0.006023           -0.000000           -0.009919           47.022378            0.044319            0.000000            0.026910          -14.598752            0.000000           24.043543      -113977.703154
           51.150000           -0.000018           -0.000000           -0.000012            0.006315           -0.000000           -0.009736           46.153614            0.043500            0.000000            0.028214          -15.306448            0.000000           23.599325      -111871.902656
           51.170000           -0.000018           -0.000000           -0.000012            0.006601           -0.000000           -0.009544           45.244124            0.042643            0.000000            0.029494          -16.000638            0.000000           23.134283      -109667.387113
           51.190000           -0.000017           -0.000000           -0.000013            0.006882           -0.000000           -0.009344           44.294711            0.041748            0.000000            0.030747          -16.680709            0.000000           22.648828      -107366.101774
           51.210000           -0.000017           -0.000000           -0.000013            0.007156           -0.000000           -0.009135           43.306213            0.040817            0.000000            0.031974          -17.346061            0.000000           22.143388      -104970.077280
           51.230000           -0.000016           -0.000000           -0.000014            0.007424           -0.000000           -0.008919           42.279501            0.039849            0.000000            0.033172          -17.996108            0.000000           21.618409      -102481.427866
           51.250000           -0.000016           -0.000000           -0.000014            0.007686           -0.000000           -0.008694           41.215483            0.038846            0.000000            0.034341          -18.630274            0.000000           21.074353       -99902.349501
           51.270000           -0.000016           -0.000000           -0.000015            0.007941           -0.000000           -0.008462           40.115096            0.037809            0.000000            0.035480          -19.248002            0.000000           20.511702       -97235.117948
           51.290000           -0.000015           -0.000000           -0.000015            0.008189           -0.000000           -0.008223           38.979312            0.036738            0.000000            0.036587          -19.848744            0.000000           19.930951       -94482.086753
           51.310000           -0.000015           -0.000000           -0.000016            0.008429           -0.000000           -0.007976           37.809132            0.035636            0.000000            0.037662          -20.431973            0.000000           19.332614       -91645.685174
           51.330000           -0.000014           -0.000000           -0.000016            0.008663           -0.000000           -0.007722           36.605591            0.034501            0.000000            0.038704          -20.997173            0.000000           18.717217       -88728.416034
           51.350000           -0.000014           -0.000000           -0.000016            0.008888           -0.000000           -0.007461           35.369748            0.033336            0.000000            0.039711          -21.543844            0.000000           18.085305       -85732.853512
           51.370000           -0.000013           -0.000000           -0.000017            0.009106           -0.000000           -0.007194           34.102696            0.032142            0.000000            0.040684          -22.071506            0.000000           17.437434       -82661.640873
           51.390000           -0.000013           -0.000000           -0.000017            0.009315           -0.000000           -0.006920           32.805551            0.030920            0.000000            0.041621          -22.579692            0.000000           16.774176       -79517.488134
           51.410000           -0.000012           -0.000000           -0.000018            0.009517           -0.000000           -0.006641           31.479460            0.029670            0.000000            0.042521          -23.067954            0.000000           16.096118       -76303.169677
           51.430000           -0.000012           -0.000000           -0.000018            0.009710           -0.000000           -0.006355           30.125591            0.028394            0.000000            0.043383          -23.535860            0.000000           15.403855       -73021.521796
           51.450000           -0.000011           -0.000000           -0.000018            0.009894           -0.000000           -0.006064           28.745139            0.027093            0.000000            0.044208          -23.982999            0.000000           14.698001       -69675.440194
           51.470000           -0.000011           -0.000000           -0.000019            0.010070           -0.000000           -0.005767           27.339323            0.025768            0.000000            0.044993          -24.408975            0.000000           13.979177       -66267.877433
           51.490000           -0.000010           -0.000000           -0.000019            0.010237           -0.000000           -0.005466           25.909382            0.024420            0.000000            0.045738          -24.813414            0.000000           13.248018       -62801.840325
           51.510000           -0.000010           -0.000000           -0.000019            0.010395           -0.000000           -0.005159           24.456580            0.023051            0.000000            0.046443          -25.195956            0.000000           12.505170       -59280.387278
           51.530000           -0.000009           -0.000000           -0.000019            0.010543           -0.000000           -0.004848           22.982197            0.021661            0.000000            0.047107          -25.556266            0.000000           11.751286       -55706.625599
           51.550000           -0.000008           -0.000000           -0.000020            0.010683           -0.000000           -0.004533           21.487535            0.020252            0.000000            0.047730          -25.894026            0.000000           10.987034       -52083.708753
           51.570000           -0.000008           -0.000000           -0.000020            0.010813           -0.000000           -0.004213           19.973912            0.018826            0.000000            0.048311          -26.208937            0.000000           10.213086       -48414.833578
           51.590000           -0.000007           -0.000000           -0.000020            0.010933           -0.000000           -0.003890           18.442664            0.017382            0.000000            0.048848          -26.500721            0.000000            9.430127       -44703.237467
           51.610000           -0.000007           -0.000000           -0.000020            0.011044           -0.000000           -0.003564           16.895143            0.015924            0.000000            0.049343          -26.769121            0.000000            8.638846       -40952.195507
           51.630000           -0.000006           -0.000000           -0.000021            0.011145           -0.000000           -0.003234           15.332714            0.014451            0.000000            0.049794          -27.013900            0.000000            7.839943       -37165.017594
           51.650000           -0.000005           -0.000000           -0.000021            0.011236           -0.000000           -0.002902           13.756755            0.012966            0.000000            0.050202          -27.234842            0.000000            7.034122       -33345.045509
           51.670000           -0.000005           -0.000000           -0.000021            0.011317           -0.000000           -0.002567           12.168657            0.011469            0.000000            0.050565          -27.431752            0.000000            6.222093       -29495.649971
           51.690000           -0.000004           -0.000000           -0.000021            0.011388           -0.000000           -0.002230           10.569822            0.009962            0.000000            0.050883          -27.604457            0.000000            5.404575       -25620.227661
           51.710000           -0.000003           -0.000000           -0.000021            0.011450           -0.000000           -0.001890            8.961660            0.008446            0.000000            0.051156          -27.752804            0.000000            4.582287       -21722.198228
           51.730000           -0.000003           -0.000000           -0.000021            0.011501           -0.000000           -0.001550            7.345590            0.006923            0.000000            0.051385          -27.876662            0.000000            3.755957       -17805.001267
           51.750000           -0.000002           -0.000000           -0.000021            0.011542           -0.000000           -0.001207            5.723039            0.005394            0.000000            0.051568          -27.975922            0.000000            2.926312       -13872.093288
           51.770000           -0.000002           -0.000000           -0.000021            0.011572           -0.000000           -0.000864            4.095437            0.003860            0.000000            0.051705          -28.050495            0.000000            2.094084        -9926.944663
           51.790000           -0.000001           -0.000000           -0.000021            0.011593           -0.000000           -0.000520            2.464222            0.002323            0.000000            0.051797          -28.100318            0.000000            1.260009        -5973.036567
           51.810000           -0.000000           -0.000000           -0.000021            0.011603           -0.000000           -0.000175            0.830833            0.000783            0.000000            0.051843          -28.125345            0.000000            0.424822        -2013.857901
           51.830000            0.000000           -0.000000           -0.000021            0.011603            0.000000            0.000169           -0.803290           -0.000757            0.000000            0.051843          -28.125554           -0.000000           -0.410739         1947.097780
           51.850000            0.000001           -0.000000           -0.000021            0.011593            0.000000            0.000514           -2.436704           -0.002297            0.000000            0.051798          -28.100945           -0.000000           -1.245939         5906.335354
           51.870000            0.000002           -0.000000           -0.000021            0.011573            0.000000            0.000858           -4.067968           -0.003834            0.000000            0.051707          -28.051540           -0.000000           -2.080039         9860.361216
           51.890000            0.000002           -0.000000           -0.000021            0.011542            0.000000            0.001201           -5.695642           -0.005368            0.000000            0.051570          -27.977383           -0.000000           -2.912303        13805.686359
           51.910000            0.000003           -0.000000           -0.000021            0.011502            0.000000            0.001544           -7.318291           -0.006898            0.000000            0.051388          -27.878539           -0.000000           -3.741998        17738.829453
           51.930000            0.000003           -0.000000           -0.000021            0.011451            0.000000            0.001885           -8.934481           -0.008421            0.000000            0.051161          -27.755095           -0.000000           -4.568390        21656.319919
           51.950000            0.000004           -0.000000           -0.000021            0.011390            0.000000            0.002224          -10.542788           -0.009937            0.000000            0.050888          -27.607160           -0.000000           -5.390752        25554.700988
           51.970000            0.000005           -0.000000           -0.000021            0.011318            0.000000            0.002561          -12.141793           -0.011444            0.000000            0.050570          -27.434864           -0.000000           -6.208357        29430.532753
           51.990000            0.000005           -0.000000           -0.000021            0.011237            0.000000            0.002896          -13.730083           -0.012941            0.000000            0.050208          -27.238361           -0.000000           -7.020484        33280.395206
           52.010000            0.000006           -0.000000           -0.000021            0.011146            0.000000            0.003229          -15.306258           -0.014426            0.000000            0.049802          -27.017822           -0.000000           -7.826415        37100.891253
           52.030000            0.000007           -0.000000           -0.000020            0.011046            0.000000            0.003558          -16.868927           -0.015899            0.000000            0.049351          -26.773443           -0.000000           -8.625441        40888.649712
           52.050000            0.000007           -0.000000           -0.000020            0.010935            0.000000            0.003885          -18.416711           -0.017358            0.000000            0.048857          -26.505439           -0.000000           -9.416856        44640.328291
           52.070000            0.000008           -0.000000           -0.000020            0.010815            0.000000            0.004208          -19.948244           -0.018801            0.000000            0.048320          -26.214047           -0.000000          -10.199962        48352.616532
           52.090000            0.000008           -0.000000           -0.000020            0.010685            0.000000            0.004527          -21.462175           -0.020228            0.000000            0.047740          -25.899524           -0.000000          -10.974067        52022.238736
           52.110000            0.000009           -0.000000           -0.000019            0.010546            0.000000            0.004843          -22.957168           -0.021637            0.000000            0.047118          -25.562147           -0.000000          -11.738488        55645.956852
           52.130000            0.000010           -0.000000           -0.000019            0.010397            0.000000            0.005154          -24.431903           -0.023027            0.000000            0.046455          -25.202215           -0.000000          -12.492552        59220.573335
           52.150000            0.000010           -0.000000           -0.000019            0.010240            0.000000            0.005460          -25.885080           -0.024397            0.000000            0.045750          -24.820044           -0.000000          -13.235592        62742.933966
           52.170000            0.000011           -0.000000           -0.000019            0.010073            0.000000            0.005762          -27.315416           -0.025745            0.000000            0.045006          -24.415972           -0.000000          -13.966954        66209.930636
           52.190000            0.000011           -0.000000           -0.000018            0.009897            0.000000            0.006059          -28.721649           -0.027070            0.000000            0.044221          -23.990356           -0.000000          -14.685990        69618.504090
           52.210000            0.000012           -0.000000           -0.000018            0.009713            0.000000            0.006350          -30.102539           -0.028372            0.000000            0.043398          -23.543570           -0.000000          -15.392069        72965.646626
           52.230000            0.000012           -0.000000           -0.000018            0.009520            0.000000            0.006636          -31.456866           -0.029648            0.000000            0.042536          -23.076010           -0.000000          -16.084565        76248.404745
           52.250000            0.000013           -0.000000           -0.000017            0.009319            0.000000            0.006916          -32.783436           -0.030899            0.000000            0.041636          -22.588088           -0.000000          -16.762868        79463.881764
           52.270000            0.000013           -0.000000           -0.000017            0.009109            0.000000            0.007189          -34.081078           -0.032122            0.000000            0.040700          -22.080235           -0.000000          -17.426380        82609.240366
           52.290000            0.000014           -0.000000           -0.000016            0.008892            0.000000            0.007457          -35.348647           -0.033316            0.000000            0.039728          -21.552897           -0.000000          -18.074515        85681.705107
           52.310000            0.000014           -0.000000           -0.000016            0.008666            0.000000            0.007718          -36.585024           -0.034482            0.000000            0.038721          -21.006542           -0.000000          -18.706701        88678.564864
           52.330000            0.000015           -0.000000           -0.000016            0.008433            0.000000            0.007972          -37.789119           -0.035617            0.000000            0.037680          -20.441651           -0.000000          -19.322381        91597.175228
           52.350000            0.000015           -0.000000           -0.000015            0.008193            0.000000            0.008219          -38.959870           -0.036720            0.000000            0.036605          -19.858722           -0.000000          -19.921010        94434.960834
           52.380000            0.000016           -0.000000           -0.000014            0.007819            0.000000            0.008575          -40.651222           -0.038314            0.000000            0.034933          -18.951637           -0.000000          -20.785835        98534.635276
           52.400000            0.000016           -0.000000           -0.000014            0.007560            0.000000            0.008804          -41.734157           -0.039335            0.000000            0.033780          -18.325899           -0.000000          -21.339562       101159.565232
           52.420000            0.000017           -0.000000           -0.000013            0.007296            0.000000            0.009024          -42.780266           -0.040321            0.000000            0.032597          -17.683989           -0.000000          -21.874460       103695.232640
           52.440000            0.000017           -0.000000           -0.000013            0.007024            0.000000            0.009237          -43.788626           -0.041271            0.000000            0.031385          -17.026476           -0.000000          -22.390056       106139.400044
           52.460000            0.000017           -0.000000           -0.000012            0.006747            0.000000            0.009442          -44.758347           -0.042185            0.000000            0.030145          -16.353938           -0.000000          -22.885895       108489.910725
           52.480000            0.000018           -0.000000           -0.000012            0.006464            0.000000            0.009638          -45.688574           -0.043062            0.000000            0.028879          -15.666969           -0.000000          -23.361540       110744.690609
           52.500000            0.000018           -0.000000           -0.000011            0.006174            0.000000            0.009826          -46.578485           -0.043901            0.000000            0.027587          -14.966177           -0.000000          -23.816571       112901.750092
           52.520000            0.000018           -0.000000           -0.000011            0.005880            0.000000            0.010005          -47.427296           -0.044701            0.000000            0.026271          -14.252178           -0.000000          -24.250586       114959.185799
           52.540000            0.000019           -0.000000           -0.000010            0.005580            0.000000            0.010175          -48.234258           -0.045461            0.000000            0.024932          -13.525603           -0.000000          -24.663202       116915.182262
           52.560000            0.000019           -0.000000           -0.000010            0.005275            0.000000            0.010336          -48.998658           -0.046182            0.000000            0.023570          -12.787093           -0.000000          -25.054056       118768.013522
           52.580000            0.000019           -0.000000           -0.000009            0.004966            0.000000            0.010488          -49.719821           -0.046861            0.000000            0.022188          -12.037300           -0.000000          -25.422803       120516.044652
           52.600000            0.000020           -0.000000           -0.000009            0.004652            0.000000            0.010631          -50.397113           -0.047500            0.000000            0.020787          -11.276885           -0.000000          -25.769116       122157.733203
           52.620000            0.000020           -0.000000           -0.000008            0.004335            0.000000            0.010765          -51.029934           -0.048096            0.000000            0.019367          -10.506520           -0.000000          -26.092691       123691.630557
           52.640000            0.000020           -0.000000           -0.000007            0.004013            0.000000            0.010889          -51.617726           -0.048650            0.000000            0.017929           -9.726884           -0.000000          -26.393242       125116.383214
           52.650000            0.000020           -0.000000           -0.000007            0.003851            0.000000            0.010947          -51.894573           -0.048911            0.000000            0.017205           -9.333804           -0.000000          -26.534800       125787.433615
           52.670000            0.000020           -0.000000           -0.000006            0.003524            0.000000            0.011057          -52.413863           -0.049401            0.000000            0.015745           -8.541554           -0.000000          -26.800324       127046.142393
           52.690000            0.000021           -0.000000           -0.000006            0.003194            0.000000            0.011156          -52.886904           -0.049846            0.000000            0.014270           -7.741766           -0.000000          -27.042199       128192.746473
           52.710000            0.000021           -0.000000           -0.000005            0.002861            0.000000            0.011246          -53.313277           -0.050248            0.000000            0.012783           -6.935148           -0.000000          -27.260213       129226.234101
           52.730000            0.000021           -0.000000           -0.000005            0.002526            0.000000            0.011326          -53.692607           -0.050606            0.000000            0.011285           -6.122410           -0.000000          -27.454172       130145.693333
           52.750000            0.000021           -0.000000           -0.000004            0.002188            0.000000            0.011396          -54.024559           -0.050919            0.000000            0.009777           -5.304269           -0.000000          -27.623906       130950.312845
           52.770000            0.000021           -0.000000           -0.000003            0.001849            0.000000            0.011456          -54.308840           -0.051187            0.000000            0.008261           -4.481449           -0.000000          -27.769265       131639.382646
           52.790000            0.000021           -0.000000           -0.000003            0.001508            0.000000            0.011506          -54.545199           -0.051409            0.000000            0.006737           -3.654673           -0.000000          -27.890121       132212.294704
           52.810000            0.000021           -0.000000           -0.000002            0.001165            0.000000            0.011546          -54.733428           -0.051587            0.000000            0.005207           -2.824673           -0.000000          -27.986366       132668.543485
           52.830000            0.000021           -0.000000           -0.000002            0.000822            0.000000            0.011576          -54.873361           -0.051719            0.000000            0.003672           -1.992180           -0.000000          -28.057917       133007.726400
           52.850000            0.000021           -0.000000           -0.000001            0.000478            0.000000            0.011595          -54.964873           -0.051805            0.000000            0.002134           -1.157930           -0.000000          -28.104709       133229.544155
           52.870000            0.000021           -0.000000           -0.000000            0.000133            0.000000            0.011604          -55.007885           -0.051846            0.000000            0.000595           -0.322658           -0.000000          -28.126702       133333.801019
           52.890000            0.000021            0.000000            0.000000           -0.000212            0.000000            0.011603          -55.002359           -0.051840           -0.000000           -0.000945            0.512899           -0.000000          -28.123876       133320.404997
           52.910000            0.000021            0.000000            0.000001           -0.000556            0.000000            0.011591          -54.948298           -0.051789           -0.000000           -0.002485            1.348004           -0.000000          -28.096234       133189.367909
           52.930000            0.000021            0.000000            0.000002           -0.000900            0.000000            0.011570          -54.845752           -0.051693           -0.000000           -0.004022            2.181919           -0.000000          -28.043800       132940.805382
           52.950000            0.000021            0.000000            0.000002           -0.001243            0.000000            0.011538          -54.694810           -0.051550           -0.000000           -0.005555            3.013908           -0.000000          -27.966620       132574.936746
           52.970000            0.000021            0.000000            0.000003           -0.001586            0.000000            0.011496          -54.495606           -0.051363           -0.000000           -0.007084            3.843238           -0.000000          -27.864763       132092.084840
           52.990000            0.000021            0.000000            0.000004           -0.001926            0.000000            0.011444          -54.248315           -0.051130           -0.000000           -0.008607            4.669177           -0.000000          -27.738318       131492.675731
           53.010000            0.000021            0.000000            0.000004           -0.002265            0.000000            0.011381          -53.953156           -0.050851           -0.000000           -0.010121            5.490996           -0.000000          -27.587397       130777.238333
           53.030000            0.000021            0.000000            0.000005           -0.002602            0.000000            0.011309          -53.610389           -0.050528           -0.000000           -0.011627            6.307970           -0.000000          -27.412132       129946.403942
           53.050000            0.000021            0.000000            0.000005           -0.002937            0.000000            0.011227          -53.220316           -0.050161           -0.000000           -0.013123            7.119377           -0.000000          -27.212680       129000.905684
           53.070000            0.000021            0.000000            0.000006           -0.003269            0.000000            0.011135          -52.783282           -0.049749           -0.000000           -0.014607            7.924503           -0.000000          -26.989215       127941.577857
           53.090000            0.000020            0.000000            0.000007           -0.003599            0.000000            0.011033          -52.299673           -0.049293           -0.000000           -0.016078            8.722636           -0.000000          -26.741935       126769.355208
           53.110000            0.000020            0.000000            0.000007           -0.003925            0.000000            0.010921          -51.769914           -0.048794           -0.000000           -0.017535            9.513072           -0.000000          -26.471059       125485.272097
           53.130000            0.000020            0.000000            0.000008           -0.004247            0.000000            0.010799          -51.194474           -0.048251           -0.000000           -0.018977           10.295114           -0.000000          -26.176824       124090.461592
           53.150000            0.000020            0.000000            0.000008           -0.004566            0.000000            0.010669          -50.573861           -0.047666           -0.000000           -0.020402           11.068071           -0.000000          -25.859491       122586.154463
           53.170000            0.000019            0.000000            0.000009           -0.004881            0.000000            0.010528          -49.908621           -0.047039           -0.000000           -0.021808           11.831262           -0.000000          -25.519340       120973.678102
           53.190000            0.000019            0.000000            0.000010           -0.005192            0.000000            0.010379          -49.199343           -0.046371           -0.000000           -0.023196           12.584013           -0.000000          -25.156671       119254.455348
           53.210000            0.000019            0.000000            0.000010           -0.005498            0.000000            0.010220          -48.446651           -0.045662           -0.000000           -0.024563           13.325661           -0.000000          -24.771804       117430.003231
           53.230000            0.000019            0.000000            0.000011           -0.005799            0.000000            0.010052          -47.651210           -0.044912           -0.000000           -0.025908           14.055549           -0.000000          -24.365078       115501.931637
           53.250000            0.000018            0.000000            0.000011           -0.006095            0.000000            0.009875          -46.813722           -0.044122           -0.000000           -0.027231           14.773036           -0.000000          -23.936852       113471.941883
           53.270000            0.000018            0.000000            0.000012           -0.006385            0.000000            0.009690          -45.934926           -0.043294           -0.000000           -0.028529           15.477486           -0.000000          -23.487505       111341.825220
           53.290000            0.000018            0.000000            0.000012           -0.006670            0.000000            0.009496          -45.015598           -0.042428           -0.000000           -0.029803           16.168280           -0.000000          -23.017433       109113.461248
           53.310000            0.000017            0.000000            0.000013           -0.006949            0.000000            0.009294          -44.056548           -0.041524           -0.000000           -0.031050           16.844806           -0.000000          -22.527050       106788.816262
           53.330000            0.000017            0.000000            0.000013           -0.007222            0.000000            0.009083          -43.058622           -0.040583           -0.000000           -0.032269           17.506469           -0.000000          -22.016790       104369.941512
           53.350000            0.000016            0.000000            0.000014           -0.007489            0.000000            0.008865          -42.022702           -0.039607           -0.000000           -0.033461           18.152684           -0.000000          -21.487102       101858.971400
           53.370000            0.000016            0.000000            0.000014           -0.007749            0.000000            0.008638          -40.949702           -0.038596           -0.000000           -0.034622           18.782882           -0.000000          -20.938454        99258.121588
           53.390000            0.000015            0.000000            0.000015           -0.008002            0.000000            0.008404          -39.840567           -0.037550           -0.000000           -0.035753           19.396505           -0.000000          -20.371330        96569.687049
           53.410000            0.000015            0.000000            0.000015           -0.008248            0.000000            0.008163          -38.696278           -0.036472           -0.000000           -0.036853           19.993013           -0.000000          -19.786230        93796.040042
           53.430000            0.000015            0.000000            0.000016           -0.008487            0.000000            0.007914          -37.517843           -0.035361           -0.000000           -0.037920           20.571880           -0.000000          -19.183671        90939.628013
           53.460000            0.000014            0.000000            0.000016           -0.008831            0.000000            0.007528          -35.688451           -0.033637           -0.000000           -0.039457           21.405988           -0.000000          -18.248264        86505.358529
           53.480000            0.000013            0.000000            0.000017           -0.009051            0.000000            0.007263          -34.429266           -0.032450           -0.000000           -0.040439           21.938551           -0.000000          -17.604416        83453.215314
           53.500000            0.000013            0.000000            0.000017           -0.009263            0.000000            0.006991          -33.139701           -0.031235           -0.000000           -0.041385           22.451755           -0.000000          -16.945034        80327.433520
           53.520000            0.000012            0.000000            0.000017           -0.009466            0.000000            0.006713          -31.820893           -0.029992           -0.000000           -0.042294           22.945148           -0.000000          -16.270700        77130.771317
           53.540000            0.000012            0.000000            0.000018           -0.009661            0.000000            0.006428          -30.474007           -0.028722           -0.000000           -0.043167           23.418294           -0.000000          -15.582008        73866.049418
           53.560000            0.000011            0.000000            0.000018           -0.009848            0.000000            0.006139          -29.100231           -0.027427           -0.000000           -0.044001           23.870776           -0.000000          -14.879567        70536.148594
           53.580000            0.000011            0.000000            0.000018           -0.010026            0.000000            0.005843          -27.700777           -0.026108           -0.000000           -0.044796           24.302195           -0.000000          -14.163997        67144.007127
           53.600000            0.000010            0.000000            0.000019           -0.010195            0.000000            0.005543          -26.276880           -0.024766           -0.000000           -0.045552           24.712170           -0.000000          -13.435928        63692.618222
           53.620000            0.000010            0.000000            0.000019           -0.010355            0.000000            0.005238          -24.829796           -0.023402           -0.000000           -0.046267           25.100338           -0.000000          -12.696003        60185.027360
           53.640000            0.000009            0.000000            0.000019           -0.010506            0.000000            0.004928          -23.360803           -0.022018           -0.000000           -0.046942           25.466359           -0.000000          -11.944876        56624.329619
           53.660000            0.000009            0.000000            0.000020           -0.010648            0.000000            0.004614          -21.871196           -0.020614           -0.000000           -0.047575           25.809908           -0.000000          -11.183208        53013.666935
           53.680000            0.000008            0.000000            0.000020           -0.010780            0.000000            0.004295          -20.362290           -0.019192           -0.000000           -0.048166           26.130682           -0.000000          -10.411672        49356.225332
           53.700000            0.000007            0.000000            0.000020           -0.010903            0.000000            0.003973          -18.835417           -0.017753           -0.000000           -0.048715           26.428399           -0.000000           -9.630950        45655.232115
           53.710000            0.000007            0.000000            0.000020           -0.010961            0.000000            0.003811          -18.065663           -0.017027           -0.000000           -0.048973           26.568528           -0.000000           -9.237358        43789.422770
           53.730000            0.000006            0.000000            0.000020           -0.011069            0.000000            0.003484          -16.514369           -0.015565           -0.000000           -0.049458           26.831173           -0.000000           -8.444149        40029.236601
           53.750000            0.000006            0.000000            0.000021           -0.011168            0.000000            0.003153          -14.948504           -0.014089           -0.000000           -0.049898           27.070142           -0.000000           -7.643488        36233.728891
           53.770000            0.000005            0.000000            0.000021           -0.011257            0.000000            0.002820          -13.369447           -0.012601           -0.000000           -0.050294           27.285224           -0.000000           -6.836083        32406.248773
           53.790000            0.000005            0.000000            0.000021           -0.011336            0.000000            0.002485          -11.778594           -0.011101           -0.000000           -0.050647           27.476230           -0.000000           -6.022646        28550.173591
           53.810000            0.000004            0.000000            0.000021           -0.011404            0.000000            0.002147          -10.177347           -0.009592           -0.000000           -0.050954           27.642991           -0.000000           -5.203894        24668.905919
           53.830000            0.000003            0.000000            0.000021           -0.011463            0.000000            0.001807           -8.567120           -0.008075           -0.000000           -0.051216           27.785361           -0.000000           -4.380551        20765.870563
           53.850000            0.000003            0.000000            0.000021           -0.011512            0.000000            0.001466           -6.949333           -0.006550           -0.000000           -0.051434           27.903212           -0.000000           -3.553342        16844.511538
           53.870000            0.000002            0.000000            0.000021           -0.011550            0.000000            0.001123           -5.325414           -0.005019           -0.000000           -0.051605           27.996442           -0.000000           -2.722997        12908.289024
           53.890000            0.000001            0.000000            0.000021           -0.011578            0.000000            0.000780           -3.696796           -0.003484           -0.000000           -0.051732           28.064968           -0.000000           -1.890250         8960.676319
           53.910000            0.000001            0.000000            0.000021           -0.011596            0.000000            0.000436           -2.064916           -0.001946           -0.000000           -0.051812           28.108730           -0.000000           -1.055835         5005.156771
           53.930000            0.000000            0.000000            0.000021           -0.011604            0.000000            0.000091           -0.431214           -0.000406           -0.000000           -0.051847           28.127689           -0.000000           -0.220489         1045.220705
           53.950000           -0.000000            0.000000            0.000021           -0.011602           -0.000000           -0.000254            1.202869            0.001134           -0.000000           -0.051837           28.121828            0.000000            0.615052        -2915.637657
           53.970000           -0.000001            0.000000            0.000021           -0.011589           -0.000000           -0.000598            2.835890            0.002673           -0.000000           -0.051780           28.091152            0.000000            1.450051        -6873.923279
           53.990000           -0.000002            0.000000            0.000021           -0.011566           -0.000000           -0.000942            4.466409            0.004210           -0.000000           -0.051678           28.035689            0.000000            2.283770       -10826.143396
           54.010000           -0.000002            0.000000            0.000021           -0.011533           -0.000000           -0.001285            6.092986            0.005743           -0.000000           -0.051530           27.955488            0.000000            3.115474       -14768.810594
           54.030000           -0.000003            0.000000            0.000021           -0.011490           -0.000000           -0.001627            7.714188            0.007271           -0.000000           -0.051337           27.850619            0.000000            3.944428       -18698.445888
           54.050000           -0.000004            0.000000            0.000021           -0.011437           -0.000000           -0.001968            9.328582            0.008792           -0.000000           -0.051098           27.721174            0.000000            4.769902       -22611.581794
           54.070000           -0.000004            0.000000            0.000021           -0.011373           -0.000000           -0.002307           10.934745            0.010306           -0.000000           -0.050814           27.567269            0.000000            5.591168       -26504.765386
           54.090000           -0.000005            0.000000            0.000021           -0.011300           -0.000000           -0.002643           12.531259            0.011811           -0.000000           -0.050486           27.389039            0.000000            6.407499       -30374.561344
           54.110000           -0.000005            0.000000            0.000021           -0.011216           -0.000000           -0.002978           14.116716            0.013305           -0.000000           -0.050113           27.186640            0.000000            7.218177       -34217.554986
           54.130000           -0.000006            0.000000            0.000021           -0.011123           -0.000000           -0.003310           15.689716            0.014788           -0.000000           -0.049695           26.960252            0.000000            8.022485       -38030.355277
           54.150000           -0.000007            0.000000            0.000020           -0.011019           -0.000000           -0.003639           17.248871            0.016257           -0.000000           -0.049234           26.710075            0.000000            8.819715       -41809.597828
           54.170000           -0.000007            0.000000            0.000020           -0.010907           -0.000000           -0.003964           18.792806            0.017712           -0.000000           -0.048730           26.436329            0.000000            9.609162       -45551.947860
           54.190000           -0.000008            0.000000            0.000020           -0.010784           -0.000000           -0.004287           20.320159            0.019152           -0.000000           -0.048182           26.139256            0.000000           10.390130       -49254.103146
           54.210000           -0.000008            0.000000            0.000020           -0.010652           -0.000000           -0.004605           21.829581            0.020575           -0.000000           -0.047592           25.819117            0.000000           11.161929       -52912.796930
           54.230000           -0.000009            0.000000            0.000019           -0.010510           -0.000000           -0.004919           23.319741            0.021979           -0.000000           -0.046960           25.476196            0.000000           11.923880       -56524.800802
           54.250000           -0.000010            0.000000            0.000019           -0.010360           -0.000000           -0.005229           24.789324            0.023364           -0.000000           -0.046286           25.110795            0.000000           12.675309       -60086.927556
           54.270000           -0.000010            0.000000            0.000019           -0.010200           -0.000000           -0.005535           26.237033            0.024729           -0.000000           -0.045572           24.723236            0.000000           13.415553       -63596.033991
           54.300000           -0.000011            0.000000            0.000018           -0.009943           -0.000000           -0.005984           28.364794            0.026734           -0.000000           -0.044425           24.101106            0.000000           14.503523       -68753.520613
           54.320000           -0.000012            0.000000            0.000018           -0.009761           -0.000000           -0.006276           29.752274            0.028042           -0.000000           -0.043612           23.659692            0.000000           15.212971       -72116.638503
           54.340000           -0.000012            0.000000            0.000018           -0.009570           -0.000000           -0.006563           31.113501            0.029325           -0.000000           -0.042759           23.197400            0.000000           15.908995       -75416.121138
           54.360000           -0.000013            0.000000            0.000017           -0.009371           -0.000000           -0.006845           32.447273            0.030582           -0.000000           -0.041870           22.714639            0.000000           16.590981       -78649.057073
           54.380000           -0.000013            0.000000            0.000017           -0.009164           -0.000000           -0.007120           33.752415            0.031812           -0.000000           -0.040943           22.211835            0.000000           17.258328       -81812.593587
           54.400000           -0.000014            0.000000            0.000016           -0.008948           -0.000000           -0.007389           35.027773            0.033014           -0.000000           -0.039980           21.689431            0.000000           17.910446       -84903.939197
           54.420000           -0.000014            0.000000            0.000016           -0.008725           -0.000000           -0.007652           36.272223            0.034187           -0.000000           -0.038982           21.147889            0.000000           18.546760       -87920.366118
           54.440000           -0.000015            0.000000            0.000016           -0.008494           -0.000000           -0.007907           37.484667            0.035330           -0.000000           -0.037949           20.587685            0.000000           19.166708       -90859.212675
           54.460000           -0.000015            0.000000            0.000015           -0.008255           -0.000000           -0.008156           38.664035            0.036441           -0.000000           -0.036883           20.009316            0.000000           19.769744       -93717.885648
           54.480000           -0.000015            0.000000            0.000015           -0.008009           -0.000000           -0.008398           39.809285            0.037521           -0.000000           -0.035784           19.413290            0.000000           20.355335       -96493.862564
           54.500000           -0.000016            0.000000            0.000014           -0.007756           -0.000000           -0.008632           40.919408            0.038567           -0.000000           -0.034654           18.800134            0.000000           20.922964       -99184.693918
           54.520000           -0.000016            0.000000            0.000014           -0.007496           -0.000000           -0.008858           41.993425            0.039579           -0.000000           -0.033493           18.170389            0.000000           21.472132      -101788.005337
           54.540000           -0.000017            0.000000            0.000013           -0.007230           -0.000000           -0.009077           43.030386            0.040557           -0.000000           -0.032303           17.524611            0.000000           22.002352      -104301.499677
           54.560000           -0.000017            0.000000            0.000013           -0.006957           -0.000000           -0.009288           44.029378            0.041498           -0.000000           -0.031084           16.863369            0.000000           22.513158      -106722.959047
           54.580000           -0.000017            0.000000            0.000012           -0.006678           -0.000000           -0.009491           44.989518            0.042403           -0.000000           -0.029838           16.187247            0.000000           23.004098      -109050.246765
           54.600000           -0.000018            0.000000            0.000012           -0.006393           -0.000000           -0.009685           45.909960            0.043271           -0.000000           -0.028565           15.496841            0.000000           23.474740      -111281.309249
           54.620000           -0.000018            0.000000            0.000011           -0.006103           -0.000000           -0.009870           46.789891            0.044100           -0.000000           -0.027267           14.792761            0.000000           23.924667      -113414.177824
           54.640000           -0.000019            0.000000            0.000011           -0.005807           -0.000000           -0.010047           47.628536            0.044890           -0.000000           -0.025945           14.075628            0.000000           24.353484      -115446.970459
           54.660000           -0.000019            0.000000            0.000010           -0.005506           -0.000000           -0.010215           48.425153            0.045641           -0.000000           -0.024601           13.346075            0.000000           24.760811      -117377.893432
           54.680000           -0.000019            0.000000            0.000010           -0.005200           -0.000000           -0.010374           49.179040            0.046352           -0.000000           -0.023234           12.604745            0.000000           25.146290      -119205.242909
           54.700000           -0.000019            0.000000            0.000009           -0.004890           -0.000000           -0.010524           49.889532            0.047021           -0.000000           -0.021847           11.852293            0.000000           25.509579      -120927.406449
           54.720000           -0.000020            0.000000            0.000008           -0.004575           -0.000000           -0.010665           50.556001            0.047650           -0.000000           -0.020441           11.089383            0.000000           25.850359      -122542.864424
           54.730000           -0.000020            0.000000            0.000008           -0.004416           -0.000000           -0.010732           50.872543            0.047948           -0.000000           -0.019731           10.704216            0.000000           26.012213      -123310.129654
           54.750000           -0.000020            0.000000            0.000008           -0.004095           -0.000000           -0.010858           51.471888            0.048513           -0.000000           -0.018298            9.926883            0.000000           26.318672      -124762.886298
           54.770000           -0.000020            0.000000            0.000007           -0.003771           -0.000000           -0.010975           52.025816            0.049035           -0.000000           -0.016849            9.140790            0.000000           26.601907      -126105.552977
           54.790000           -0.000020            0.000000            0.000006           -0.003443           -0.000000           -0.011082           52.533836            0.049514           -0.000000           -0.015385            8.346632            0.000000           26.861668      -127336.944929
           54.810000           -0.000021            0.000000            0.000006           -0.003113           -0.000000           -0.011179           52.995501            0.049949           -0.000000           -0.013908            7.545109            0.000000           27.097727      -128455.975582
           54.830000           -0.000021            0.000000            0.000005           -0.002779           -0.000000           -0.011267           53.410403            0.050340           -0.000000           -0.012418            6.736928            0.000000           27.309875      -129461.657510
           54.850000           -0.000021            0.000000            0.000005           -0.002443           -0.000000           -0.011344           53.778175            0.050687           -0.000000           -0.010917            5.922802            0.000000           27.497925      -130353.103307
           54.870000           -0.000021            0.000000            0.000004           -0.002105           -0.000000           -0.011412           54.098495            0.050988           -0.000000           -0.009407            5.103450            0.000000           27.661712      -131129.526366
           54.890000           -0.000021            0.000000            0.000003           -0.001766           -0.000000           -0.011470           54.371078            0.051245           -0.000000           -0.007889            4.279595            0.000000           27.801089      -131790.241576
           54.910000           -0.000021            0.000000            0.000003           -0.001424           -0.000000           -0.011517           54.595684            0.051457           -0.000000           -0.006363            3.451963            0.000000           27.915935      -132334.665928
           54.930000           -0.000021            0.000000            0.000002           -0.001081           -0.000000           -0.011554           54.772116            0.051623           -0.000000           -0.004832            2.621286            0.000000           28.006148      -132762.319023
           54.950000           -0.000021            0.000000            0.000001           -0.000738           -0.000000           -0.011581           54.900217            0.051744           -0.000000           -0.003296            1.788295            0.000000           28.071649      -133072.823505
           54.970000           -0.000021            0.000000            0.000001           -0.000393           -0.000000           -0.011598           54.979874            0.051819           -0.000000           -0.001758            0.953727            0.000000           28.112380      -133265.905385
           54.990000           -0.000021            0.000000            0.000000           -0.000049           -0.000000           -0.011605           55.011018            0.051848           -0.000000           -0.000218            0.118317            0.000000           28.128304      -133341.394289
           55.010000           -0.000021           -0.000000           -0.000001            0.000296           -0.000000           -0.011601           54.993620            0.051832            0.000000            0.001322           -0.717197            0.000000           28.119408      -133299.223608
           55.030000           -0.000021           -0.000000           -0.000001            0.000640           -0.000000           -0.011587           54.927696            0.051770            0.000000            0.002861           -1.552079            0.000000           28.085700      -133139.430551
           55.050000           -0.000021           -0.000000           -0.000002            0.000984           -0.000000           -0.011563           54.813305            0.051662            0.000000            0.004397           -2.385591            0.000000           28.027209      -132862.156119
           55.070000           -0.000021           -0.000000           -0.000002            0.001327           -0.000000           -0.011529           54.650546            0.051509            0.000000            0.005930           -3.216998            0.000000           27.943987      -132467.644977
           55.090000           -0.000021           -0.000000           -0.000003            0.001669           -0.000000           -0.011484           54.439564            0.051310            0.000000            0.007457           -4.045566            0.000000           27.836107      -131956.245240
           55.110000           -0.000021           -0.000000           -0.000004            0.002009           -0.000000           -0.011429           54.180545            0.051066            0.000000            0.008978           -4.870565            0.000000           27.703666      -131328.408163
           55.130000           -0.000021           -0.000000           -0.000004            0.002348           -0.000000           -0.011365           53.873717            0.050777            0.000000            0.010491           -5.691266            0.000000           27.546778      -130584.687746
           55.150000           -0.000021           -0.000000           -0.000005            0.002684           -0.000000           -0.011290           53.519352            0.050443            0.000000            0.011994           -6.506944            0.000000           27.365583      -129725.740242
           55.170000           -0.000021           -0.000000           -0.000006            0.003019           -0.000000           -0.011205           53.117761            0.050064            0.000000            0.013487           -7.316882            0.000000           27.160242      -128752.323582
           55.190000           -0.000020           -0.000000           -0.000006            0.003350           -0.000000           -0.011111           52.669300            0.049641            0.000000            0.014968           -8.120362            0.000000           26.930934      -127665.296701
           55.210000           -0.000020           -0.000000           -0.000007            0.003679           -0.000000           -0.011006           52.174364            0.049175            0.000000            0.016436           -8.916678            0.000000           26.677862      -126465.618786
           55.230000           -0.000020           -0.000000           -0.000007            0.004004           -0.000000           -0.010892           51.633389            0.048665            0.000000            0.017889           -9.705125            0.000000           26.401251      -125154.348425
           55.250000           -0.000020           -0.000000           -0.000008            0.004326           -0.000000           -0.010768           51.046854            0.048112            0.000000            0.019327          -10.485009            0.000000           26.101342      -123732.642674
           55.270000           -0.000020           -0.000000           -0.000009            0.004644           -0.000000           -0.010635           50.415274            0.047517            0.000000            0.020747          -11.255641            0.000000           25.778403      -122201.756037
           55.290000           -0.000019           -0.000000           -0.000009            0.004957           -0.000000           -0.010492           49.739209            0.046880            0.000000            0.022150          -12.016340            0.000000           25.432716      -120563.039358
           55.310000           -0.000019           -0.000000           -0.000010            0.005267           -0.000000           -0.010341           49.019255            0.046201            0.000000            0.023532          -12.766437            0.000000           25.064588      -118817.938631
           55.330000           -0.000019           -0.000000           -0.000010            0.005572           -0.000000           -0.010180           48.256046            0.045482            0.000000            0.024894          -13.505269            0.000000           24.674343      -116967.993721
           55.350000           -0.000018           -0.000000           -0.000011            0.005872           -0.000000           -0.010010           47.450256            0.044722            0.000000            0.026234          -14.232184            0.000000           24.262325      -115014.837008
           55.370000           -0.000018           -0.000000           -0.000011            0.006166           -0.000000           -0.009831           46.602596            0.043923            0.000000            0.027551          -14.946540            0.000000           23.828899      -112960.191945
           55.390000           -0.000018           -0.000000           -0.000012            0.006456           -0.000000           -0.009643           45.713815            0.043086            0.000000            0.028843          -15.647708            0.000000           23.374446      -110805.871536
           55.410000           -0.000017           -0.000000           -0.000012            0.006739           -0.000000           -0.009447           44.784696            0.042210            0.000000            0.030110          -16.335068            0.000000           22.899368      -108553.776741
           55.430000           -0.000017           -0.000000           -0.000013            0.007017           -0.000000           -0.009243           43.816059            0.041297            0.000000            0.031351          -17.008014            0.000000           22.404083      -106205.894794
           55.450000           -0.000017           -0.000000           -0.000013            0.007288           -0.000000           -0.009030           42.808759            0.040348            0.000000            0.032563          -17.665952            0.000000           21.889029      -103764.297450
           55.470000           -0.000016           -0.000000           -0.000014            0.007553           -0.000000           -0.008810           41.763685            0.039363            0.000000            0.033747          -18.308303            0.000000           21.354661      -101231.139159
           55.490000           -0.000016           -0.000000           -0.000014            0.007812           -0.000000           -0.008582           40.681759            0.038343            0.000000            0.034902          -18.934498            0.000000           20.801449       -98608.655164
           55.510000           -0.000015           -0.000000           -0.000015            0.008063           -0.000000           -0.008346           39.563936            0.037289            0.000000            0.036025          -19.543985            0.000000           20.229882       -95899.159527
           55.530000           -0.000015           -0.000000           -0.000015            0.008307           -0.000000           -0.008103           38.411202            0.036203            0.000000            0.037117          -20.136227            0.000000           19.640465       -93105.043090
           55.550000           -0.000014           -0.000000           -0.000016            0.008544           -0.000000           -0.007853           37.224574            0.035085            0.000000            0.038176          -20.710701            0.000000           19.033717       -90228.771364
           55.570000           -0.000014           -0.000000           -0.000016            0.008774           -0.000000           -0.007595           36.005099            0.033935            0.000000            0.039201          -21.266899            0.000000           18.410173       -87272.882352
           55.590000           -0.000014           -0.000000           -0.000017            0.008996           -0.000000           -0.007331           34.753854            0.032756            0.000000            0.040192          -21.804332            0.000000           17.770385       -84239.984311
           55.610000           -0.000013           -0.000000           -0.000017            0.009209           -0.000000           -0.007061           33.471942            0.031548            0.000000            0.041147          -22.322525            0.000000           17.114916       -81132.753452
           55.630000           -0.000013           -0.000000           -0.000017            0.009415           -0.000000           -0.006784           32.160494            0.030312            0.000000            0.042066          -22.821021            0.000000           16.444345       -77953.931574
           55.650000           -0.000012           -0.000000           -0.000018            0.009612           -0.000000           -0.006502           30.820668            0.029049            0.000000            0.042947          -23.299380            0.000000           15.759264       -74706.323649
           55.670000           -0.000011           -0.000000           -0.000018            0.009801           -0.000000           -0.006213           29.453647            0.027760            0.000000            0.043791          -23.757179            0.000000           15.060276       -71392.795346
           55.690000           -0.000011           -0.000000           -0.000018            0.009981           -0.000000           -0.005919           28.060636            0.026447            0.000000            0.044596          -24.194015            0.000000           14.348000       -68016.270501
           55.710000           -0.000010           -0.000000           -0.000019            0.010153           -0.000000           -0.005620           26.642864            0.025111            0.000000            0.045362          -24.609503            0.000000           13.623063       -64579.728538
           55.730000           -0.000010           -0.000000           -0.000019            0.010315           -0.000000           -0.005316           25.201582            0.023753            0.000000            0.046088          -25.003275            0.000000           12.886105       -61086.201839
           55.750000           -0.000009           -0.000000           -0.000019            0.010469           -0.000000           -0.005008           23.738063            0.022373            0.000000            0.046773          -25.374985            0.000000           12.137777       -57538.773069
           55.770000           -0.000009           -0.000000           -0.000020            0.010613           -0.000000           -0.004694           22.253598            0.020974            0.000000            0.047417          -25.724304            0.000000           11.378738       -53940.572457
           55.790000           -0.000008           -0.000000           -0.000020            0.010748           -0.000000           -0.004377           20.749496            0.019557            0.000000            0.048019          -26.050924            0.000000           10.609659       -50294.775031
           55.810000           -0.000007           -0.000000           -0.000020            0.010873           -0.000000           -0.004056           19.227085            0.018122            0.000000            0.048579          -26.354556            0.000000            9.831218       -46604.597821
           55.830000           -0.000007           -0.000000           -0.000020            0.010988           -0.000000           -0.003731           17.687708            0.016671            0.000000            0.049096          -26.634934            0.000000            9.044102       -42873.297013
           55.850000           -0.000006           -0.000000           -0.000020            0.011094           -0.000000           -0.003403           16.132724            0.015205            0.000000            0.049569          -26.891809            0.000000            8.249005       -39104.165086
           55.870000           -0.000006           -0.000000           -0.000021            0.011191           -0.000000           -0.003072           14.563504            0.013726            0.000000            0.049999          -27.124955            0.000000            7.446630       -35300.527894
           55.890000           -0.000005           -0.000000           -0.000021            0.011277           -0.000000           -0.002738           12.981434            0.012235            0.000000            0.050385          -27.334166            0.000000            6.637683       -31465.741745
           55.910000           -0.000004           -0.000000           -0.000021            0.011353           -0.000000           -0.002402           11.387909            0.010733            0.000000            0.050726          -27.519258            0.000000            5.822880       -27603.190429
           55.930000           -0.000004           -0.000000           -0.000021            0.011420           -0.000000           -0.002064            9.784335            0.009222            0.000000            0.051022          -27.680067            0.000000            5.002939       -23716.282234
           55.950000           -0.000003           -0.000000           -0.000021            0.011476           -0.000000           -0.001724            8.172127            0.007702            0.000000            0.051274          -27.816451            0.000000            4.178583       -19808.446946
           55.970000           -0.000003           -0.000000           -0.000021            0.011522           -0.000000           -0.001382            6.552709            0.006176            0.000000            0.051480          -27.928290            0.000000            3.350539       -15883.132812
           55.990000           -0.000002           -0.000000           -0.000021            0.011558           -0.000000           -0.001039            4.927508            0.004644            0.000000            0.051641          -28.015485            0.000000            2.519540       -11943.803503
           56.010000           -0.000001           -0.000000           -0.000021            0.011584           -0.000000           -0.000696            3.297959            0.003108            0.000000            0.051756          -28.077960            0.000000            1.686317        -7993.935060
           56.030000           -0.000001           -0.000000           -0.000021            0.011599           -0.000000           -0.000351            1.665501            0.001570            0.000000            0.051825          -28.115658            0.000000            0.851606        -4037.012820
           56.050000           -0.000000           -0.000000           -0.000021            0.011605           -0.000000           -0.000007            0.031572            0.000030            0.000000            0.051849          -28.128548            0.000000            0.016144          -76.528345
           56.070000            0.000001           -0.000000           -0.000021            0.011600            0.000000            0.000338           -1.602384           -0.001510            0.000000            0.051827          -28.116617           -0.000000           -0.819333         3884.023657
           56.090000            0.000001           -0.000000           -0.000021            0.011585            0.000000            0.000682           -3.234926           -0.003049            0.000000            0.051759          -28.079877           -0.000000           -1.654087         7841.148422
           56.110000            0.000002           -0.000000           -0.000021            0.011559            0.000000            0.001026           -4.864614           -0.004585            0.000000            0.051646          -28.018359           -0.000000           -2.487381        11791.354208
           56.130000            0.000003           -0.000000           -0.000021            0.011524            0.000000            0.001369           -6.490009           -0.006117            0.000000            0.051487          -27.932117           -0.000000           -3.318480        15731.155380
           56.150000            0.000003           -0.000000           -0.000021            0.011478            0.000000            0.001711           -8.109678           -0.007643            0.000000            0.051282          -27.821229           -0.000000           -4.146651        19657.075481
           56.170000            0.000004           -0.000000           -0.000021            0.011422            0.000000            0.002051           -9.722190           -0.009163            0.000000            0.051033          -27.685791           -0.000000           -4.971163        23565.650305
           56.190000            0.000004           -0.000000           -0.000021            0.011356            0.000000            0.002389          -11.326124           -0.010675            0.000000            0.050738          -27.525924           -0.000000           -5.791288        27453.430952
           56.210000            0.000005           -0.000000           -0.000021            0.011280            0.000000            0.002725          -12.920064           -0.012177            0.000000            0.050399          -27.341767           -0.000000           -6.606304        31316.986869
           56.230000            0.000006           -0.000000           -0.000021            0.011194            0.000000            0.003059          -14.502603           -0.013669            0.000000            0.050015          -27.133485           -0.000000           -7.415489        35152.908878
           56.250000            0.000006           -0.000000           -0.000020            0.011098            0.000000            0.003390          -16.072345           -0.015148            0.000000            0.049587          -26.901260           -0.000000           -8.218132        38957.812187
           56.270000            0.000007           -0.000000           -0.000020            0.010993            0.000000            0.003719          -17.627905           -0.016614            0.000000            0.049115          -26.645298           -0.000000           -9.013523        42728.339373
           56.290000            0.000007           -0.000000           -0.000020            0.010877            0.000000            0.004043          -19.167910           -0.018066            0.000000            0.048600          -26.365824           -0.000000           -9.800960        46461.163349
           56.310000            0.000008           -0.000000           -0.000020            0.010753            0.000000            0.004365          -20.691002           -0.019502            0.000000            0.048042          -26.063085           -0.000000          -10.579750        50152.990294
           56.330000            0.000009           -0.000000           -0.000020            0.010618            0.000000            0.004682          -22.195836           -0.020920            0.000000            0.047441          -25.737348           -0.000000          -11.349203        53800.562563
           56.350000            0.000009           -0.000000           -0.000019            0.010474            0.000000            0.004996          -23.681084           -0.022320            0.000000            0.046799          -25.388900           -0.000000          -12.108642        57400.661563
           56.370000            0.000010           -0.000000           -0.000019            0.010321            0.000000            0.005304          -25.145437           -0.023700            0.000000            0.046115          -25.018050           -0.000000          -12.857397        60950.110590
           56.390000            0.000010           -0.000000           -0.000019            0.010159            0.000000            0.005609          -26.587601           -0.025059            0.000000            0.045391          -24.625124           -0.000000          -13.594806        64445.777632
           56.410000            0.000011           -0.000000           -0.000018            0.009988            0.000000            0.005908          -28.006305           -0.026396            0.000000            0.044627          -24.210469           -0.000000          -14.320220        67884.578135
           56.430000            0.000011           -0.000000           -0.000018            0.009808            0.000000            0.006202          -29.400296           -0.027710            0.000000            0.043823          -23.774450           -0.000000          -15.032997        71263.477725
           56.450000            0.000012           -0.000000           -0.000018            0.009620            0.000000            0.006491          -30.768344           -0.029000            0.000000            0.042981          -23.317454           -0.000000          -15.732509        74579.494881
           56.470000            0.000012           -0.000000           -0.000017            0.009423            0.000000            0.006773          -32.109243           -0.030263            0.000000            0.042100          -22.839882           -0.000000          -16.418139        77829.703572
           56.490000            0.000013           -0.000000           -0.000017            0.009217            0.000000            0.007050          -33.421809           -0.031500            0.000000            0.041183          -22.342156           -0.000000          -17.089282        81011.235835
           56.510000            0.000013           -0.000000           -0.000017            0.009004            0.000000            0.007321          -34.704883           -0.032710            0.000000            0.040229          -21.824716           -0.000000          -17.745345        84121.284305
           56.530000            0.000014           -0.000000           -0.000016            0.008783            0.000000            0.007585          -35.957334           -0.033890            0.000000            0.039240          -21.288017           -0.000000          -18.385750        87157.104697
           56.550000            0.000014           -0.000000           -0.000016            0.008553            0.000000            0.007843          -37.178057           -0.035041            0.000000            0.038216          -20.732535           -0.000000          -19.009931        90116.018221
           56.570000            0.000015           -0.000000           -0.000015            0.008317            0.000000            0.008093          -38.365973           -0.036160            0.000000            0.037158          -20.158758           -0.000000          -19.617339        92995.413952
           56.590000            0.000015           -0.000000           -0.000015            0.008073            0.000000            0.008337          -39.520036           -0.037248            0.000000            0.036068          -19.567193           -0.000000          -20.207435        95792.751130
           56.610000            0.000016           -0.000000           -0.000014            0.007821            0.000000            0.008573          -40.639227           -0.038303            0.000000            0.034946          -18.958362           -0.000000          -20.779702        98505.561402
           56.630000            0.000016           -0.000000           -0.000014            0.007563            0.000000            0.008801          -41.722558           -0.039324            0.000000            0.033793          -18.332802           -0.000000          -21.333632       101131.451002
           56.650000            0.000017           -0.000000           -0.000013            0.007299            0.000000            0.009022          -42.769073           -0.040310            0.000000            0.032610          -17.691066           -0.000000          -21.868737       103668.102861
           56.670000            0.000017           -0.000000           -0.000013            0.007027            0.000000            0.009235          -43.777849           -0.041261            0.000000            0.031398          -17.033719           -0.000000          -22.384546       106113.278656
           56.690000            0.000017           -0.000000           -0.000012            0.006750            0.000000            0.009440          -44.747996           -0.042175            0.000000            0.030159          -16.361342           -0.000000          -22.880603       108464.820777
           56.710000            0.000018           -0.000000           -0.000012            0.006467            0.000000            0.009636          -45.678658           -0.043053            0.000000            0.028893          -15.674528           -0.000000          -23.356470       110720.654240
           56.730000            0.000018           -0.000000           -0.000011            0.006178            0.000000            0.009824          -46.569012           -0.043892            0.000000            0.027601          -14.973882           -0.000000          -23.811727       112878.788512
           56.750000            0.000018           -0.000000           -0.000011            0.005883            0.000000            0.010003          -47.418275           -0.044692            0.000000            0.026285          -14.260024           -0.000000          -24.245973       114937.319269
           56.770000            0.000019           -0.000000           -0.000010            0.005583            0.000000            0.010173          -48.225696           -0.045453            0.000000            0.024946          -13.533582           -0.000000          -24.658825       116894.430076
           56.790000            0.000019           -0.000000           -0.000010            0.005279            0.000000            0.010335          -48.990563           -0.046174            0.000000            0.023585          -12.795199           -0.000000          -25.049917       118748.393992
           56.810000            0.000019           -0.000000           -0.000009            0.004969            0.000000            0.010487          -49.712202           -0.046854            0.000000            0.022203          -12.045525           -0.000000          -25.418906       120497.575092
           56.830000            0.000020           -0.000000           -0.000009            0.004656            0.000000            0.010630          -50.389974           -0.047493            0.000000            0.020802          -11.285223           -0.000000          -25.765466       122140.429908
           56.850000            0.000020           -0.000000           -0.000008            0.004338            0.000000            0.010763          -51.023283           -0.048090            0.000000            0.019382          -10.514962           -0.000000          -26.089290       123675.508796
           56.870000            0.000020           -0.000000           -0.000007            0.004016            0.000000            0.010887          -51.611568           -0.048644            0.000000            0.017945           -9.735423           -0.000000          -26.390093       125101.457213
           56.890000            0.000020           -0.000000           -0.000007            0.003691            0.000000            0.011002          -52.154313           -0.049156            0.000000            0.016492           -8.947294           -0.000000          -26.667610       126417.016911
           56.910000            0.000020           -0.000000           -0.000006            0.003363            0.000000            0.011107          -52.651036           -0.049624            0.000000            0.015025           -8.151270           -0.000000          -26.921595       127621.027049
           56.930000            0.000021           -0.000000           -0.000006            0.003031            0.000000            0.011202          -53.101301           -0.050049            0.000000            0.013545           -7.348052           -0.000000          -27.151825       128712.425215
           56.950000            0.000021           -0.000000           -0.000005            0.002697            0.000000            0.011287          -53.504710           -0.050429            0.000000            0.012052           -6.538352           -0.000000          -27.358096       129690.248367
           56.970000            0.000021           -0.000000           -0.000004            0.002361            0.000000            0.011362          -53.860906           -0.050765            0.000000            0.010549           -5.722881           -0.000000          -27.540227       130553.633681
           56.990000            0.000021           -0.000000           -0.000004            0.002023            0.000000            0.011427          -54.169576           -0.051055            0.000000            0.009036           -4.902361           -0.000000          -27.698057       131301.819310
           57.010000            0.000021           -0.000000           -0.000003            0.001682            0.000000            0.011482          -54.430446           -0.051301            0.000000            0.007516           -4.077515           -0.000000          -27.831445       131934.145060
           57.030000            0.000021           -0.000000           -0.000002            0.001340            0.000000            0.011527          -54.643288           -0.051502            0.000000            0.005989           -3.249071           -0.000000          -27.940276       132450.052972
           57.050000            0.000021           -0.000000           -0.000002            0.000997            0.000000            0.011562          -54.807913           -0.051657            0.000000            0.004457           -2.417760           -0.000000          -28.024452       132849.087811
           57.070000            0.000021           -0.000000           -0.000001            0.000654            0.000000            0.011586          -54.924176           -0.051767            0.000000            0.002920           -1.584316           -0.000000          -28.083900       133130.897472
           57.090000            0.000021           -0.000000           -0.000001            0.000309            0.000000            0.011601          -54.991974           -0.051831            0.000000            0.001381           -0.749474           -0.000000          -28.118566       133295.233288
           57.110000            0.000021            0.000000            0.000000           -0.000035            0.000000            0.011605          -55.011247           -0.051849           -0.000000           -0.000159            0.086030           -0.000000          -28.128421       133341.950249
           57.130000            0.000021            0.000000            0.000001           -0.000380            0.000000            0.011598          -54.981979           -0.051821           -0.000000           -0.001699            0.921458           -0.000000          -28.113456       133271.007133
           57.150000            0.000021            0.000000            0.000001           -0.000724            0.000000            0.011582          -54.904195           -0.051748           -0.000000           -0.003237            1.756072           -0.000000          -28.073683       133082.466540
           57.170000            0.000021            0.000000            0.000002           -0.001068            0.000000            0.011555          -54.777964           -0.051629           -0.000000           -0.004773            2.589137           -0.000000          -28.009139       132776.494837
           57.190000            0.000021            0.000000            0.000003           -0.001411            0.000000            0.011519          -54.603398           -0.051464           -0.000000           -0.006304            3.419918           -0.000000          -27.919879       132353.362011
           57.210000            0.000021            0.000000            0.000003           -0.001752            0.000000            0.011472          -54.380649           -0.051254           -0.000000           -0.007830            4.247681           -0.000000          -27.805983       131813.441432
           57.230000            0.000021            0.000000            0.000004           -0.002092            0.000000            0.011414          -54.109916           -0.050999           -0.000000           -0.009349            5.071695           -0.000000          -27.667551       131157.209523
           57.250000            0.000021            0.000000            0.000004           -0.002430            0.000000            0.011347          -53.791436           -0.050699           -0.000000           -0.010859            5.891235           -0.000000          -27.504706       130385.245337
           57.270000            0.000021            0.000000            0.000005           -0.002766            0.000000            0.011270          -53.425491           -0.050354           -0.000000           -0.012360            6.705576           -0.000000          -27.317590       129498.230052
           57.290000            0.000021            0.000000            0.000006           -0.003100            0.000000            0.011183          -53.012404           -0.049965           -0.000000           -0.013850            7.514000           -0.000000          -27.106370       128496.946364
           57.310000            0.000020            0.000000            0.000006           -0.003431            0.000000            0.011086          -52.552539           -0.049531           -0.000000           -0.015328            8.315793           -0.000000          -26.871231       127382.277799
           57.330000            0.000020            0.000000            0.000007           -0.003759            0.000000            0.010979          -52.046301           -0.049054           -0.000000           -0.016793            9.110249           -0.000000          -26.612381       126155.207934
           57.350000            0.000020            0.000000            0.000008           -0.004083            0.000000            0.010863          -51.494139           -0.048534           -0.000000           -0.018242            9.896666           -0.000000          -26.330049       124816.819527
           57.370000            0.000020            0.000000            0.000008           -0.004404            0.000000            0.010737          -50.896538           -0.047971           -0.000000           -0.019676           10.674351           -0.000000          -26.024483       123368.293563
           57.390000            0.000020            0.000000            0.000009           -0.004721            0.000000            0.010601          -50.254027           -0.047365           -0.000000           -0.021092           11.442616           -0.000000          -25.695953       121810.908212
           57.410000            0.000019            0.000000            0.000009           -0.005034            0.000000            0.010456          -49.567172           -0.046718           -0.000000           -0.022490           12.200785           -0.000000          -25.344750       120146.037702
           57.430000            0.000019            0.000000            0.000010           -0.005342            0.000000            0.010302          -48.836579           -0.046029           -0.000000           -0.023867           12.948187           -0.000000          -24.971182       118375.151103
           57.450000            0.000019            0.000000            0.000010           -0.005646            0.000000            0.010139          -48.062893           -0.045300           -0.000000           -0.025224           13.684164           -0.000000          -24.575580       116499.811033
           57.470000            0.000018            0.000000            0.000011           -0.005944            0.000000            0.009967          -47.246797           -0.044531           -0.000000           -0.026558           14.408067           -0.000000          -24.158293       114521.672282
           57.490000            0.000018            0.000000            0.000011           -0.006238            0.000000            0.009786          -46.389010           -0.043722           -0.000000           -0.027869           15.119255           -0.000000          -23.719688       112442.480346
           57.510000            0.000018            0.000000            0.000012           -0.006525            0.000000            0.009596          -45.490290           -0.042875           -0.000000           -0.029155           15.817103           -0.000000          -23.260153       110264.069891
           57.530000            0.000017            0.000000            0.000013           -0.006808            0.000000            0.009398          -44.551430           -0.041990           -0.000000           -0.030416           16.500994           -0.000000          -22.780094       107988.363131
           57.550000            0.000017            0.000000            0.000013           -0.007084            0.000000            0.009192          -43.573258           -0.041068           -0.000000           -0.031650           17.170324           -0.000000          -22.279934       105617.368136
           57.570000            0.000017            0.000000            0.000014           -0.007354            0.000000            0.008977          -42.556637           -0.040110           -0.000000           -0.032856           17.824504           -0.000000          -21.760114       103153.177056
           57.590000            0.000016            0.000000            0.000014           -0.007617            0.000000            0.008755          -41.502464           -0.039117           -0.000000           -0.034032           18.462955           -0.000000          -21.221093       100597.964278
           57.610000            0.000016            0.000000            0.000015           -0.007874            0.000000            0.008525          -40.411670           -0.038088           -0.000000           -0.035179           19.085114           -0.000000          -20.663347        97953.984506
           57.630000            0.000015            0.000000            0.000015           -0.008123            0.000000            0.008287          -39.285217           -0.037027           -0.000000           -0.036295           19.690433           -0.000000          -20.087367        95223.570769
           57.650000            0.000015            0.000000            0.000015           -0.008366            0.000000            0.008042          -38.124098           -0.035932           -0.000000           -0.037379           20.278378           -0.000000          -19.493663        92409.132367
           57.670000            0.000014            0.000000            0.000016           -0.008601            0.000000            0.007790          -36.929340           -0.034806           -0.000000           -0.038430           20.848428           -0.000000          -18.882757        89513.152743
           57.690000            0.000014            0.000000            0.000016           -0.008829            0.000000            0.007531          -35.701995           -0.033650           -0.000000           -0.039446           21.400083           -0.000000          -18.255190        86538.187290
           57.710000            0.000013            0.000000            0.000017           -0.009049            0.000000            0.007266          -34.443147           -0.032463           -0.000000           -0.040429           21.932854           -0.000000          -17.611514        83486.861099
           57.730000            0.000013            0.000000            0.000017           -0.009260            0.000000            0.006994          -33.153906           -0.031248           -0.000000           -0.041375           22.446271           -0.000000          -16.952298        80361.866640
           57.750000            0.000012            0.000000            0.000017           -0.009464            0.000000            0.006716          -31.835411           -0.030005           -0.000000           -0.042285           22.939882           -0.000000          -16.278123        77165.961388
           57.770000            0.000012            0.000000            0.000018           -0.009659            0.000000            0.006432          -30.488824           -0.028736           -0.000000           -0.043157           23.413251           -0.000000          -15.589585        73901.965390
           57.790000            0.000011            0.000000            0.000018           -0.009846            0.000000            0.006142          -29.115334           -0.027442           -0.000000           -0.043992           23.865961           -0.000000          -14.887290        70572.758774
           57.810000            0.000011            0.000000            0.000018           -0.010024            0.000000            0.005847          -27.716154           -0.026123           -0.000000           -0.044787           24.297611           -0.000000          -14.171859        67181.279210
           57.830000            0.000010            0.000000            0.000019           -0.010193            0.000000            0.005546          -26.292516           -0.024781           -0.000000           -0.045544           24.707821           -0.000000          -13.443923        63730.519319
           57.850000            0.000010            0.000000            0.000019           -0.010354            0.000000            0.005241          -24.845678           -0.023417           -0.000000           -0.046260           25.096229           -0.000000          -12.704124        60223.524029
           57.870000            0.000009            0.000000            0.000019           -0.010505            0.000000            0.004931          -23.376917           -0.022033           -0.000000           -0.046935           25.462493           -0.000000          -11.953115        56663.387890
           57.890000            0.000009            0.000000            0.000020           -0.010647            0.000000            0.004617          -21.887527           -0.020629           -0.000000           -0.047568           25.806288           -0.000000          -11.191558        53053.252342
           57.910000            0.000008            0.000000            0.000020           -0.010779            0.000000            0.004299          -20.378825           -0.019207           -0.000000           -0.048160           26.127312           -0.000000          -10.420127        49396.302947
           57.930000            0.000007            0.000000            0.000020           -0.010902            0.000000            0.003977          -18.852140           -0.017768           -0.000000           -0.048709           26.425282           -0.000000           -9.639500        45695.766573
           57.950000            0.000007            0.000000            0.000020           -0.011015            0.000000            0.003651          -17.308820           -0.016314           -0.000000           -0.049216           26.699934           -0.000000           -8.850368        41954.908549
           57.970000            0.000006            0.000000            0.000020           -0.011119            0.000000            0.003323          -15.750227           -0.014845           -0.000000           -0.049678           26.951026           -0.000000           -8.053426        38177.029784
           57.990000            0.000006            0.000000            0.000021           -0.011213            0.000000            0.002991          -14.177736           -0.013363           -0.000000           -0.050097           27.178337           -0.000000           -7.249378        34365.463854
           58.010000            0.000005            0.000000            0.000021           -0.011297            0.000000            0.002656          -12.592735           -0.011869           -0.000000           -0.050472           27.381666           -0.000000           -6.438933        30523.574061
           58.030000            0.000004            0.000000            0.000021           -0.011370            0.000000            0.002320          -10.996622           -0.010364           -0.000000           -0.050802           27.560833           -0.000000           -5.622807        26654.750463
           58.050000            0.000004            0.000000            0.000021           -0.011434            0.000000            0.001981           -9.390806           -0.008851           -0.000000           -0.051088           27.715681           -0.000000           -4.801719        22762.406884
           58.070000            0.000003            0.000000            0.000021           -0.011488            0.000000            0.001640           -7.776703           -0.007330           -0.000000           -0.051328           27.846073           -0.000000           -3.976394        18849.977905
           58.090000            0.000002            0.000000            0.000021           -0.011532            0.000000            0.001299           -6.155739           -0.005802           -0.000000           -0.051523           27.951893           -0.000000           -3.147560        14920.915827
           58.110000            0.000002            0.000000            0.000021           -0.011565            0.000000            0.000955           -4.529342           -0.004269           -0.000000           -0.051673           28.033050           -0.000000           -2.315949        10978.687629
           58.130000            0.000001            0.000000            0.000021           -0.011589            0.000000            0.000612           -2.898949           -0.002732           -0.000000           -0.051777           28.089469           -0.000000           -1.482294         7026.771908
           58.150000            0.000000            0.000000            0.000021           -0.011602            0.000000            0.000267           -1.265998           -0.001193           -0.000000           -0.051835           28.121103           -0.000000           -0.647331         3068.655808
           58.170000           -0.000000            0.000000            0.000021           -0.011604           -0.000000           -0.000078            0.368071            0.000347           -0.000000           -0.051848           28.127923            0.000000            0.188202         -892.168053
           58.190000           -0.000001            0.000000            0.000021           -0.011597           -0.000000           -0.000422            2.001814            0.001887           -0.000000           -0.051815           28.109923            0.000000            1.023570        -4852.204671
           58.210000           -0.000001            0.000000            0.000021           -0.011579           -0.000000           -0.000767            3.633792            0.003425           -0.000000           -0.051736           28.067119            0.000000            1.858035        -8807.959735
           58.230000           -0.000002            0.000000            0.000021           -0.011551           -0.000000           -0.001110            5.262562            0.004960           -0.000000           -0.051611           27.999549            0.000000            2.690860       -12755.942713
           58.250000           -0.000003            0.000000            0.000021           -0.011513           -0.000000           -0.001453            6.886689            0.006491           -0.000000           -0.051441           27.907272            0.000000            3.521311       -16692.669928
           58.270000           -0.000003            0.000000            0.000021           -0.011465           -0.000000           -0.001794            8.504740            0.008016           -0.000000           -0.051226           27.790370            0.000000            4.348654       -20614.667640
           58.290000           -0.000004            0.000000            0.000021           -0.011407           -0.000000           -0.002134           10.115286            0.009534           -0.000000           -0.050965           27.648946            0.000000            5.172161       -24518.475101
           58.310000           -0.000005            0.000000            0.000021           -0.011338           -0.000000           -0.002472           11.716906            0.011043           -0.000000           -0.050659           27.483125            0.000000            5.991103       -28400.647618
           58.330000           -0.000005            0.000000            0.000021           -0.011260           -0.000000           -0.002807           13.308187            0.012543           -0.000000           -0.050309           27.293053            0.000000            6.804759       -32257.759587
           58.350000           -0.000006            0.000000            0.000021           -0.011172           -0.000000           -0.003141           14.887725            0.014032           -0.000000           -0.049914           27.078898            0.000000            7.612411       -36086.407517
           58.370000           -0.000006            0.000000            0.000020           -0.011073           -0.000000           -0.003471           16.454126            0.015508           -0.000000           -0.049475           26.840848            0.000000            8.413345       -39883.213034
           58.390000           -0.000007            0.000000            0.000020           -0.010965           -0.000000           -0.003798           18.006009            0.016971           -0.000000           -0.048993           26.579114            0.000000            9.206855       -43644.825860
           58.410000           -0.000008            0.000000            0.000020           -0.010848           -0.000000           -0.004122           19.542003            0.018419           -0.000000           -0.048467           26.293927            0.000000            9.992242       -47367.926774
           58.430000           -0.000008            0.000000            0.000020           -0.010721           -0.000000           -0.004443           21.060753            0.019850           -0.000000           -0.047899           25.985538            0.000000           10.768811       -51049.230535
           58.450000           -0.000009            0.000000            0.000020           -0.010584           -0.000000           -0.004759           22.560919            0.021264           -0.000000           -0.047288           25.654220            0.000000           11.535878       -54685.488784
           58.470000           -0.000009            0.000000            0.000019           -0.010438           -0.000000           -0.005071           24.041178            0.022659           -0.000000           -0.046636           25.300265            0.000000           12.292766       -58273.492910
           58.490000           -0.000010            0.000000            0.000019           -0.010283           -0.000000           -0.005379           25.500223            0.024034           -0.000000           -0.045942           24.923985            0.000000           13.038806       -61810.076882
           58.510000           -0.000010            0.000000            0.000019           -0.010118           -0.000000           -0.005682           26.936766            0.025388           -0.000000           -0.045208           24.525712            0.000000           13.773342       -65292.120041
           58.530000           -0.000011            0.000000            0.000018           -0.009945           -0.000000           -0.005980           28.349541            0.026720           -0.000000           -0.044434           24.105798            0.000000           14.495724       -68716.549854
           58.550000           -0.000012            0.000000            0.000018           -0.009763           -0.000000           -0.006273           29.737301            0.028028           -0.000000           -0.043621           23.664613            0.000000           15.205315       -72080.344626
           58.570000           -0.000012            0.000000            0.000018           -0.009572           -0.000000           -0.006560           31.098820            0.029311           -0.000000           -0.042769           23.202546            0.000000           15.901488       -75380.536168
           58.590000           -0.000013            0.000000            0.000017           -0.009373           -0.000000           -0.006842           32.432898            0.030568           -0.000000           -0.041879           22.720006            0.000000           16.583631       -78614.212410
           58.610000           -0.000013            0.000000            0.000017           -0.009166           -0.000000           -0.007117           33.738357            0.031799           -0.000000           -0.040953           22.217418            0.000000           17.251140       -81778.519978
           58.630000           -0.000014            0.000000            0.000016           -0.008951           -0.000000           -0.007386           35.014046            0.033001           -0.000000           -0.039990           21.695225            0.000000           17.903427       -84870.666708
           58.650000           -0.000014            0.000000            0.000016           -0.008727           -0.000000           -0.007649           36.258839            0.034174           -0.000000           -0.038993           21.153889            0.000000           18.539916       -87887.924109
           58.670000           -0.000015            0.000000            0.000016           -0.008496           -0.000000           -0.007905           37.471637            0.035317           -0.000000           -0.037960           20.593886            0.000000           19.160045       -90827.629772
           58.690000           -0.000015            0.000000            0.000015           -0.008258           -0.000000           -0.008153           38.651371            0.036429           -0.000000           -0.036895           20.015712            0.000000           19.763268       -93687.189721
           58.710000           -0.000015            0.000000            0.000015           -0.008012           -0.000000           -0.008395           39.796999            0.037509           -0.000000           -0.035796           19.419875            0.000000           20.349052       -96464.080697
           58.740000           -0.000016            0.000000            0.000014           -0.007630           -0.000000           -0.008744           41.449289            0.039066           -0.000000           -0.034090           18.494160            0.000000           21.193903      -100469.073264
           58.760000           -0.000017            0.000000            0.000014           -0.007367           -0.000000           -0.008966           42.505298            0.040062           -0.000000           -0.032915           17.856502            0.000000           21.733863      -103028.736577
           58.780000           -0.000017            0.000000            0.000013           -0.007097           -0.000000           -0.009181           43.523800            0.041022           -0.000000           -0.031710           17.203089            0.000000           22.254645      -105497.487997
           58.800000           -0.000017            0.000000            0.000013           -0.006821           -0.000000           -0.009388           44.503897            0.041945           -0.000000           -0.030478           16.534495            0.000000           22.755790      -107873.149113
           58.820000           -0.000018            0.000000            0.000012           -0.006540           -0.000000           -0.009587           45.444725            0.042832           -0.000000           -0.029218           15.851311            0.000000           23.236855      -110153.623659
           58.840000           -0.000018            0.000000            0.000012           -0.006252           -0.000000           -0.009777           46.345452            0.043681           -0.000000           -0.027933           15.154140            0.000000           23.697416      -112336.899357
           58.860000           -0.000018            0.000000            0.000011           -0.005959           -0.000000           -0.009958           47.205284            0.044492           -0.000000           -0.026624           14.443598            0.000000           24.137066      -114421.049700
           58.880000           -0.000019            0.000000            0.000010           -0.005660           -0.000000           -0.010131           48.023463            0.045263           -0.000000           -0.025290           13.720310            0.000000           24.555418      -116404.235647
           58.900000           -0.000019            0.000000            0.000010           -0.005357           -0.000000           -0.010294           48.799266            0.045994           -0.000000           -0.023935           12.984916            0.000000           24.952103      -118284.707246
           58.920000           -0.000019            0.000000            0.000009           -0.005049           -0.000000           -0.010449           49.532009            0.046684           -0.000000           -0.022558           12.238064            0.000000           25.326770      -120060.805183
           58.940000           -0.000020            0.000000            0.000009           -0.004736           -0.000000           -0.010594           50.221045            0.047334           -0.000000           -0.021162           11.480413            0.000000           25.679089      -121730.962240
           58.960000           -0.000020            0.000000            0.000008           -0.004420           -0.000000           -0.010730           50.865766            0.047942           -0.000000           -0.019746           10.712632            0.000000           26.008749      -123293.704680
           58.980000           -0.000020            0.000000            0.000008           -0.004099           -0.000000           -0.010857           51.465604            0.048507           -0.000000           -0.018314            9.935398            0.000000           26.315458      -124747.653551
           58.990000           -0.000020            0.000000            0.000007           -0.003937           -0.000000           -0.010916           51.748525            0.048774           -0.000000           -0.017591            9.543450            0.000000           26.460122      -125433.425693
           59.010000           -0.000020            0.000000            0.000007           -0.003611           -0.000000           -0.011028           52.280057            0.049275           -0.000000           -0.016135            8.753325            0.000000           26.731906      -126721.808979
           59.030000           -0.000021            0.000000            0.000006           -0.003282           -0.000000           -0.011131           52.765458            0.049732           -0.000000           -0.014664            7.955477            0.000000           26.980101      -127898.373759
           59.050000           -0.000021            0.000000            0.000005           -0.002950           -0.000000           -0.011223           53.204299            0.050146           -0.000000           -0.013181            7.150609            0.000000           27.204490      -128962.081838
           59.070000           -0.000021            0.000000            0.000005           -0.002615           -0.000000           -0.011306           53.596193            0.050515           -0.000000           -0.011685            6.339430            0.000000           27.404874      -129911.994608
           59.090000           -0.000021            0.000000            0.000004           -0.002278           -0.000000           -0.011379           53.940794            0.050840           -0.000000           -0.010180            5.522659            0.000000           27.581076      -130747.273872
           59.110000           -0.000021            0.000000            0.000004           -0.001939           -0.000000           -0.011441           54.237797            0.051120           -0.000000           -0.008665            4.701013            0.000000           27.732940      -131467.182585
           59.130000           -0.000021            0.000000            0.000003           -0.001599           -0.000000           -0.011494           54.486942            0.051355           -0.000000           -0.007143            3.875220            0.000000           27.860333      -132071.085503
           59.150000           -0.000021            0.000000            0.000002           -0.001257           -0.000000           -0.011536           54.688008            0.051544           -0.000000           -0.005615            3.046008            0.000000           27.963142      -132558.449747
           59.170000           -0.000021            0.000000            0.000002           -0.000913           -0.000000           -0.011569           54.840818            0.051688           -0.000000           -0.004081            2.214107            0.000000           28.041277      -132928.845271
           59.190000           -0.000021            0.000000            0.000001           -0.000569           -0.000000           -0.011591           54.945236            0.051786           -0.000000           -0.002544            1.380253            0.000000           28.094668      -133181.945238
           59.210000           -0.000021            0.000000            0.000000           -0.000225           -0.000000           -0.011602           55.001171            0.051839           -0.000000           -0.001005            0.545181            0.000000           28.123269      -133317.526316
           59.230000           -0.000021           -0.000000           -0.000000            0.000120           -0.000000           -0.011604           55.008573            0.051846            0.000000            0.000535           -0.290372            0.000000           28.127054      -133335.468868
           59.250000           -0.000021           -0.000000           -0.000001            0.000464           -0.000000           -0.011595           54.967436            0.051807            0.000000            0.002075           -1.125669            0.000000           28.106020      -133235.757063
           59.270000           -0.000021           -0.000000           -0.000001            0.000809           -0.000000           -0.011576           54.877797            0.051723            0.000000            0.003613           -1.959973            0.000000           28.060185      -133018.478884
           59.290000           -0.000021           -0.000000           -0.000002            0.001152           -0.000000           -0.011547           54.739733            0.051593            0.000000            0.005147           -2.792547            0.000000           27.989590      -132683.826058
           59.310000           -0.000021           -0.000000           -0.000003            0.001495           -0.000000           -0.011508           54.553367            0.051417            0.000000            0.006678           -3.622657            0.000000           27.894298      -132232.093879
           59.330000           -0.000021           -0.000000           -0.000003            0.001836           -0.000000           -0.011459           54.318864            0.051196            0.000000            0.008202           -4.449571            0.000000           27.774391      -131663.680954
           59.350000           -0.000021           -0.000000           -0.000004            0.002175           -0.000000           -0.011399           54.036431            0.050930            0.000000            0.009719           -5.272558            0.000000           27.629977      -130979.088845
           59.370000           -0.000021           -0.000000           -0.000005            0.002513           -0.000000           -0.011329           53.706315            0.050619            0.000000            0.011227           -6.090893            0.000000           27.461182      -130178.921633
           59.390000           -0.000021           -0.000000           -0.000005            0.002848           -0.000000           -0.011250           53.328810            0.050263            0.000000            0.012726           -6.903853            0.000000           27.268155      -129263.885381
           59.410000           -0.000021           -0.000000           -0.000006            0.003181           -0.000000           -0.011160           52.904248            0.049863            0.000000            0.014213           -7.710721            0.000000           27.051068      -128234.787509
           59.430000           -0.000020           -0.000000           -0.000006            0.003511           -0.000000           -0.011061           52.433003            0.049419            0.000000            0.015688           -8.510785            0.000000           26.810110      -127092.536088
           59.450000           -0.000020           -0.000000           -0.000007            0.003838           -0.000000           -0.010952           51.915492            0.048931            0.000000            0.017149           -9.303340            0.000000           26.545496      -125838.139033
           59.470000           -0.000020           -0.000000           -0.000008            0.004162           -0.000000           -0.010833           51.352171            0.048400            0.000000            0.018594          -10.087685            0.000000           26.257458      -124472.703215
           59.490000           -0.000020           -0.000000           -0.000008            0.004482           -0.000000           -0.010704           50.743537            0.047826            0.000000            0.020024          -10.863129            0.000000           25.946250      -122997.433487
           59.510000           -0.000019           -0.000000           -0.000009            0.004798           -0.000000           -0.010566           50.090128            0.047211            0.000000            0.021436          -11.628988            0.000000           25.612148      -121413.631617
           59.530000           -0.000019           -0.000000           -0.000009            0.005109           -0.000000           -0.010419           49.392519            0.046553            0.000000            0.022828          -12.384585            0.000000           25.255446      -119722.695141
           59.550000           -0.000019           -0.000000           -0.000010            0.005417           -0.000000           -0.010263           48.651326            0.045854            0.000000            0.024201          -13.129254            0.000000           24.876458      -117926.116131
           59.570000           -0.000019           -0.000000           -0.000011            0.005719           -0.000000           -0.010098           47.867204            0.045115            0.000000            0.025552          -13.862338            0.000000           24.475520      -116025.479876
           59.590000           -0.000018           -0.000000           -0.000011            0.006016           -0.000000           -0.009923           47.040844            0.044337            0.000000            0.026881          -14.583189            0.000000           24.052985      -114022.463487
           59.610000           -0.000018           -0.000000           -0.000012            0.006308           -0.000000           -0.009740           46.172976            0.043519            0.000000            0.028186          -15.291173            0.000000           23.609225      -111918.834411
           59.630000           -0.000018           -0.000000           -0.000012            0.006595           -0.000000           -0.009548           45.264365            0.042662            0.000000            0.029466          -15.985664            0.000000           23.144633      -109716.448877
           59.650000           -0.000017           -0.000000           -0.000013            0.006876           -0.000000           -0.009348           44.315813            0.041768            0.000000            0.030720          -16.666049            0.000000           22.659618      -107417.250257
           59.670000           -0.000017           -0.000000           -0.000013            0.007150           -0.000000           -0.009140           43.328157            0.040837            0.000000            0.031947          -17.331728            0.000000           22.154609      -105023.267347
           59.690000           -0.000016           -0.000000           -0.000014            0.007419           -0.000000           -0.008924           42.302268            0.039870            0.000000            0.033146          -17.982114            0.000000           21.630050      -102536.612584
           59.710000           -0.000016           -0.000000           -0.000014            0.007680           -0.000000           -0.008699           41.239052            0.038868            0.000000            0.034316          -18.616633            0.000000           21.086405       -99959.480175
           59.730000           -0.000016           -0.000000           -0.000015            0.007935           -0.000000           -0.008467           40.139448            0.037832            0.000000            0.035455          -19.234724            0.000000           20.524154       -97294.144165
           59.750000           -0.000015           -0.000000           -0.000015            0.008183           -0.000000           -0.008228           39.004424            0.036762            0.000000            0.036563          -19.835843            0.000000           19.943792       -94542.956430
           59.770000           -0.000015           -0.000000           -0.000016            0.008424           -0.000000           -0.007981           37.834983            0.035660            0.000000            0.037639          -20.419458            0.000000           19.345832       -91708.344600
           59.790000           -0.000014           -0.000000           -0.000016            0.008658           -0.000000           -0.007728           36.632157            0.034526            0.000000            0.038681          -20.985056            0.000000           18.730801       -88792.809918
           59.810000           -0.000014           -0.000000           -0.000016            0.008883           -0.000000           -0.007467           35.397007            0.033362            0.000000            0.039690          -21.532136            0.000000           18.099243       -85798.925034
           59.830000           -0.000013           -0.000000           -0.000017            0.009101           -0.000000           -0.007200           34.130622            0.032168            0.000000            0.040663          -22.060217            0.000000           17.451713       -82729.331731
           59.850000           -0.000013           -0.000000           -0.000017            0.009311           -0.000000           -0.006926           32.834121            0.030947            0.000000            0.041601          -22.568832            0.000000           16.788785       -79586.738599
           59.870000           -0.000012           -0.000000           -0.000018            0.009513           -0.000000           -0.006647           31.508648            0.029697            0.000000            0.042502          -23.057533            0.000000           16.111042       -76373.918643
           59.890000           -0.000012           -0.000000           -0.000018            0.009706           -0.000000           -0.006361           30.155371            0.028422            0.000000            0.043365          -23.525887            0.000000           15.419083       -73093.706833
           59.910000           -0.000011           -0.000000           -0.000018            0.009890           -0.000000           -0.006070           28.775485            0.027121            0.000000            0.044190          -23.973483            0.000000           14.713518       -69748.997608
           59.930000           -0.000011           -0.000000           -0.000019            0.010066           -0.000000           -0.005774           27.370209            0.025797            0.000000            0.044976          -24.399924            0.000000           13.994970       -66342.742317
           59.950000           -0.000010           -0.000000           -0.000019            0.010233           -0.000000           -0.005472           25.940781            0.024449            0.000000            0.045722          -24.804835            0.000000           13.264073       -62877.946618
           59.970000           -0.000010           -0.000000           -0.000019            0.010391           -0.000000           -0.005166           24.488462            0.023081            0.000000            0.046428          -25.187859            0.000000           12.521472       -59357.667824
           59.990000           -0.000009           -0.000000           -0.000019            0.010540           -0.000000           -0.004855           23.014536            0.021691            0.000000            0.047093          -25.548657            0.000000           11.767822       -55785.012207
